study,region,sample,cell_type,cell_type_clean,sample_id
Choudhury2022_Brain,Brain,MSC1,Malignant,Malignant,Choudhury2022_Brain::MSC1
Choudhury2022_Brain,Brain,MSC1,Monocyte,Monocyte,Choudhury2022_Brain::MSC1
Choudhury2022_Brain,Brain,MSC1,Pericyte,Pericyte,Choudhury2022_Brain::MSC1
Choudhury2022_Brain,Brain,MSC1,T_cell,T cell,Choudhury2022_Brain::MSC1
Choudhury2022_Brain,Brain,MSC1,Glia,Glia,Choudhury2022_Brain::MSC1
Choudhury2022_Brain,Brain,MSC1,Endothelial,Endothelial,Choudhury2022_Brain::MSC1
Choudhury2022_Brain,Brain,MSC2,Monocyte,Monocyte,Choudhury2022_Brain::MSC2
Choudhury2022_Brain,Brain,MSC2,Pericyte,Pericyte,Choudhury2022_Brain::MSC2
Choudhury2022_Brain,Brain,MSC2,Malignant,Malignant,Choudhury2022_Brain::MSC2
Choudhury2022_Brain,Brain,MSC2,T_cell,T cell,Choudhury2022_Brain::MSC2
Choudhury2022_Brain,Brain,MSC2,Glia,Glia,Choudhury2022_Brain::MSC2
Choudhury2022_Brain,Brain,MSC2,Endothelial,Endothelial,Choudhury2022_Brain::MSC2
Choudhury2022_Brain,Brain,MSC3,Malignant,Malignant,Choudhury2022_Brain::MSC3
Choudhury2022_Brain,Brain,MSC3,Monocyte,Monocyte,Choudhury2022_Brain::MSC3
Choudhury2022_Brain,Brain,MSC3,Pericyte,Pericyte,Choudhury2022_Brain::MSC3
Choudhury2022_Brain,Brain,MSC3,Endothelial,Endothelial,Choudhury2022_Brain::MSC3
Choudhury2022_Brain,Brain,MSC3,T_cell,T cell,Choudhury2022_Brain::MSC3
Choudhury2022_Brain,Brain,MSC3,Glia,Glia,Choudhury2022_Brain::MSC3
Choudhury2022_Brain,Brain,MSC4,Monocyte,Monocyte,Choudhury2022_Brain::MSC4
Choudhury2022_Brain,Brain,MSC4,Malignant,Malignant,Choudhury2022_Brain::MSC4
Choudhury2022_Brain,Brain,MSC4,Endothelial,Endothelial,Choudhury2022_Brain::MSC4
Choudhury2022_Brain,Brain,MSC4,Pericyte,Pericyte,Choudhury2022_Brain::MSC4
Choudhury2022_Brain,Brain,MSC4,Glia,Glia,Choudhury2022_Brain::MSC4
Choudhury2022_Brain,Brain,MSC4,T_cell,T cell,Choudhury2022_Brain::MSC4
Choudhury2022_Brain,Brain,MSC4-Dura,Malignant,Malignant,Choudhury2022_Brain::MSC4-Dura
Choudhury2022_Brain,Brain,MSC4-Dura,T_cell,T cell,Choudhury2022_Brain::MSC4-Dura
Choudhury2022_Brain,Brain,MSC4-Dura,Pericyte,Pericyte,Choudhury2022_Brain::MSC4-Dura
Choudhury2022_Brain,Brain,MSC4-Dura,Monocyte,Monocyte,Choudhury2022_Brain::MSC4-Dura
Choudhury2022_Brain,Brain,MSC4-Dura,Endothelial,Endothelial,Choudhury2022_Brain::MSC4-Dura
Choudhury2022_Brain,Brain,MSC4-Dura,Glia,Glia,Choudhury2022_Brain::MSC4-Dura
Choudhury2022_Brain,Brain,MSC5,Malignant,Malignant,Choudhury2022_Brain::MSC5
Choudhury2022_Brain,Brain,MSC5,Monocyte,Monocyte,Choudhury2022_Brain::MSC5
Choudhury2022_Brain,Brain,MSC5,Pericyte,Pericyte,Choudhury2022_Brain::MSC5
Choudhury2022_Brain,Brain,MSC5,Glia,Glia,Choudhury2022_Brain::MSC5
Choudhury2022_Brain,Brain,MSC5,Endothelial,Endothelial,Choudhury2022_Brain::MSC5
Choudhury2022_Brain,Brain,MSC5,T_cell,T cell,Choudhury2022_Brain::MSC5
Choudhury2022_Brain,Brain,MSC5-BTI,Malignant,Malignant,Choudhury2022_Brain::MSC5-BTI
Choudhury2022_Brain,Brain,MSC5-BTI,Endothelial,Endothelial,Choudhury2022_Brain::MSC5-BTI
Choudhury2022_Brain,Brain,MSC5-BTI,Glia,Glia,Choudhury2022_Brain::MSC5-BTI
Choudhury2022_Brain,Brain,MSC5-BTI,Monocyte,Monocyte,Choudhury2022_Brain::MSC5-BTI
Choudhury2022_Brain,Brain,MSC5-BTI,Pericyte,Pericyte,Choudhury2022_Brain::MSC5-BTI
Choudhury2022_Brain,Brain,MSC5-BTI,T_cell,T cell,Choudhury2022_Brain::MSC5-BTI
Choudhury2022_Brain,Brain,MSC5-Dura,Glia,Glia,Choudhury2022_Brain::MSC5-Dura
Choudhury2022_Brain,Brain,MSC5-Dura,Endothelial,Endothelial,Choudhury2022_Brain::MSC5-Dura
Choudhury2022_Brain,Brain,MSC5-Dura,T_cell,T cell,Choudhury2022_Brain::MSC5-Dura
Choudhury2022_Brain,Brain,MSC5-Dura,Malignant,Malignant,Choudhury2022_Brain::MSC5-Dura
Choudhury2022_Brain,Brain,MSC5-Dura,Pericyte,Pericyte,Choudhury2022_Brain::MSC5-Dura
Choudhury2022_Brain,Brain,MSC5-Dura,Monocyte,Monocyte,Choudhury2022_Brain::MSC5-Dura
Choudhury2022_Brain,Brain,MSC6,Malignant,Malignant,Choudhury2022_Brain::MSC6
Choudhury2022_Brain,Brain,MSC6,T_cell,T cell,Choudhury2022_Brain::MSC6
Choudhury2022_Brain,Brain,MSC6,Monocyte,Monocyte,Choudhury2022_Brain::MSC6
Choudhury2022_Brain,Brain,MSC6,Glia,Glia,Choudhury2022_Brain::MSC6
Choudhury2022_Brain,Brain,MSC6,Endothelial,Endothelial,Choudhury2022_Brain::MSC6
Choudhury2022_Brain,Brain,MSC6,Pericyte,Pericyte,Choudhury2022_Brain::MSC6
Choudhury2022_Brain,Brain,MSC6-BTI,Pericyte,Pericyte,Choudhury2022_Brain::MSC6-BTI
Choudhury2022_Brain,Brain,MSC6-BTI,T_cell,T cell,Choudhury2022_Brain::MSC6-BTI
Choudhury2022_Brain,Brain,MSC6-BTI,Monocyte,Monocyte,Choudhury2022_Brain::MSC6-BTI
Choudhury2022_Brain,Brain,MSC6-BTI,Malignant,Malignant,Choudhury2022_Brain::MSC6-BTI
Choudhury2022_Brain,Brain,MSC6-BTI,Glia,Glia,Choudhury2022_Brain::MSC6-BTI
Choudhury2022_Brain,Brain,MSC6-BTI,Endothelial,Endothelial,Choudhury2022_Brain::MSC6-BTI
Couturier2020_Brain,Brain,BT363_1of2,Malignant,Malignant,Couturier2020_Brain::BT363_1of2
Couturier2020_Brain,Brain,BT400,Malignant,Malignant,Couturier2020_Brain::BT400
Couturier2020_Brain,Brain,BT368,Malignant,Malignant,Couturier2020_Brain::BT368
Couturier2020_Brain,Brain,BT397_1of2,Malignant,Malignant,Couturier2020_Brain::BT397_1of2
Couturier2020_Brain,Brain,HFA570_total,Malignant,Malignant,Couturier2020_Brain::HFA570_total
Couturier2020_Brain,Brain,BT409,Malignant,Malignant,Couturier2020_Brain::BT409
Couturier2020_Brain,Brain,BT390,Malignant,Malignant,Couturier2020_Brain::BT390
Couturier2020_Brain,Brain,BT322,Malignant,Malignant,Couturier2020_Brain::BT322
Couturier2020_Brain,Brain,BT402,Malignant,Malignant,Couturier2020_Brain::BT402
Couturier2020_Brain,Brain,BT346,Malignant,Malignant,Couturier2020_Brain::BT346
Couturier2020_Brain,Brain,BT397_2of2,Malignant,Malignant,Couturier2020_Brain::BT397_2of2
Couturier2020_Brain,Brain,BT389,Malignant,Malignant,Couturier2020_Brain::BT389
Couturier2020_Brain,Brain,HFA567_cd133,Malignant,Malignant,Couturier2020_Brain::HFA567_cd133
Couturier2020_Brain,Brain,NSC1_cd133,Malignant,Malignant,Couturier2020_Brain::NSC1_cd133
Couturier2020_Brain,Brain,BT333,Malignant,Malignant,Couturier2020_Brain::BT333
Couturier2020_Brain,Brain,HFA570_cd133,Malignant,Malignant,Couturier2020_Brain::HFA570_cd133
Couturier2020_Brain,Brain,BT363-GSC,Malignant,Malignant,Couturier2020_Brain::BT363-GSC
Couturier2020_Brain,Brain,BT338_1of2,Malignant,Malignant,Couturier2020_Brain::BT338_1of2
Couturier2020_Brain,Brain,BT324-GSC,Malignant,Malignant,Couturier2020_Brain::BT324-GSC
Couturier2020_Brain,Brain,HFA571_cd133,Malignant,Malignant,Couturier2020_Brain::HFA571_cd133
Couturier2020_Brain,Brain,BT363_2of2,Malignant,Malignant,Couturier2020_Brain::BT363_2of2
Couturier2020_Brain,Brain,HFA567_total,Malignant,Malignant,Couturier2020_Brain::HFA567_total
Couturier2020_Brain,Brain,HFA571_total,Malignant,Malignant,Couturier2020_Brain::HFA571_total
Couturier2020_Brain,Brain,BT326-GSC,Malignant,Malignant,Couturier2020_Brain::BT326-GSC
Couturier2020_Brain,Brain,BT333-GSC,Malignant,Malignant,Couturier2020_Brain::BT333-GSC
Couturier2020_Brain,Brain,BT407,Malignant,Malignant,Couturier2020_Brain::BT407
Couturier2020_Brain,Brain,BT364_2of2,Malignant,Malignant,Couturier2020_Brain::BT364_2of2
Couturier2020_Brain,Brain,BT368-GSC,Malignant,Malignant,Couturier2020_Brain::BT368-GSC
Couturier2020_Brain,Brain,BT338_2of2,Malignant,Malignant,Couturier2020_Brain::BT338_2of2
Darmanis2017_Brain,Brain,BT_S2,Malignant,Malignant,Darmanis2017_Brain::BT_S2
Darmanis2017_Brain,Brain,BT_S2,Oligodendrocyte,Oligodendrocyte,Darmanis2017_Brain::BT_S2
Darmanis2017_Brain,Brain,BT_S2,OPC,OPC,Darmanis2017_Brain::BT_S2
Darmanis2017_Brain,Brain,BT_S2,Myeloid,Myeloid,Darmanis2017_Brain::BT_S2
Darmanis2017_Brain,Brain,BT_S2,Neuron,Neuron,Darmanis2017_Brain::BT_S2
Darmanis2017_Brain,Brain,BT_S2,Vascular,Vascular,Darmanis2017_Brain::BT_S2
Darmanis2017_Brain,Brain,BT_S2,Astrocyte,Astrocyte,Darmanis2017_Brain::BT_S2
Darmanis2017_Brain,Brain,BT_S1,Oligodendrocyte,Oligodendrocyte,Darmanis2017_Brain::BT_S1
Darmanis2017_Brain,Brain,BT_S1,Myeloid,Myeloid,Darmanis2017_Brain::BT_S1
Darmanis2017_Brain,Brain,BT_S1,Malignant,Malignant,Darmanis2017_Brain::BT_S1
Darmanis2017_Brain,Brain,BT_S1,OPC,OPC,Darmanis2017_Brain::BT_S1
Darmanis2017_Brain,Brain,BT_S1,Astrocyte,Astrocyte,Darmanis2017_Brain::BT_S1
Darmanis2017_Brain,Brain,BT_S1,Vascular,Vascular,Darmanis2017_Brain::BT_S1
Darmanis2017_Brain,Brain,BT_S4,Myeloid,Myeloid,Darmanis2017_Brain::BT_S4
Darmanis2017_Brain,Brain,BT_S4,Malignant,Malignant,Darmanis2017_Brain::BT_S4
Darmanis2017_Brain,Brain,BT_S4,OPC,OPC,Darmanis2017_Brain::BT_S4
Darmanis2017_Brain,Brain,BT_S4,Vascular,Vascular,Darmanis2017_Brain::BT_S4
Darmanis2017_Brain,Brain,BT_S4,Astrocyte,Astrocyte,Darmanis2017_Brain::BT_S4
Darmanis2017_Brain,Brain,BT_S4,Oligodendrocyte,Oligodendrocyte,Darmanis2017_Brain::BT_S4
Darmanis2017_Brain,Brain,BT_S4,Neuron,Neuron,Darmanis2017_Brain::BT_S4
Darmanis2017_Brain,Brain,BT_S6,Vascular,Vascular,Darmanis2017_Brain::BT_S6
Darmanis2017_Brain,Brain,BT_S6,Myeloid,Myeloid,Darmanis2017_Brain::BT_S6
Darmanis2017_Brain,Brain,BT_S6,Malignant,Malignant,Darmanis2017_Brain::BT_S6
Darmanis2017_Brain,Brain,BT_S6,Oligodendrocyte,Oligodendrocyte,Darmanis2017_Brain::BT_S6
Darmanis2017_Brain,Brain,BT_S6,OPC,OPC,Darmanis2017_Brain::BT_S6
Darmanis2017_Brain,Brain,BT_S6,Astrocyte,Astrocyte,Darmanis2017_Brain::BT_S6
Filbin2018_Brain,Brain,BCH1126,Malignant,Malignant,Filbin2018_Brain::BCH1126
Filbin2018_Brain,Brain,BCH1126,Macrophage,Macrophage,Filbin2018_Brain::BCH1126
Filbin2018_Brain,Brain,BCH1126,Oligodendrocyte,Oligodendrocyte,Filbin2018_Brain::BCH1126
Filbin2018_Brain,Brain,BCH836,Malignant,Malignant,Filbin2018_Brain::BCH836
Filbin2018_Brain,Brain,BCH836,Macrophage,Macrophage,Filbin2018_Brain::BCH836
Filbin2018_Brain,Brain,BCH836,Oligodendrocyte,Oligodendrocyte,Filbin2018_Brain::BCH836
Filbin2018_Brain,Brain,BCH869,Malignant,Malignant,Filbin2018_Brain::BCH869
Filbin2018_Brain,Brain,BCH869,Macrophage,Macrophage,Filbin2018_Brain::BCH869
Filbin2018_Brain,Brain,BCH869,Oligodendrocyte,Oligodendrocyte,Filbin2018_Brain::BCH869
Filbin2018_Brain,Brain,MUV01,Malignant,Malignant,Filbin2018_Brain::MUV01
Filbin2018_Brain,Brain,MUV01,Macrophage,Macrophage,Filbin2018_Brain::MUV01
Filbin2018_Brain,Brain,MUV01,Oligodendrocyte,Oligodendrocyte,Filbin2018_Brain::MUV01
Filbin2018_Brain,Brain,MUV10,Malignant,Malignant,Filbin2018_Brain::MUV10
Filbin2018_Brain,Brain,MUV05,Malignant,Malignant,Filbin2018_Brain::MUV05
Filbin2018_Brain,Brain,MUV05,Oligodendrocyte,Oligodendrocyte,Filbin2018_Brain::MUV05
Filbin2018_Brain,Brain,MUV05,Macrophage,Macrophage,Filbin2018_Brain::MUV05
Filbin2018_Brain,Brain,Oligo,Oligodendrocyte,Oligodendrocyte,Filbin2018_Brain::Oligo
Gojo2020_Brain,Brain,BT1030,Malignant,Malignant,Gojo2020_Brain::BT1030
Gojo2020_Brain,Brain,BT1030,Macrophage,Macrophage,Gojo2020_Brain::BT1030
Gojo2020_Brain,Brain,BT1030,OPC,OPC,Gojo2020_Brain::BT1030
Gojo2020_Brain,Brain,BT1313,OPC,OPC,Gojo2020_Brain::BT1313
Gojo2020_Brain,Brain,BT1313,T_cell,T cell,Gojo2020_Brain::BT1313
Gojo2020_Brain,Brain,BT1313,Macrophage,Macrophage,Gojo2020_Brain::BT1313
Gojo2020_Brain,Brain,BT1334,Macrophage,Macrophage,Gojo2020_Brain::BT1334
Gojo2020_Brain,Brain,BT1334,T_cell,T cell,Gojo2020_Brain::BT1334
Gojo2020_Brain,Brain,BT1334,OPC,OPC,Gojo2020_Brain::BT1334
Gojo2020_Brain,Brain,BT1678,Malignant,Malignant,Gojo2020_Brain::BT1678
Gojo2020_Brain,Brain,CPDM0785,Malignant,Malignant,Gojo2020_Brain::CPDM0785
Gojo2020_Brain,Brain,MUV006,Malignant,Malignant,Gojo2020_Brain::MUV006
Gojo2020_Brain,Brain,MUV013,Malignant,Malignant,Gojo2020_Brain::MUV013
Gojo2020_Brain,Brain,MUV014,Malignant,Malignant,Gojo2020_Brain::MUV014
Gojo2020_Brain,Brain,MUV014,OPC,OPC,Gojo2020_Brain::MUV014
Gojo2020_Brain,Brain,MUV018,Malignant,Malignant,Gojo2020_Brain::MUV018
Gojo2020_Brain,Brain,MUV018,Oligodendrocyte,Oligodendrocyte,Gojo2020_Brain::MUV018
Gojo2020_Brain,Brain,MUV018,OPC,OPC,Gojo2020_Brain::MUV018
Gojo2020_Brain,Brain,MUV021,Malignant,Malignant,Gojo2020_Brain::MUV021
Gojo2020_Brain,Brain,MUV038,Malignant,Malignant,Gojo2020_Brain::MUV038
Gojo2020_Brain,Brain,MUV043,Malignant,Malignant,Gojo2020_Brain::MUV043
Gojo2020_Brain,Brain,MUV051,Malignant,Malignant,Gojo2020_Brain::MUV051
Gojo2020_Brain,Brain,MUV051,Oligodendrocyte,Oligodendrocyte,Gojo2020_Brain::MUV051
Gojo2020_Brain,Brain,MUV051,OPC,OPC,Gojo2020_Brain::MUV051
Gojo2020_Brain,Brain,MUV052,OPC,OPC,Gojo2020_Brain::MUV052
Gojo2020_Brain,Brain,MUV052,Malignant,Malignant,Gojo2020_Brain::MUV052
Gojo2020_Brain,Brain,MUV052,Oligodendrocyte,Oligodendrocyte,Gojo2020_Brain::MUV052
Gojo2020_Brain,Brain,MUV052,Macrophage,Macrophage,Gojo2020_Brain::MUV052
Gojo2020_Brain,Brain,MUV053,Malignant,Malignant,Gojo2020_Brain::MUV053
Gojo2020_Brain,Brain,MUV053,OPC,OPC,Gojo2020_Brain::MUV053
Gojo2020_Brain,Brain,MUV056,Malignant,Malignant,Gojo2020_Brain::MUV056
Gojo2020_Brain,Brain,MUV063,Malignant,Malignant,Gojo2020_Brain::MUV063
Gojo2020_Brain,Brain,MUV063,OPC,OPC,Gojo2020_Brain::MUV063
Gojo2020_Brain,Brain,MUV063,Oligodendrocyte,Oligodendrocyte,Gojo2020_Brain::MUV063
Gojo2020_Brain,Brain,MUV063,Macrophage,Macrophage,Gojo2020_Brain::MUV063
Gojo2020_Brain,Brain,MUV068,Malignant,Malignant,Gojo2020_Brain::MUV068
Gojo2020_Brain,Brain,MUV071,Malignant,Malignant,Gojo2020_Brain::MUV071
Gojo2020_Brain,Brain,Peds4,Malignant,Malignant,Gojo2020_Brain::Peds4
Gojo2020_Brain,Brain,Peds4,Oligodendrocyte,Oligodendrocyte,Gojo2020_Brain::Peds4
Gojo2020_Brain,Brain,Peds4,OPC,OPC,Gojo2020_Brain::Peds4
Gojo2020_Brain,Brain,BT1412Nuc,Malignant,Malignant,Gojo2020_Brain::BT1412Nuc
Gojo2020_Brain,Brain,BT1412Nuc,Macrophage,Macrophage,Gojo2020_Brain::BT1412Nuc
Gojo2020_Brain,Brain,BT1480Nuc,Malignant,Malignant,Gojo2020_Brain::BT1480Nuc
Gojo2020_Brain,Brain,MUV043Nuc1,Malignant,Malignant,Gojo2020_Brain::MUV043Nuc1
Gojo2020_Brain,Brain,MUV043Nuc1,Oligodendrocyte,Oligodendrocyte,Gojo2020_Brain::MUV043Nuc1
Gojo2020_Brain,Brain,MUV043Nuc1,Macrophage,Macrophage,Gojo2020_Brain::MUV043Nuc1
Gojo2020_Brain,Brain,MUV043Nuc2,Malignant,Malignant,Gojo2020_Brain::MUV043Nuc2
Gojo2020_Brain,Brain,MUV043Nuc3,OPC,OPC,Gojo2020_Brain::MUV043Nuc3
Neftel2019_Brain,Brain,MGH101,Macrophage,Macrophage,Neftel2019_Brain::MGH101
Neftel2019_Brain,Brain,MGH100,Malignant,Malignant,Neftel2019_Brain::MGH100
Neftel2019_Brain,Brain,MGH101,Malignant,Malignant,Neftel2019_Brain::MGH101
Neftel2019_Brain,Brain,MGH102,Malignant,Malignant,Neftel2019_Brain::MGH102
Neftel2019_Brain,Brain,MGH102,Oligodendrocyte,Oligodendrocyte,Neftel2019_Brain::MGH102
Neftel2019_Brain,Brain,MGH102,Macrophage,Macrophage,Neftel2019_Brain::MGH102
Neftel2019_Brain,Brain,MGH104,Malignant,Malignant,Neftel2019_Brain::MGH104
Neftel2019_Brain,Brain,MGH105,Macrophage,Macrophage,Neftel2019_Brain::MGH105
Neftel2019_Brain,Brain,MGH105,Malignant,Malignant,Neftel2019_Brain::MGH105
Neftel2019_Brain,Brain,MGH105,T_cell,T cell,Neftel2019_Brain::MGH105
Neftel2019_Brain,Brain,MGH105,Oligodendrocyte,Oligodendrocyte,Neftel2019_Brain::MGH105
Neftel2019_Brain,Brain,MGH106,Malignant,Malignant,Neftel2019_Brain::MGH106
Neftel2019_Brain,Brain,MGH106,Macrophage,Macrophage,Neftel2019_Brain::MGH106
Neftel2019_Brain,Brain,MGH106,T_cell,T cell,Neftel2019_Brain::MGH106
Neftel2019_Brain,Brain,MGH110,Oligodendrocyte,Oligodendrocyte,Neftel2019_Brain::MGH110
Neftel2019_Brain,Brain,MGH110,T_cell,T cell,Neftel2019_Brain::MGH110
Neftel2019_Brain,Brain,MGH110,Macrophage,Macrophage,Neftel2019_Brain::MGH110
Neftel2019_Brain,Brain,MGH110,Malignant,Malignant,Neftel2019_Brain::MGH110
Neftel2019_Brain,Brain,MGH113,Malignant,Malignant,Neftel2019_Brain::MGH113
Neftel2019_Brain,Brain,MGH113,Macrophage,Macrophage,Neftel2019_Brain::MGH113
Neftel2019_Brain,Brain,MGH113,T_cell,T cell,Neftel2019_Brain::MGH113
Neftel2019_Brain,Brain,MGH115,Malignant,Malignant,Neftel2019_Brain::MGH115
Neftel2019_Brain,Brain,MGH115,Macrophage,Macrophage,Neftel2019_Brain::MGH115
Neftel2019_Brain,Brain,MGH121,Malignant,Malignant,Neftel2019_Brain::MGH121
Neftel2019_Brain,Brain,MGH121,Oligodendrocyte,Oligodendrocyte,Neftel2019_Brain::MGH121
Neftel2019_Brain,Brain,MGH122,Macrophage,Macrophage,Neftel2019_Brain::MGH122
Neftel2019_Brain,Brain,MGH122,T_cell,T cell,Neftel2019_Brain::MGH122
Neftel2019_Brain,Brain,MGH122,Oligodendrocyte,Oligodendrocyte,Neftel2019_Brain::MGH122
Neftel2019_Brain,Brain,MGH122,Malignant,Malignant,Neftel2019_Brain::MGH122
Neftel2019_Brain,Brain,MGH124,Malignant,Malignant,Neftel2019_Brain::MGH124
Neftel2019_Brain,Brain,MGH124,Macrophage,Macrophage,Neftel2019_Brain::MGH124
Neftel2019_Brain,Brain,MGH124,Oligodendrocyte,Oligodendrocyte,Neftel2019_Brain::MGH124
Neftel2019_Brain,Brain,MGH125,Macrophage,Macrophage,Neftel2019_Brain::MGH125
Neftel2019_Brain,Brain,MGH125,T_cell,T cell,Neftel2019_Brain::MGH125
Neftel2019_Brain,Brain,MGH125,Malignant,Malignant,Neftel2019_Brain::MGH125
Neftel2019_Brain,Brain,MGH125,Oligodendrocyte,Oligodendrocyte,Neftel2019_Brain::MGH125
Neftel2019_Brain,Brain,BT749,Malignant,Malignant,Neftel2019_Brain::BT749
Neftel2019_Brain,Brain,BT771,Malignant,Malignant,Neftel2019_Brain::BT771
Neftel2019_Brain,Brain,BT830,Malignant,Malignant,Neftel2019_Brain::BT830
Neftel2019_Brain,Brain,BT85,Malignant,Malignant,Neftel2019_Brain::BT85
Neftel2019_Brain,Brain,BT85,Oligodendrocyte,Oligodendrocyte,Neftel2019_Brain::BT85
Neftel2019_Brain,Brain,BT1160,Malignant,Malignant,Neftel2019_Brain::BT1160
Neftel2019_Brain,Brain,BT1187,Macrophage,Macrophage,Neftel2019_Brain::BT1187
Neftel2019_Brain,Brain,BT1187,T_cell,T cell,Neftel2019_Brain::BT1187
Neftel2019_Brain,Brain,BT1187,Malignant,Malignant,Neftel2019_Brain::BT1187
Neftel2019_Brain,Brain,BT786,Malignant,Malignant,Neftel2019_Brain::BT786
Neftel2019_Brain,Brain,BT786,Oligodendrocyte,Oligodendrocyte,Neftel2019_Brain::BT786
Neftel2019_Brain,Brain,BT786,Macrophage,Macrophage,Neftel2019_Brain::BT786
Neftel2019_Brain,Brain,BT920,Macrophage,Macrophage,Neftel2019_Brain::BT920
Neftel2019_Brain,Brain,BT920,Malignant,Malignant,Neftel2019_Brain::BT920
Neftel2019_Brain,Brain,BT749,Oligodendrocyte,Oligodendrocyte,Neftel2019_Brain::BT749
Neftel2019_Brain,Brain,BT771,Oligodendrocyte,Oligodendrocyte,Neftel2019_Brain::BT771
Neftel2019_Brain,Brain,BT771,Macrophage,Macrophage,Neftel2019_Brain::BT771
Neftel2019_Brain,Brain,MGH128,Oligodendrocyte,Oligodendrocyte,Neftel2019_Brain::MGH128
Neftel2019_Brain,Brain,MGH128,Malignant,Malignant,Neftel2019_Brain::MGH128
Neftel2019_Brain,Brain,MGH129,Malignant,Malignant,Neftel2019_Brain::MGH129
Neftel2019_Brain,Brain,MGH129,Oligodendrocyte,Oligodendrocyte,Neftel2019_Brain::MGH129
Neftel2019_Brain,Brain,MGH136,Malignant,Malignant,Neftel2019_Brain::MGH136
Neftel2019_Brain,Brain,MGH136,Oligodendrocyte,Oligodendrocyte,Neftel2019_Brain::MGH136
Neftel2019_Brain,Brain,MGH143,Malignant,Malignant,Neftel2019_Brain::MGH143
Neftel2019_Brain,Brain,MGH143,Oligodendrocyte,Oligodendrocyte,Neftel2019_Brain::MGH143
Neftel2019_Brain,Brain,MGH151,Oligodendrocyte,Oligodendrocyte,Neftel2019_Brain::MGH151
Neftel2019_Brain,Brain,MGH151,Malignant,Malignant,Neftel2019_Brain::MGH151
Neftel2019_Brain,Brain,MGH152,Malignant,Malignant,Neftel2019_Brain::MGH152
Neftel2019_Brain,Brain,MGH152,Oligodendrocyte,Oligodendrocyte,Neftel2019_Brain::MGH152
Neftel2019_Brain,Brain,MGH66,Malignant,Malignant,Neftel2019_Brain::MGH66
Neftel2019_Brain,Brain,MGH66,Macrophage,Macrophage,Neftel2019_Brain::MGH66
Tirosh2016_Brain,Brain,MGH36,Macrophage,Macrophage,Tirosh2016_Brain::MGH36
Tirosh2016_Brain,Brain,MGH53,Macrophage,Macrophage,Tirosh2016_Brain::MGH53
Tirosh2016_Brain,Brain,MGH54,Macrophage,Macrophage,Tirosh2016_Brain::MGH54
Tirosh2016_Brain,Brain,MGH54,Malignant,Malignant,Tirosh2016_Brain::MGH54
Tirosh2016_Brain,Brain,MGH53,Malignant,Malignant,Tirosh2016_Brain::MGH53
Tirosh2016_Brain,Brain,MGH36,Malignant,Malignant,Tirosh2016_Brain::MGH36
Tirosh2016_Brain,Brain,MGH60,Malignant,Malignant,Tirosh2016_Brain::MGH60
Tirosh2016_Brain,Brain,MGH97,Malignant,Malignant,Tirosh2016_Brain::MGH97
Tirosh2016_Brain,Brain,MGH93,Malignant,Malignant,Tirosh2016_Brain::MGH93
Venteicher2017_Brain,Brain,MGH57,Macrophage,Macrophage,Venteicher2017_Brain::MGH57
Venteicher2017_Brain,Brain,MGH103,Malignant,Malignant,Venteicher2017_Brain::MGH103
Venteicher2017_Brain,Brain,MGH107,Malignant,Malignant,Venteicher2017_Brain::MGH107
Venteicher2017_Brain,Brain,MGH107,Oligodendrocyte,Oligodendrocyte,Venteicher2017_Brain::MGH107
Venteicher2017_Brain,Brain,MGH107,Macrophage,Macrophage,Venteicher2017_Brain::MGH107
Venteicher2017_Brain,Brain,MGH42,Malignant,Malignant,Venteicher2017_Brain::MGH42
Venteicher2017_Brain,Brain,MGH42,Macrophage,Macrophage,Venteicher2017_Brain::MGH42
Venteicher2017_Brain,Brain,MGH43,Oligodendrocyte,Oligodendrocyte,Venteicher2017_Brain::MGH43
Venteicher2017_Brain,Brain,MGH43,Malignant,Malignant,Venteicher2017_Brain::MGH43
Venteicher2017_Brain,Brain,MGH43,Macrophage,Macrophage,Venteicher2017_Brain::MGH43
Venteicher2017_Brain,Brain,MGH44,Malignant,Malignant,Venteicher2017_Brain::MGH44
Venteicher2017_Brain,Brain,MGH44,Macrophage,Macrophage,Venteicher2017_Brain::MGH44
Venteicher2017_Brain,Brain,MGH44,Oligodendrocyte,Oligodendrocyte,Venteicher2017_Brain::MGH44
Venteicher2017_Brain,Brain,MGH45,Malignant,Malignant,Venteicher2017_Brain::MGH45
Venteicher2017_Brain,Brain,MGH45,Oligodendrocyte,Oligodendrocyte,Venteicher2017_Brain::MGH45
Venteicher2017_Brain,Brain,MGH45,Macrophage,Macrophage,Venteicher2017_Brain::MGH45
Venteicher2017_Brain,Brain,MGH45,T_cell,T cell,Venteicher2017_Brain::MGH45
Venteicher2017_Brain,Brain,MGH56,Malignant,Malignant,Venteicher2017_Brain::MGH56
Venteicher2017_Brain,Brain,MGH56,Oligodendrocyte,Oligodendrocyte,Venteicher2017_Brain::MGH56
Venteicher2017_Brain,Brain,MGH56,Macrophage,Macrophage,Venteicher2017_Brain::MGH56
Venteicher2017_Brain,Brain,MGH57,Malignant,Malignant,Venteicher2017_Brain::MGH57
Venteicher2017_Brain,Brain,MGH61,Malignant,Malignant,Venteicher2017_Brain::MGH61
Venteicher2017_Brain,Brain,MGH61,Macrophage,Macrophage,Venteicher2017_Brain::MGH61
Venteicher2017_Brain,Brain,MGH61,Oligodendrocyte,Oligodendrocyte,Venteicher2017_Brain::MGH61
Venteicher2017_Brain,Brain,MGH64,Malignant,Malignant,Venteicher2017_Brain::MGH64
Venteicher2017_Brain,Brain,MGH64,Macrophage,Macrophage,Venteicher2017_Brain::MGH64
Venteicher2017_Brain,Brain,MGH64,Oligodendrocyte,Oligodendrocyte,Venteicher2017_Brain::MGH64
Venteicher2017_Brain,Brain,MGH64,T_cell,T cell,Venteicher2017_Brain::MGH64
Wang2019_Brain,Brain,SF10022,Malignant,Malignant,Wang2019_Brain::SF10022
Wang2019_Brain,Brain,SF10022,Oligodendrocyte,Oligodendrocyte,Wang2019_Brain::SF10022
Wang2019_Brain,Brain,SF10022,Astrocyte,Astrocyte,Wang2019_Brain::SF10022
Wang2019_Brain,Brain,SF10022,Myeloid,Myeloid,Wang2019_Brain::SF10022
Wang2019_Brain,Brain,SF10127,Malignant,Malignant,Wang2019_Brain::SF10127
Wang2019_Brain,Brain,SF10127,Oligodendrocyte,Oligodendrocyte,Wang2019_Brain::SF10127
Wang2019_Brain,Brain,SF10127,Astrocyte,Astrocyte,Wang2019_Brain::SF10127
Wang2019_Brain,Brain,SF10127,Myeloid,Myeloid,Wang2019_Brain::SF10127
Wang2019_Brain,Brain,SF11979sn,Malignant,Malignant,Wang2019_Brain::SF11979sn
Wang2019_Brain,Brain,SF11979sn,Astrocyte,Astrocyte,Wang2019_Brain::SF11979sn
Wang2019_Brain,Brain,SF11979sn,Myeloid,Myeloid,Wang2019_Brain::SF11979sn
Wang2019_Brain,Brain,SF12090,Malignant,Malignant,Wang2019_Brain::SF12090
Wang2019_Brain,Brain,SF12090,Oligodendrocyte,Oligodendrocyte,Wang2019_Brain::SF12090
Wang2019_Brain,Brain,SF12090,Myeloid,Myeloid,Wang2019_Brain::SF12090
Wang2019_Brain,Brain,SF12090,Endothelial,Endothelial,Wang2019_Brain::SF12090
Wang2019_Brain,Brain,SF12264,Malignant,Malignant,Wang2019_Brain::SF12264
Wang2019_Brain,Brain,SF12264,Oligodendrocyte,Oligodendrocyte,Wang2019_Brain::SF12264
Wang2019_Brain,Brain,SF12264,Astrocyte,Astrocyte,Wang2019_Brain::SF12264
Wang2019_Brain,Brain,SF12264,Myeloid,Myeloid,Wang2019_Brain::SF12264
Wang2019_Brain,Brain,SF12264,Endothelial,Endothelial,Wang2019_Brain::SF12264
Wang2019_Brain,Brain,SF4297,Malignant,Malignant,Wang2019_Brain::SF4297
Wang2019_Brain,Brain,SF4297,Oligodendrocyte,Oligodendrocyte,Wang2019_Brain::SF4297
Wang2019_Brain,Brain,SF4297,Myeloid,Myeloid,Wang2019_Brain::SF4297
Wang2019_Brain,Brain,SF4297,Endothelial,Endothelial,Wang2019_Brain::SF4297
Wang2019_Brain,Brain,SF4297,Astrocyte,Astrocyte,Wang2019_Brain::SF4297
Wang2019_Brain,Brain,SF4400,Malignant,Malignant,Wang2019_Brain::SF4400
Wang2019_Brain,Brain,SF4400,Astrocyte,Astrocyte,Wang2019_Brain::SF4400
Wang2019_Brain,Brain,SF4400,Endothelial,Endothelial,Wang2019_Brain::SF4400
Wang2019_Brain,Brain,SF6996,Oligodendrocyte,Oligodendrocyte,Wang2019_Brain::SF6996
Wang2019_Brain,Brain,SF6996,Myeloid,Myeloid,Wang2019_Brain::SF6996
Wang2019_Brain,Brain,SF6996,Malignant,Malignant,Wang2019_Brain::SF6996
Wang2019_Brain,Brain,SF6996,Astrocyte,Astrocyte,Wang2019_Brain::SF6996
Wang2019_Brain,Brain,SF6996,Endothelial,Endothelial,Wang2019_Brain::SF6996
Wang2019_Brain,Brain,SF9259R,Oligodendrocyte,Oligodendrocyte,Wang2019_Brain::SF9259R
Wang2019_Brain,Brain,SF9259R,Myeloid,Myeloid,Wang2019_Brain::SF9259R
Wang2019_Brain,Brain,SF9259R,Malignant,Malignant,Wang2019_Brain::SF9259R
Wang2019_Brain,Brain,SF9259R,Astrocyte,Astrocyte,Wang2019_Brain::SF9259R
Wang2019_Brain,Brain,SF9259R,Endothelial,Endothelial,Wang2019_Brain::SF9259R
Wang2019_Brain,Brain,SF9259S,Oligodendrocyte,Oligodendrocyte,Wang2019_Brain::SF9259S
Wang2019_Brain,Brain,SF9259S,Myeloid,Myeloid,Wang2019_Brain::SF9259S
Wang2019_Brain,Brain,SF9259S,Malignant,Malignant,Wang2019_Brain::SF9259S
Yuan2018_Brain,Brain,PJ016,Malignant,Malignant,Yuan2018_Brain::PJ016
Yuan2018_Brain,Brain,PJ017,Malignant,Malignant,Yuan2018_Brain::PJ017
Yuan2018_Brain,Brain,PJ017,Myeloid,Myeloid,Yuan2018_Brain::PJ017
Yuan2018_Brain,Brain,PJ017,Endothelial,Endothelial,Yuan2018_Brain::PJ017
Yuan2018_Brain,Brain,PJ017,T_cell,T cell,Yuan2018_Brain::PJ017
Yuan2018_Brain,Brain,PJ018,Malignant,Malignant,Yuan2018_Brain::PJ018
Yuan2018_Brain,Brain,PJ018,Pericyte,Pericyte,Yuan2018_Brain::PJ018
Yuan2018_Brain,Brain,PJ018,Myeloid,Myeloid,Yuan2018_Brain::PJ018
Yuan2018_Brain,Brain,PJ018,Oligodendrocyte,Oligodendrocyte,Yuan2018_Brain::PJ018
Yuan2018_Brain,Brain,PJ025,Malignant,Malignant,Yuan2018_Brain::PJ025
Yuan2018_Brain,Brain,PJ025,Pericyte,Pericyte,Yuan2018_Brain::PJ025
Yuan2018_Brain,Brain,PJ025,Endothelial,Endothelial,Yuan2018_Brain::PJ025
Yuan2018_Brain,Brain,PJ025,Myeloid,Myeloid,Yuan2018_Brain::PJ025
Yuan2018_Brain,Brain,PJ030,Malignant,Malignant,Yuan2018_Brain::PJ030
Yuan2018_Brain,Brain,PJ030,Pericyte,Pericyte,Yuan2018_Brain::PJ030
Yuan2018_Brain,Brain,PJ030,Myeloid,Myeloid,Yuan2018_Brain::PJ030
Yuan2018_Brain,Brain,PJ030,Endothelial,Endothelial,Yuan2018_Brain::PJ030
Yuan2018_Brain,Brain,PJ030,Oligodendrocyte,Oligodendrocyte,Yuan2018_Brain::PJ030
Yuan2018_Brain,Brain,PJ032,Malignant,Malignant,Yuan2018_Brain::PJ032
Yuan2018_Brain,Brain,PJ032,Myeloid,Myeloid,Yuan2018_Brain::PJ032
Yuan2018_Brain,Brain,PJ035,Malignant,Malignant,Yuan2018_Brain::PJ035
Yuan2018_Brain,Brain,PJ035,Endothelial,Endothelial,Yuan2018_Brain::PJ035
Yuan2018_Brain,Brain,PJ035,Myeloid,Myeloid,Yuan2018_Brain::PJ035
Yuan2018_Brain,Brain,PJ048,Malignant,Malignant,Yuan2018_Brain::PJ048
Yuan2018_Brain,Brain,PJ048,Endothelial,Endothelial,Yuan2018_Brain::PJ048
Yuan2018_Brain,Brain,PJ048,Oligodendrocyte,Oligodendrocyte,Yuan2018_Brain::PJ048
Azizi2018_Breast,Breast,BC05_TUMOR1,T_cell,T cell,Azizi2018_Breast::BC05_TUMOR1
Azizi2018_Breast,Breast,BC05_TUMOR1,NK_cell,NK cell,Azizi2018_Breast::BC05_TUMOR1
Azizi2018_Breast,Breast,BC05_TUMOR1,B_cell,B cell,Azizi2018_Breast::BC05_TUMOR1
Azizi2018_Breast,Breast,BC05_TUMOR1,Macrophage,Macrophage,Azizi2018_Breast::BC05_TUMOR1
Azizi2018_Breast,Breast,BC05_TUMOR1,Monocyte,Monocyte,Azizi2018_Breast::BC05_TUMOR1
Azizi2018_Breast,Breast,BC05_TUMOR1,Neutrophil,Neutrophil,Azizi2018_Breast::BC05_TUMOR1
Azizi2018_Breast,Breast,BC05_TUMOR1,Mast,Mast,Azizi2018_Breast::BC05_TUMOR1
Azizi2018_Breast,Breast,BC05_TUMOR1,Dendritic,Dendritic,Azizi2018_Breast::BC05_TUMOR1
Azizi2018_Breast,Breast,BC05_TUMOR2,T_cell,T cell,Azizi2018_Breast::BC05_TUMOR2
Azizi2018_Breast,Breast,BC05_TUMOR2,NK_cell,NK cell,Azizi2018_Breast::BC05_TUMOR2
Azizi2018_Breast,Breast,BC05_TUMOR2,B_cell,B cell,Azizi2018_Breast::BC05_TUMOR2
Azizi2018_Breast,Breast,BC05_TUMOR2,Macrophage,Macrophage,Azizi2018_Breast::BC05_TUMOR2
Azizi2018_Breast,Breast,BC05_TUMOR2,Monocyte,Monocyte,Azizi2018_Breast::BC05_TUMOR2
Azizi2018_Breast,Breast,BC05_TUMOR2,Neutrophil,Neutrophil,Azizi2018_Breast::BC05_TUMOR2
Azizi2018_Breast,Breast,BC05_TUMOR2,Mast,Mast,Azizi2018_Breast::BC05_TUMOR2
Azizi2018_Breast,Breast,BC05_TUMOR2,Dendritic,Dendritic,Azizi2018_Breast::BC05_TUMOR2
Azizi2018_Breast,Breast,BC05_TUMOR3,T_cell,T cell,Azizi2018_Breast::BC05_TUMOR3
Azizi2018_Breast,Breast,BC05_TUMOR3,NK_cell,NK cell,Azizi2018_Breast::BC05_TUMOR3
Azizi2018_Breast,Breast,BC05_TUMOR3,B_cell,B cell,Azizi2018_Breast::BC05_TUMOR3
Azizi2018_Breast,Breast,BC05_TUMOR3,NKT_cell,NKT cell,Azizi2018_Breast::BC05_TUMOR3
Azizi2018_Breast,Breast,BC05_TUMOR3,Macrophage,Macrophage,Azizi2018_Breast::BC05_TUMOR3
Azizi2018_Breast,Breast,BC05_TUMOR3,Monocyte,Monocyte,Azizi2018_Breast::BC05_TUMOR3
Azizi2018_Breast,Breast,BC05_TUMOR3,Neutrophil,Neutrophil,Azizi2018_Breast::BC05_TUMOR3
Azizi2018_Breast,Breast,BC05_TUMOR3,Mast,Mast,Azizi2018_Breast::BC05_TUMOR3
Azizi2018_Breast,Breast,BC05_TUMOR3,Dendritic,Dendritic,Azizi2018_Breast::BC05_TUMOR3
Azizi2018_Breast,Breast,BC05_TUMOR4,T_cell,T cell,Azizi2018_Breast::BC05_TUMOR4
Azizi2018_Breast,Breast,BC05_TUMOR4,B_cell,B cell,Azizi2018_Breast::BC05_TUMOR4
Azizi2018_Breast,Breast,BC05_TUMOR4,NK_cell,NK cell,Azizi2018_Breast::BC05_TUMOR4
Azizi2018_Breast,Breast,BC05_TUMOR4,Dendritic,Dendritic,Azizi2018_Breast::BC05_TUMOR4
Azizi2018_Breast,Breast,BC05_TUMOR4,Macrophage,Macrophage,Azizi2018_Breast::BC05_TUMOR4
Azizi2018_Breast,Breast,BC05_TUMOR4,Monocyte,Monocyte,Azizi2018_Breast::BC05_TUMOR4
Azizi2018_Breast,Breast,BC05_TUMOR4,Mast,Mast,Azizi2018_Breast::BC05_TUMOR4
Azizi2018_Breast,Breast,BC05_TUMOR4,Neutrophil,Neutrophil,Azizi2018_Breast::BC05_TUMOR4
Azizi2018_Breast,Breast,BC07_NORMAL2,T_cell,T cell,Azizi2018_Breast::BC07_NORMAL2
Azizi2018_Breast,Breast,BC07_NORMAL2,NK_cell,NK cell,Azizi2018_Breast::BC07_NORMAL2
Azizi2018_Breast,Breast,BC07_NORMAL2,B_cell,B cell,Azizi2018_Breast::BC07_NORMAL2
Azizi2018_Breast,Breast,BC07_NORMAL2,Dendritic,Dendritic,Azizi2018_Breast::BC07_NORMAL2
Azizi2018_Breast,Breast,BC07_NORMAL2,Macrophage,Macrophage,Azizi2018_Breast::BC07_NORMAL2
Azizi2018_Breast,Breast,BC07_NORMAL2,Monocyte,Monocyte,Azizi2018_Breast::BC07_NORMAL2
Azizi2018_Breast,Breast,BC07_NORMAL2,Neutrophil,Neutrophil,Azizi2018_Breast::BC07_NORMAL2
Azizi2018_Breast,Breast,BC07_TUMOR2,T_cell,T cell,Azizi2018_Breast::BC07_TUMOR2
Azizi2018_Breast,Breast,BC07_TUMOR2,NK_cell,NK cell,Azizi2018_Breast::BC07_TUMOR2
Azizi2018_Breast,Breast,BC07_TUMOR2,B_cell,B cell,Azizi2018_Breast::BC07_TUMOR2
Azizi2018_Breast,Breast,BC07_TUMOR2,NKT_cell,NKT cell,Azizi2018_Breast::BC07_TUMOR2
Azizi2018_Breast,Breast,BC07_TUMOR2,Dendritic,Dendritic,Azizi2018_Breast::BC07_TUMOR2
Azizi2018_Breast,Breast,BC07_TUMOR2,Macrophage,Macrophage,Azizi2018_Breast::BC07_TUMOR2
Azizi2018_Breast,Breast,BC07_TUMOR2,Monocyte,Monocyte,Azizi2018_Breast::BC07_TUMOR2
Azizi2018_Breast,Breast,BC07_TUMOR2,Neutrophil,Neutrophil,Azizi2018_Breast::BC07_TUMOR2
Azizi2018_Breast,Breast,BC07_TUMOR2,Mast,Mast,Azizi2018_Breast::BC07_TUMOR2
Azizi2018_Breast,Breast,BC07_TUMOR3,T_cell,T cell,Azizi2018_Breast::BC07_TUMOR3
Azizi2018_Breast,Breast,BC07_TUMOR3,NK_cell,NK cell,Azizi2018_Breast::BC07_TUMOR3
Azizi2018_Breast,Breast,BC07_TUMOR3,B_cell,B cell,Azizi2018_Breast::BC07_TUMOR3
Azizi2018_Breast,Breast,BC07_TUMOR3,NKT_cell,NKT cell,Azizi2018_Breast::BC07_TUMOR3
Azizi2018_Breast,Breast,BC07_TUMOR3,Dendritic,Dendritic,Azizi2018_Breast::BC07_TUMOR3
Azizi2018_Breast,Breast,BC07_TUMOR3,Macrophage,Macrophage,Azizi2018_Breast::BC07_TUMOR3
Azizi2018_Breast,Breast,BC07_TUMOR3,Monocyte,Monocyte,Azizi2018_Breast::BC07_TUMOR3
Azizi2018_Breast,Breast,BC07_TUMOR3,Neutrophil,Neutrophil,Azizi2018_Breast::BC07_TUMOR3
Azizi2018_Breast,Breast,BC07_TUMOR3,Mast,Mast,Azizi2018_Breast::BC07_TUMOR3
Azizi2018_Breast,Breast,BC06_TUMOR1,T_cell,T cell,Azizi2018_Breast::BC06_TUMOR1
Azizi2018_Breast,Breast,BC06_TUMOR1,NK_cell,NK cell,Azizi2018_Breast::BC06_TUMOR1
Azizi2018_Breast,Breast,BC06_TUMOR1,B_cell,B cell,Azizi2018_Breast::BC06_TUMOR1
Azizi2018_Breast,Breast,BC06_TUMOR1,NKT_cell,NKT cell,Azizi2018_Breast::BC06_TUMOR1
Azizi2018_Breast,Breast,BC06_TUMOR1,Dendritic,Dendritic,Azizi2018_Breast::BC06_TUMOR1
Azizi2018_Breast,Breast,BC06_TUMOR1,Macrophage,Macrophage,Azizi2018_Breast::BC06_TUMOR1
Azizi2018_Breast,Breast,BC06_TUMOR1,Monocyte,Monocyte,Azizi2018_Breast::BC06_TUMOR1
Azizi2018_Breast,Breast,BC06_TUMOR1,Neutrophil,Neutrophil,Azizi2018_Breast::BC06_TUMOR1
Azizi2018_Breast,Breast,BC06_TUMOR1,Mast,Mast,Azizi2018_Breast::BC06_TUMOR1
Azizi2018_Breast,Breast,BC06_TUMOR2,T_cell,T cell,Azizi2018_Breast::BC06_TUMOR2
Azizi2018_Breast,Breast,BC06_TUMOR2,NK_cell,NK cell,Azizi2018_Breast::BC06_TUMOR2
Azizi2018_Breast,Breast,BC06_TUMOR2,B_cell,B cell,Azizi2018_Breast::BC06_TUMOR2
Azizi2018_Breast,Breast,BC06_TUMOR2,Dendritic,Dendritic,Azizi2018_Breast::BC06_TUMOR2
Azizi2018_Breast,Breast,BC06_TUMOR2,Macrophage,Macrophage,Azizi2018_Breast::BC06_TUMOR2
Azizi2018_Breast,Breast,BC06_TUMOR2,Monocyte,Monocyte,Azizi2018_Breast::BC06_TUMOR2
Azizi2018_Breast,Breast,BC06_TUMOR2,Neutrophil,Neutrophil,Azizi2018_Breast::BC06_TUMOR2
Azizi2018_Breast,Breast,BC06_TUMOR2,Mast,Mast,Azizi2018_Breast::BC06_TUMOR2
Azizi2018_Breast,Breast,BC06_TUMOR3,T_cell,T cell,Azizi2018_Breast::BC06_TUMOR3
Azizi2018_Breast,Breast,BC06_TUMOR3,NK_cell,NK cell,Azizi2018_Breast::BC06_TUMOR3
Azizi2018_Breast,Breast,BC06_TUMOR3,B_cell,B cell,Azizi2018_Breast::BC06_TUMOR3
Azizi2018_Breast,Breast,BC06_TUMOR3,NKT_cell,NKT cell,Azizi2018_Breast::BC06_TUMOR3
Azizi2018_Breast,Breast,BC06_TUMOR3,Dendritic,Dendritic,Azizi2018_Breast::BC06_TUMOR3
Azizi2018_Breast,Breast,BC06_TUMOR3,Macrophage,Macrophage,Azizi2018_Breast::BC06_TUMOR3
Azizi2018_Breast,Breast,BC06_TUMOR3,Monocyte,Monocyte,Azizi2018_Breast::BC06_TUMOR3
Azizi2018_Breast,Breast,BC06_TUMOR3,Neutrophil,Neutrophil,Azizi2018_Breast::BC06_TUMOR3
Azizi2018_Breast,Breast,BC06_TUMOR3,Mast,Mast,Azizi2018_Breast::BC06_TUMOR3
Azizi2018_Breast,Breast,BC02_LYMPHNODE1,T_cell,T cell,Azizi2018_Breast::BC02_LYMPHNODE1
Azizi2018_Breast,Breast,BC02_LYMPHNODE1,NK_cell,NK cell,Azizi2018_Breast::BC02_LYMPHNODE1
Azizi2018_Breast,Breast,BC02_LYMPHNODE1,B_cell,B cell,Azizi2018_Breast::BC02_LYMPHNODE1
Azizi2018_Breast,Breast,BC02_LYMPHNODE1,Dendritic,Dendritic,Azizi2018_Breast::BC02_LYMPHNODE1
Azizi2018_Breast,Breast,BC02_LYMPHNODE1,Neutrophil,Neutrophil,Azizi2018_Breast::BC02_LYMPHNODE1
Azizi2018_Breast,Breast,BC02_LYMPHNODE2,T_cell,T cell,Azizi2018_Breast::BC02_LYMPHNODE2
Azizi2018_Breast,Breast,BC02_LYMPHNODE2,NK_cell,NK cell,Azizi2018_Breast::BC02_LYMPHNODE2
Azizi2018_Breast,Breast,BC02_LYMPHNODE2,B_cell,B cell,Azizi2018_Breast::BC02_LYMPHNODE2
Azizi2018_Breast,Breast,BC02_LYMPHNODE2,Dendritic,Dendritic,Azizi2018_Breast::BC02_LYMPHNODE2
Azizi2018_Breast,Breast,BC02_LYMPHNODE3,T_cell,T cell,Azizi2018_Breast::BC02_LYMPHNODE3
Azizi2018_Breast,Breast,BC02_LYMPHNODE3,NK_cell,NK cell,Azizi2018_Breast::BC02_LYMPHNODE3
Azizi2018_Breast,Breast,BC02_LYMPHNODE3,B_cell,B cell,Azizi2018_Breast::BC02_LYMPHNODE3
Azizi2018_Breast,Breast,BC02_LYMPHNODE3,Dendritic,Dendritic,Azizi2018_Breast::BC02_LYMPHNODE3
Azizi2018_Breast,Breast,BC02_LYMPHNODE3,Mast,Mast,Azizi2018_Breast::BC02_LYMPHNODE3
Azizi2018_Breast,Breast,BC02_LYMPHNODE4,T_cell,T cell,Azizi2018_Breast::BC02_LYMPHNODE4
Azizi2018_Breast,Breast,BC02_LYMPHNODE4,NK_cell,NK cell,Azizi2018_Breast::BC02_LYMPHNODE4
Azizi2018_Breast,Breast,BC02_LYMPHNODE4,B_cell,B cell,Azizi2018_Breast::BC02_LYMPHNODE4
Azizi2018_Breast,Breast,BC02_LYMPHNODE4,Dendritic,Dendritic,Azizi2018_Breast::BC02_LYMPHNODE4
Azizi2018_Breast,Breast,BC02_LYMPHNODE4,Monocyte,Monocyte,Azizi2018_Breast::BC02_LYMPHNODE4
Azizi2018_Breast,Breast,BC02_LYMPHNODE4,Mast,Mast,Azizi2018_Breast::BC02_LYMPHNODE4
Azizi2018_Breast,Breast,BC02_LYMPHNODE5,T_cell,T cell,Azizi2018_Breast::BC02_LYMPHNODE5
Azizi2018_Breast,Breast,BC02_LYMPHNODE5,NK_cell,NK cell,Azizi2018_Breast::BC02_LYMPHNODE5
Azizi2018_Breast,Breast,BC02_LYMPHNODE5,B_cell,B cell,Azizi2018_Breast::BC02_LYMPHNODE5
Azizi2018_Breast,Breast,BC02_LYMPHNODE5,Dendritic,Dendritic,Azizi2018_Breast::BC02_LYMPHNODE5
Azizi2018_Breast,Breast,BC02_LYMPHNODE5,Monocyte,Monocyte,Azizi2018_Breast::BC02_LYMPHNODE5
Azizi2018_Breast,Breast,BC02_LYMPHNODE6,T_cell,T cell,Azizi2018_Breast::BC02_LYMPHNODE6
Azizi2018_Breast,Breast,BC02_LYMPHNODE6,NK_cell,NK cell,Azizi2018_Breast::BC02_LYMPHNODE6
Azizi2018_Breast,Breast,BC02_LYMPHNODE6,B_cell,B cell,Azizi2018_Breast::BC02_LYMPHNODE6
Azizi2018_Breast,Breast,BC02_LYMPHNODE6,Dendritic,Dendritic,Azizi2018_Breast::BC02_LYMPHNODE6
Azizi2018_Breast,Breast,BC02_LYMPHNODE6,Neutrophil,Neutrophil,Azizi2018_Breast::BC02_LYMPHNODE6
Azizi2018_Breast,Breast,BC02_NORMAL1,T_cell,T cell,Azizi2018_Breast::BC02_NORMAL1
Azizi2018_Breast,Breast,BC02_NORMAL1,NK_cell,NK cell,Azizi2018_Breast::BC02_NORMAL1
Azizi2018_Breast,Breast,BC02_NORMAL1,B_cell,B cell,Azizi2018_Breast::BC02_NORMAL1
Azizi2018_Breast,Breast,BC02_NORMAL1,Dendritic,Dendritic,Azizi2018_Breast::BC02_NORMAL1
Azizi2018_Breast,Breast,BC02_NORMAL1,Monocyte,Monocyte,Azizi2018_Breast::BC02_NORMAL1
Azizi2018_Breast,Breast,BC02_NORMAL1,Neutrophil,Neutrophil,Azizi2018_Breast::BC02_NORMAL1
Azizi2018_Breast,Breast,BC02_NORMAL2,T_cell,T cell,Azizi2018_Breast::BC02_NORMAL2
Azizi2018_Breast,Breast,BC02_NORMAL2,NK_cell,NK cell,Azizi2018_Breast::BC02_NORMAL2
Azizi2018_Breast,Breast,BC02_NORMAL2,B_cell,B cell,Azizi2018_Breast::BC02_NORMAL2
Azizi2018_Breast,Breast,BC02_NORMAL2,NKT_cell,NKT cell,Azizi2018_Breast::BC02_NORMAL2
Azizi2018_Breast,Breast,BC02_NORMAL2,Dendritic,Dendritic,Azizi2018_Breast::BC02_NORMAL2
Azizi2018_Breast,Breast,BC02_NORMAL2,Macrophage,Macrophage,Azizi2018_Breast::BC02_NORMAL2
Azizi2018_Breast,Breast,BC02_NORMAL2,Monocyte,Monocyte,Azizi2018_Breast::BC02_NORMAL2
Azizi2018_Breast,Breast,BC02_NORMAL2,Neutrophil,Neutrophil,Azizi2018_Breast::BC02_NORMAL2
Azizi2018_Breast,Breast,BC02_NORMAL3,T_cell,T cell,Azizi2018_Breast::BC02_NORMAL3
Azizi2018_Breast,Breast,BC02_NORMAL3,NK_cell,NK cell,Azizi2018_Breast::BC02_NORMAL3
Azizi2018_Breast,Breast,BC02_NORMAL3,B_cell,B cell,Azizi2018_Breast::BC02_NORMAL3
Azizi2018_Breast,Breast,BC02_NORMAL3,NKT_cell,NKT cell,Azizi2018_Breast::BC02_NORMAL3
Azizi2018_Breast,Breast,BC02_NORMAL3,Dendritic,Dendritic,Azizi2018_Breast::BC02_NORMAL3
Azizi2018_Breast,Breast,BC02_NORMAL3,Monocyte,Monocyte,Azizi2018_Breast::BC02_NORMAL3
Azizi2018_Breast,Breast,BC02_NORMAL3,Macrophage,Macrophage,Azizi2018_Breast::BC02_NORMAL3
Azizi2018_Breast,Breast,BC02_NORMAL3,Neutrophil,Neutrophil,Azizi2018_Breast::BC02_NORMAL3
Azizi2018_Breast,Breast,BC02_TUMOR1,T_cell,T cell,Azizi2018_Breast::BC02_TUMOR1
Azizi2018_Breast,Breast,BC02_TUMOR1,NK_cell,NK cell,Azizi2018_Breast::BC02_TUMOR1
Azizi2018_Breast,Breast,BC02_TUMOR1,B_cell,B cell,Azizi2018_Breast::BC02_TUMOR1
Azizi2018_Breast,Breast,BC02_TUMOR1,Dendritic,Dendritic,Azizi2018_Breast::BC02_TUMOR1
Azizi2018_Breast,Breast,BC02_TUMOR1,Macrophage,Macrophage,Azizi2018_Breast::BC02_TUMOR1
Azizi2018_Breast,Breast,BC02_TUMOR1,Monocyte,Monocyte,Azizi2018_Breast::BC02_TUMOR1
Azizi2018_Breast,Breast,BC02_TUMOR1,Neutrophil,Neutrophil,Azizi2018_Breast::BC02_TUMOR1
Azizi2018_Breast,Breast,BC02_TUMOR2,T_cell,T cell,Azizi2018_Breast::BC02_TUMOR2
Azizi2018_Breast,Breast,BC02_TUMOR2,NK_cell,NK cell,Azizi2018_Breast::BC02_TUMOR2
Azizi2018_Breast,Breast,BC02_TUMOR2,B_cell,B cell,Azizi2018_Breast::BC02_TUMOR2
Azizi2018_Breast,Breast,BC02_TUMOR2,Dendritic,Dendritic,Azizi2018_Breast::BC02_TUMOR2
Azizi2018_Breast,Breast,BC02_TUMOR2,Macrophage,Macrophage,Azizi2018_Breast::BC02_TUMOR2
Azizi2018_Breast,Breast,BC02_TUMOR2,Monocyte,Monocyte,Azizi2018_Breast::BC02_TUMOR2
Azizi2018_Breast,Breast,BC02_TUMOR2,Neutrophil,Neutrophil,Azizi2018_Breast::BC02_TUMOR2
Azizi2018_Breast,Breast,BC02_TUMOR2,Mast,Mast,Azizi2018_Breast::BC02_TUMOR2
Azizi2018_Breast,Breast,BC02_TUMOR3,T_cell,T cell,Azizi2018_Breast::BC02_TUMOR3
Azizi2018_Breast,Breast,BC02_TUMOR3,NK_cell,NK cell,Azizi2018_Breast::BC02_TUMOR3
Azizi2018_Breast,Breast,BC02_TUMOR3,B_cell,B cell,Azizi2018_Breast::BC02_TUMOR3
Azizi2018_Breast,Breast,BC02_TUMOR3,NKT_cell,NKT cell,Azizi2018_Breast::BC02_TUMOR3
Azizi2018_Breast,Breast,BC02_TUMOR3,Dendritic,Dendritic,Azizi2018_Breast::BC02_TUMOR3
Azizi2018_Breast,Breast,BC02_TUMOR3,Macrophage,Macrophage,Azizi2018_Breast::BC02_TUMOR3
Azizi2018_Breast,Breast,BC02_TUMOR3,Monocyte,Monocyte,Azizi2018_Breast::BC02_TUMOR3
Azizi2018_Breast,Breast,BC02_TUMOR3,Mast,Mast,Azizi2018_Breast::BC02_TUMOR3
Azizi2018_Breast,Breast,BC02_TUMOR4,T_cell,T cell,Azizi2018_Breast::BC02_TUMOR4
Azizi2018_Breast,Breast,BC02_TUMOR4,NK_cell,NK cell,Azizi2018_Breast::BC02_TUMOR4
Azizi2018_Breast,Breast,BC02_TUMOR4,B_cell,B cell,Azizi2018_Breast::BC02_TUMOR4
Azizi2018_Breast,Breast,BC02_TUMOR4,Dendritic,Dendritic,Azizi2018_Breast::BC02_TUMOR4
Azizi2018_Breast,Breast,BC02_TUMOR4,Macrophage,Macrophage,Azizi2018_Breast::BC02_TUMOR4
Azizi2018_Breast,Breast,BC02_TUMOR4,Monocyte,Monocyte,Azizi2018_Breast::BC02_TUMOR4
Azizi2018_Breast,Breast,BC04_BLOOD1,T_cell,T cell,Azizi2018_Breast::BC04_BLOOD1
Azizi2018_Breast,Breast,BC04_BLOOD1,NK_cell,NK cell,Azizi2018_Breast::BC04_BLOOD1
Azizi2018_Breast,Breast,BC04_BLOOD1,B_cell,B cell,Azizi2018_Breast::BC04_BLOOD1
Azizi2018_Breast,Breast,BC04_BLOOD1,Dendritic,Dendritic,Azizi2018_Breast::BC04_BLOOD1
Azizi2018_Breast,Breast,BC04_BLOOD1,Macrophage,Macrophage,Azizi2018_Breast::BC04_BLOOD1
Azizi2018_Breast,Breast,BC04_BLOOD1,Monocyte,Monocyte,Azizi2018_Breast::BC04_BLOOD1
Azizi2018_Breast,Breast,BC04_BLOOD1,Neutrophil,Neutrophil,Azizi2018_Breast::BC04_BLOOD1
Azizi2018_Breast,Breast,BC04_BLOOD2,T_cell,T cell,Azizi2018_Breast::BC04_BLOOD2
Azizi2018_Breast,Breast,BC04_BLOOD2,NK_cell,NK cell,Azizi2018_Breast::BC04_BLOOD2
Azizi2018_Breast,Breast,BC04_BLOOD2,B_cell,B cell,Azizi2018_Breast::BC04_BLOOD2
Azizi2018_Breast,Breast,BC04_BLOOD2,Dendritic,Dendritic,Azizi2018_Breast::BC04_BLOOD2
Azizi2018_Breast,Breast,BC04_BLOOD2,Monocyte,Monocyte,Azizi2018_Breast::BC04_BLOOD2
Azizi2018_Breast,Breast,BC04_BLOOD2,Neutrophil,Neutrophil,Azizi2018_Breast::BC04_BLOOD2
Azizi2018_Breast,Breast,BC04_BLOOD3,T_cell,T cell,Azizi2018_Breast::BC04_BLOOD3
Azizi2018_Breast,Breast,BC04_BLOOD3,NK_cell,NK cell,Azizi2018_Breast::BC04_BLOOD3
Azizi2018_Breast,Breast,BC04_BLOOD3,B_cell,B cell,Azizi2018_Breast::BC04_BLOOD3
Azizi2018_Breast,Breast,BC04_BLOOD3,Dendritic,Dendritic,Azizi2018_Breast::BC04_BLOOD3
Azizi2018_Breast,Breast,BC04_BLOOD3,Monocyte,Monocyte,Azizi2018_Breast::BC04_BLOOD3
Azizi2018_Breast,Breast,BC04_BLOOD3,Neutrophil,Neutrophil,Azizi2018_Breast::BC04_BLOOD3
Azizi2018_Breast,Breast,BC04_BLOOD4,T_cell,T cell,Azizi2018_Breast::BC04_BLOOD4
Azizi2018_Breast,Breast,BC04_BLOOD4,NK_cell,NK cell,Azizi2018_Breast::BC04_BLOOD4
Azizi2018_Breast,Breast,BC04_BLOOD4,B_cell,B cell,Azizi2018_Breast::BC04_BLOOD4
Azizi2018_Breast,Breast,BC04_BLOOD4,NKT_cell,NKT cell,Azizi2018_Breast::BC04_BLOOD4
Azizi2018_Breast,Breast,BC04_BLOOD4,Dendritic,Dendritic,Azizi2018_Breast::BC04_BLOOD4
Azizi2018_Breast,Breast,BC04_BLOOD4,Neutrophil,Neutrophil,Azizi2018_Breast::BC04_BLOOD4
Azizi2018_Breast,Breast,BC04_BLOOD4,Monocyte,Monocyte,Azizi2018_Breast::BC04_BLOOD4
Azizi2018_Breast,Breast,BC04_BLOOD5,T_cell,T cell,Azizi2018_Breast::BC04_BLOOD5
Azizi2018_Breast,Breast,BC04_BLOOD5,NK_cell,NK cell,Azizi2018_Breast::BC04_BLOOD5
Azizi2018_Breast,Breast,BC04_BLOOD5,B_cell,B cell,Azizi2018_Breast::BC04_BLOOD5
Azizi2018_Breast,Breast,BC04_BLOOD5,Dendritic,Dendritic,Azizi2018_Breast::BC04_BLOOD5
Azizi2018_Breast,Breast,BC04_BLOOD5,Monocyte,Monocyte,Azizi2018_Breast::BC04_BLOOD5
Azizi2018_Breast,Breast,BC04_BLOOD6,T_cell,T cell,Azizi2018_Breast::BC04_BLOOD6
Azizi2018_Breast,Breast,BC04_BLOOD6,NK_cell,NK cell,Azizi2018_Breast::BC04_BLOOD6
Azizi2018_Breast,Breast,BC04_BLOOD6,B_cell,B cell,Azizi2018_Breast::BC04_BLOOD6
Azizi2018_Breast,Breast,BC04_BLOOD6,NKT_cell,NKT cell,Azizi2018_Breast::BC04_BLOOD6
Azizi2018_Breast,Breast,BC04_BLOOD6,Monocyte,Monocyte,Azizi2018_Breast::BC04_BLOOD6
Azizi2018_Breast,Breast,BC04_BLOOD6,Neutrophil,Neutrophil,Azizi2018_Breast::BC04_BLOOD6
Azizi2018_Breast,Breast,BC04_BLOOD7,T_cell,T cell,Azizi2018_Breast::BC04_BLOOD7
Azizi2018_Breast,Breast,BC04_BLOOD7,NK_cell,NK cell,Azizi2018_Breast::BC04_BLOOD7
Azizi2018_Breast,Breast,BC04_BLOOD7,B_cell,B cell,Azizi2018_Breast::BC04_BLOOD7
Azizi2018_Breast,Breast,BC04_BLOOD7,Dendritic,Dendritic,Azizi2018_Breast::BC04_BLOOD7
Azizi2018_Breast,Breast,BC04_BLOOD7,Neutrophil,Neutrophil,Azizi2018_Breast::BC04_BLOOD7
Azizi2018_Breast,Breast,BC04_BLOOD7,Monocyte,Monocyte,Azizi2018_Breast::BC04_BLOOD7
Azizi2018_Breast,Breast,BC04_TUMOR1,T_cell,T cell,Azizi2018_Breast::BC04_TUMOR1
Azizi2018_Breast,Breast,BC04_TUMOR1,NK_cell,NK cell,Azizi2018_Breast::BC04_TUMOR1
Azizi2018_Breast,Breast,BC04_TUMOR1,B_cell,B cell,Azizi2018_Breast::BC04_TUMOR1
Azizi2018_Breast,Breast,BC04_TUMOR1,NKT_cell,NKT cell,Azizi2018_Breast::BC04_TUMOR1
Azizi2018_Breast,Breast,BC04_TUMOR1,Dendritic,Dendritic,Azizi2018_Breast::BC04_TUMOR1
Azizi2018_Breast,Breast,BC04_TUMOR1,Macrophage,Macrophage,Azizi2018_Breast::BC04_TUMOR1
Azizi2018_Breast,Breast,BC04_TUMOR1,Monocyte,Monocyte,Azizi2018_Breast::BC04_TUMOR1
Azizi2018_Breast,Breast,BC04_TUMOR1,Neutrophil,Neutrophil,Azizi2018_Breast::BC04_TUMOR1
Azizi2018_Breast,Breast,BC04_TUMOR1,Mast,Mast,Azizi2018_Breast::BC04_TUMOR1
Azizi2018_Breast,Breast,BC04_TUMOR2,T_cell,T cell,Azizi2018_Breast::BC04_TUMOR2
Azizi2018_Breast,Breast,BC04_TUMOR2,NK_cell,NK cell,Azizi2018_Breast::BC04_TUMOR2
Azizi2018_Breast,Breast,BC04_TUMOR2,NKT_cell,NKT cell,Azizi2018_Breast::BC04_TUMOR2
Azizi2018_Breast,Breast,BC04_TUMOR2,Monocyte,Monocyte,Azizi2018_Breast::BC04_TUMOR2
Azizi2018_Breast,Breast,BC04_TUMOR2,Dendritic,Dendritic,Azizi2018_Breast::BC04_TUMOR2
Azizi2018_Breast,Breast,BC04_TUMOR2,B_cell,B cell,Azizi2018_Breast::BC04_TUMOR2
Azizi2018_Breast,Breast,BC04_TUMOR2,Mast,Mast,Azizi2018_Breast::BC04_TUMOR2
Azizi2018_Breast,Breast,BC04_TUMOR3,T_cell,T cell,Azizi2018_Breast::BC04_TUMOR3
Azizi2018_Breast,Breast,BC04_TUMOR3,NK_cell,NK cell,Azizi2018_Breast::BC04_TUMOR3
Azizi2018_Breast,Breast,BC04_TUMOR3,B_cell,B cell,Azizi2018_Breast::BC04_TUMOR3
Azizi2018_Breast,Breast,BC04_TUMOR3,NKT_cell,NKT cell,Azizi2018_Breast::BC04_TUMOR3
Azizi2018_Breast,Breast,BC04_TUMOR3,Dendritic,Dendritic,Azizi2018_Breast::BC04_TUMOR3
Azizi2018_Breast,Breast,BC04_TUMOR3,Macrophage,Macrophage,Azizi2018_Breast::BC04_TUMOR3
Azizi2018_Breast,Breast,BC04_TUMOR3,Monocyte,Monocyte,Azizi2018_Breast::BC04_TUMOR3
Azizi2018_Breast,Breast,BC04_TUMOR3,Neutrophil,Neutrophil,Azizi2018_Breast::BC04_TUMOR3
Azizi2018_Breast,Breast,BC04_TUMOR3,Mast,Mast,Azizi2018_Breast::BC04_TUMOR3
Azizi2018_Breast,Breast,BC04_TUMOR4,T_cell,T cell,Azizi2018_Breast::BC04_TUMOR4
Azizi2018_Breast,Breast,BC04_TUMOR4,NK_cell,NK cell,Azizi2018_Breast::BC04_TUMOR4
Azizi2018_Breast,Breast,BC04_TUMOR4,B_cell,B cell,Azizi2018_Breast::BC04_TUMOR4
Azizi2018_Breast,Breast,BC04_TUMOR4,NKT_cell,NKT cell,Azizi2018_Breast::BC04_TUMOR4
Azizi2018_Breast,Breast,BC04_TUMOR4,Dendritic,Dendritic,Azizi2018_Breast::BC04_TUMOR4
Azizi2018_Breast,Breast,BC04_TUMOR4,Macrophage,Macrophage,Azizi2018_Breast::BC04_TUMOR4
Azizi2018_Breast,Breast,BC04_TUMOR4,Monocyte,Monocyte,Azizi2018_Breast::BC04_TUMOR4
Azizi2018_Breast,Breast,BC04_TUMOR4,Neutrophil,Neutrophil,Azizi2018_Breast::BC04_TUMOR4
Azizi2018_Breast,Breast,BC04_TUMOR4,Mast,Mast,Azizi2018_Breast::BC04_TUMOR4
Azizi2018_Breast,Breast,BC04_TUMOR5,T_cell,T cell,Azizi2018_Breast::BC04_TUMOR5
Azizi2018_Breast,Breast,BC04_TUMOR5,NK_cell,NK cell,Azizi2018_Breast::BC04_TUMOR5
Azizi2018_Breast,Breast,BC04_TUMOR5,B_cell,B cell,Azizi2018_Breast::BC04_TUMOR5
Azizi2018_Breast,Breast,BC04_TUMOR5,NKT_cell,NKT cell,Azizi2018_Breast::BC04_TUMOR5
Azizi2018_Breast,Breast,BC04_TUMOR5,Dendritic,Dendritic,Azizi2018_Breast::BC04_TUMOR5
Azizi2018_Breast,Breast,BC04_TUMOR5,Macrophage,Macrophage,Azizi2018_Breast::BC04_TUMOR5
Azizi2018_Breast,Breast,BC04_TUMOR5,Monocyte,Monocyte,Azizi2018_Breast::BC04_TUMOR5
Azizi2018_Breast,Breast,BC04_TUMOR5,Neutrophil,Neutrophil,Azizi2018_Breast::BC04_TUMOR5
Azizi2018_Breast,Breast,BC04_TUMOR5,Mast,Mast,Azizi2018_Breast::BC04_TUMOR5
Azizi2018_Breast,Breast,BC04_TUMOR6,T_cell,T cell,Azizi2018_Breast::BC04_TUMOR6
Azizi2018_Breast,Breast,BC04_TUMOR6,NK_cell,NK cell,Azizi2018_Breast::BC04_TUMOR6
Azizi2018_Breast,Breast,BC04_TUMOR6,B_cell,B cell,Azizi2018_Breast::BC04_TUMOR6
Azizi2018_Breast,Breast,BC04_TUMOR6,NKT_cell,NKT cell,Azizi2018_Breast::BC04_TUMOR6
Azizi2018_Breast,Breast,BC04_TUMOR6,Dendritic,Dendritic,Azizi2018_Breast::BC04_TUMOR6
Azizi2018_Breast,Breast,BC04_TUMOR6,Macrophage,Macrophage,Azizi2018_Breast::BC04_TUMOR6
Azizi2018_Breast,Breast,BC04_TUMOR6,Monocyte,Monocyte,Azizi2018_Breast::BC04_TUMOR6
Azizi2018_Breast,Breast,BC04_TUMOR6,Neutrophil,Neutrophil,Azizi2018_Breast::BC04_TUMOR6
Azizi2018_Breast,Breast,BC04_TUMOR6,Mast,Mast,Azizi2018_Breast::BC04_TUMOR6
Azizi2018_Breast,Breast,BC08_TUMOR1,T_cell,T cell,Azizi2018_Breast::BC08_TUMOR1
Azizi2018_Breast,Breast,BC08_TUMOR1,NK_cell,NK cell,Azizi2018_Breast::BC08_TUMOR1
Azizi2018_Breast,Breast,BC08_TUMOR1,B_cell,B cell,Azizi2018_Breast::BC08_TUMOR1
Azizi2018_Breast,Breast,BC08_TUMOR1,NKT_cell,NKT cell,Azizi2018_Breast::BC08_TUMOR1
Azizi2018_Breast,Breast,BC08_TUMOR1,Dendritic,Dendritic,Azizi2018_Breast::BC08_TUMOR1
Azizi2018_Breast,Breast,BC08_TUMOR1,Macrophage,Macrophage,Azizi2018_Breast::BC08_TUMOR1
Azizi2018_Breast,Breast,BC08_TUMOR1,Monocyte,Monocyte,Azizi2018_Breast::BC08_TUMOR1
Azizi2018_Breast,Breast,BC08_TUMOR1,Neutrophil,Neutrophil,Azizi2018_Breast::BC08_TUMOR1
Azizi2018_Breast,Breast,BC08_TUMOR1,Mast,Mast,Azizi2018_Breast::BC08_TUMOR1
Azizi2018_Breast,Breast,BC08_TUMOR2,T_cell,T cell,Azizi2018_Breast::BC08_TUMOR2
Azizi2018_Breast,Breast,BC08_TUMOR2,NK_cell,NK cell,Azizi2018_Breast::BC08_TUMOR2
Azizi2018_Breast,Breast,BC08_TUMOR2,B_cell,B cell,Azizi2018_Breast::BC08_TUMOR2
Azizi2018_Breast,Breast,BC08_TUMOR2,Dendritic,Dendritic,Azizi2018_Breast::BC08_TUMOR2
Azizi2018_Breast,Breast,BC08_TUMOR2,Macrophage,Macrophage,Azizi2018_Breast::BC08_TUMOR2
Azizi2018_Breast,Breast,BC08_TUMOR2,Monocyte,Monocyte,Azizi2018_Breast::BC08_TUMOR2
Azizi2018_Breast,Breast,BC08_TUMOR2,Neutrophil,Neutrophil,Azizi2018_Breast::BC08_TUMOR2
Azizi2018_Breast,Breast,BC08_TUMOR2,Mast,Mast,Azizi2018_Breast::BC08_TUMOR2
Azizi2018_Breast,Breast,BC08_TUMOR3,T_cell,T cell,Azizi2018_Breast::BC08_TUMOR3
Azizi2018_Breast,Breast,BC08_TUMOR3,NK_cell,NK cell,Azizi2018_Breast::BC08_TUMOR3
Azizi2018_Breast,Breast,BC08_TUMOR3,B_cell,B cell,Azizi2018_Breast::BC08_TUMOR3
Azizi2018_Breast,Breast,BC08_TUMOR3,Dendritic,Dendritic,Azizi2018_Breast::BC08_TUMOR3
Azizi2018_Breast,Breast,BC08_TUMOR3,Macrophage,Macrophage,Azizi2018_Breast::BC08_TUMOR3
Azizi2018_Breast,Breast,BC08_TUMOR3,Monocyte,Monocyte,Azizi2018_Breast::BC08_TUMOR3
Azizi2018_Breast,Breast,BC08_TUMOR3,Neutrophil,Neutrophil,Azizi2018_Breast::BC08_TUMOR3
Azizi2018_Breast,Breast,BC08_TUMOR3,Mast,Mast,Azizi2018_Breast::BC08_TUMOR3
Azizi2018_Breast,Breast,BC03_NORMAL2,T_cell,T cell,Azizi2018_Breast::BC03_NORMAL2
Azizi2018_Breast,Breast,BC03_NORMAL2,NKT_cell,NKT cell,Azizi2018_Breast::BC03_NORMAL2
Azizi2018_Breast,Breast,BC03_NORMAL2,Dendritic,Dendritic,Azizi2018_Breast::BC03_NORMAL2
Azizi2018_Breast,Breast,BC03_NORMAL2,Monocyte,Monocyte,Azizi2018_Breast::BC03_NORMAL2
Azizi2018_Breast,Breast,BC03_NORMAL2,Neutrophil,Neutrophil,Azizi2018_Breast::BC03_NORMAL2
Azizi2018_Breast,Breast,BC03_NORMAL2,Mast,Mast,Azizi2018_Breast::BC03_NORMAL2
Azizi2018_Breast,Breast,BC03_NORMAL2,B_cell,B cell,Azizi2018_Breast::BC03_NORMAL2
Azizi2018_Breast,Breast,BC03_NORMAL4,NKT_cell,NKT cell,Azizi2018_Breast::BC03_NORMAL4
Azizi2018_Breast,Breast,BC03_NORMAL4,T_cell,T cell,Azizi2018_Breast::BC03_NORMAL4
Azizi2018_Breast,Breast,BC03_NORMAL4,Monocyte,Monocyte,Azizi2018_Breast::BC03_NORMAL4
Azizi2018_Breast,Breast,BC03_NORMAL4,Neutrophil,Neutrophil,Azizi2018_Breast::BC03_NORMAL4
Azizi2018_Breast,Breast,BC03_NORMAL4,B_cell,B cell,Azizi2018_Breast::BC03_NORMAL4
Azizi2018_Breast,Breast,BC03_TUMOR1,NK_cell,NK cell,Azizi2018_Breast::BC03_TUMOR1
Azizi2018_Breast,Breast,BC03_TUMOR1,T_cell,T cell,Azizi2018_Breast::BC03_TUMOR1
Azizi2018_Breast,Breast,BC03_TUMOR1,NKT_cell,NKT cell,Azizi2018_Breast::BC03_TUMOR1
Azizi2018_Breast,Breast,BC03_TUMOR1,Monocyte,Monocyte,Azizi2018_Breast::BC03_TUMOR1
Azizi2018_Breast,Breast,BC03_TUMOR1,Dendritic,Dendritic,Azizi2018_Breast::BC03_TUMOR1
Azizi2018_Breast,Breast,BC03_TUMOR1,B_cell,B cell,Azizi2018_Breast::BC03_TUMOR1
Azizi2018_Breast,Breast,BC03_TUMOR1,Mast,Mast,Azizi2018_Breast::BC03_TUMOR1
Azizi2018_Breast,Breast,BC03_TUMOR3,T_cell,T cell,Azizi2018_Breast::BC03_TUMOR3
Azizi2018_Breast,Breast,BC03_TUMOR3,NK_cell,NK cell,Azizi2018_Breast::BC03_TUMOR3
Azizi2018_Breast,Breast,BC03_TUMOR3,B_cell,B cell,Azizi2018_Breast::BC03_TUMOR3
Azizi2018_Breast,Breast,BC03_TUMOR3,NKT_cell,NKT cell,Azizi2018_Breast::BC03_TUMOR3
Azizi2018_Breast,Breast,BC03_TUMOR3,Dendritic,Dendritic,Azizi2018_Breast::BC03_TUMOR3
Azizi2018_Breast,Breast,BC03_TUMOR3,Macrophage,Macrophage,Azizi2018_Breast::BC03_TUMOR3
Azizi2018_Breast,Breast,BC03_TUMOR3,Monocyte,Monocyte,Azizi2018_Breast::BC03_TUMOR3
Azizi2018_Breast,Breast,BC03_TUMOR3,Neutrophil,Neutrophil,Azizi2018_Breast::BC03_TUMOR3
Azizi2018_Breast,Breast,BC03_TUMOR5,NKT_cell,NKT cell,Azizi2018_Breast::BC03_TUMOR5
Azizi2018_Breast,Breast,BC03_TUMOR5,Monocyte,Monocyte,Azizi2018_Breast::BC03_TUMOR5
Azizi2018_Breast,Breast,BC03_TUMOR5,Neutrophil,Neutrophil,Azizi2018_Breast::BC03_TUMOR5
Azizi2018_Breast,Breast,BC03_TUMOR5,Dendritic,Dendritic,Azizi2018_Breast::BC03_TUMOR5
Azizi2018_Breast,Breast,BC03_TUMOR5,B_cell,B cell,Azizi2018_Breast::BC03_TUMOR5
Azizi2018_Breast,Breast,BC01_BLOOD1,NK_cell,NK cell,Azizi2018_Breast::BC01_BLOOD1
Azizi2018_Breast,Breast,BC01_BLOOD1,NKT_cell,NKT cell,Azizi2018_Breast::BC01_BLOOD1
Azizi2018_Breast,Breast,BC01_BLOOD1,T_cell,T cell,Azizi2018_Breast::BC01_BLOOD1
Azizi2018_Breast,Breast,BC01_BLOOD1,Monocyte,Monocyte,Azizi2018_Breast::BC01_BLOOD1
Azizi2018_Breast,Breast,BC01_BLOOD1,Neutrophil,Neutrophil,Azizi2018_Breast::BC01_BLOOD1
Azizi2018_Breast,Breast,BC01_BLOOD1,Dendritic,Dendritic,Azizi2018_Breast::BC01_BLOOD1
Azizi2018_Breast,Breast,BC01_BLOOD1,B_cell,B cell,Azizi2018_Breast::BC01_BLOOD1
Azizi2018_Breast,Breast,BC01_BLOOD3,T_cell,T cell,Azizi2018_Breast::BC01_BLOOD3
Azizi2018_Breast,Breast,BC01_BLOOD3,NK_cell,NK cell,Azizi2018_Breast::BC01_BLOOD3
Azizi2018_Breast,Breast,BC01_BLOOD3,B_cell,B cell,Azizi2018_Breast::BC01_BLOOD3
Azizi2018_Breast,Breast,BC01_BLOOD3,Dendritic,Dendritic,Azizi2018_Breast::BC01_BLOOD3
Azizi2018_Breast,Breast,BC01_BLOOD3,Monocyte,Monocyte,Azizi2018_Breast::BC01_BLOOD3
Azizi2018_Breast,Breast,BC01_BLOOD3,Macrophage,Macrophage,Azizi2018_Breast::BC01_BLOOD3
Azizi2018_Breast,Breast,BC01_BLOOD3,Neutrophil,Neutrophil,Azizi2018_Breast::BC01_BLOOD3
Azizi2018_Breast,Breast,BC01_NORMAL1,T_cell,T cell,Azizi2018_Breast::BC01_NORMAL1
Azizi2018_Breast,Breast,BC01_NORMAL1,NK_cell,NK cell,Azizi2018_Breast::BC01_NORMAL1
Azizi2018_Breast,Breast,BC01_NORMAL1,B_cell,B cell,Azizi2018_Breast::BC01_NORMAL1
Azizi2018_Breast,Breast,BC01_NORMAL1,Dendritic,Dendritic,Azizi2018_Breast::BC01_NORMAL1
Azizi2018_Breast,Breast,BC01_NORMAL1,Monocyte,Monocyte,Azizi2018_Breast::BC01_NORMAL1
Azizi2018_Breast,Breast,BC01_NORMAL1,Neutrophil,Neutrophil,Azizi2018_Breast::BC01_NORMAL1
Azizi2018_Breast,Breast,BC01_NORMAL2,T_cell,T cell,Azizi2018_Breast::BC01_NORMAL2
Azizi2018_Breast,Breast,BC01_NORMAL2,NK_cell,NK cell,Azizi2018_Breast::BC01_NORMAL2
Azizi2018_Breast,Breast,BC01_NORMAL2,B_cell,B cell,Azizi2018_Breast::BC01_NORMAL2
Azizi2018_Breast,Breast,BC01_NORMAL2,Dendritic,Dendritic,Azizi2018_Breast::BC01_NORMAL2
Azizi2018_Breast,Breast,BC01_NORMAL2,Monocyte,Monocyte,Azizi2018_Breast::BC01_NORMAL2
Azizi2018_Breast,Breast,BC01_NORMAL2,Neutrophil,Neutrophil,Azizi2018_Breast::BC01_NORMAL2
Azizi2018_Breast,Breast,BC01_NORMAL2,Mast,Mast,Azizi2018_Breast::BC01_NORMAL2
Azizi2018_Breast,Breast,BC01_NORMAL3,T_cell,T cell,Azizi2018_Breast::BC01_NORMAL3
Azizi2018_Breast,Breast,BC01_NORMAL3,NK_cell,NK cell,Azizi2018_Breast::BC01_NORMAL3
Azizi2018_Breast,Breast,BC01_NORMAL3,B_cell,B cell,Azizi2018_Breast::BC01_NORMAL3
Azizi2018_Breast,Breast,BC01_NORMAL3,Dendritic,Dendritic,Azizi2018_Breast::BC01_NORMAL3
Azizi2018_Breast,Breast,BC01_NORMAL3,Macrophage,Macrophage,Azizi2018_Breast::BC01_NORMAL3
Azizi2018_Breast,Breast,BC01_NORMAL3,Monocyte,Monocyte,Azizi2018_Breast::BC01_NORMAL3
Azizi2018_Breast,Breast,BC01_NORMAL3,Neutrophil,Neutrophil,Azizi2018_Breast::BC01_NORMAL3
Azizi2018_Breast,Breast,BC01_NORMAL3,Mast,Mast,Azizi2018_Breast::BC01_NORMAL3
Azizi2018_Breast,Breast,BC01_NORMAL4,T_cell,T cell,Azizi2018_Breast::BC01_NORMAL4
Azizi2018_Breast,Breast,BC01_NORMAL4,NK_cell,NK cell,Azizi2018_Breast::BC01_NORMAL4
Azizi2018_Breast,Breast,BC01_NORMAL4,B_cell,B cell,Azizi2018_Breast::BC01_NORMAL4
Azizi2018_Breast,Breast,BC01_NORMAL4,NKT_cell,NKT cell,Azizi2018_Breast::BC01_NORMAL4
Azizi2018_Breast,Breast,BC01_NORMAL4,Dendritic,Dendritic,Azizi2018_Breast::BC01_NORMAL4
Azizi2018_Breast,Breast,BC01_NORMAL4,Monocyte,Monocyte,Azizi2018_Breast::BC01_NORMAL4
Azizi2018_Breast,Breast,BC01_NORMAL4,Mast,Mast,Azizi2018_Breast::BC01_NORMAL4
Azizi2018_Breast,Breast,BC01_TUMOR1,T_cell,T cell,Azizi2018_Breast::BC01_TUMOR1
Azizi2018_Breast,Breast,BC01_TUMOR1,NK_cell,NK cell,Azizi2018_Breast::BC01_TUMOR1
Azizi2018_Breast,Breast,BC01_TUMOR1,B_cell,B cell,Azizi2018_Breast::BC01_TUMOR1
Azizi2018_Breast,Breast,BC01_TUMOR1,NKT_cell,NKT cell,Azizi2018_Breast::BC01_TUMOR1
Azizi2018_Breast,Breast,BC01_TUMOR1,Dendritic,Dendritic,Azizi2018_Breast::BC01_TUMOR1
Azizi2018_Breast,Breast,BC01_TUMOR1,Macrophage,Macrophage,Azizi2018_Breast::BC01_TUMOR1
Azizi2018_Breast,Breast,BC01_TUMOR1,Monocyte,Monocyte,Azizi2018_Breast::BC01_TUMOR1
Azizi2018_Breast,Breast,BC01_TUMOR1,Neutrophil,Neutrophil,Azizi2018_Breast::BC01_TUMOR1
Azizi2018_Breast,Breast,BC01_TUMOR1,Mast,Mast,Azizi2018_Breast::BC01_TUMOR1
Azizi2018_Breast,Breast,BC01_TUMOR3,T_cell,T cell,Azizi2018_Breast::BC01_TUMOR3
Azizi2018_Breast,Breast,BC01_TUMOR3,NK_cell,NK cell,Azizi2018_Breast::BC01_TUMOR3
Azizi2018_Breast,Breast,BC01_TUMOR3,B_cell,B cell,Azizi2018_Breast::BC01_TUMOR3
Azizi2018_Breast,Breast,BC01_TUMOR3,Dendritic,Dendritic,Azizi2018_Breast::BC01_TUMOR3
Azizi2018_Breast,Breast,BC01_TUMOR3,Macrophage,Macrophage,Azizi2018_Breast::BC01_TUMOR3
Azizi2018_Breast,Breast,BC01_TUMOR3,Monocyte,Monocyte,Azizi2018_Breast::BC01_TUMOR3
Azizi2018_Breast,Breast,BC01_TUMOR3,Mast,Mast,Azizi2018_Breast::BC01_TUMOR3
Azizi2018_Breast,Breast,BC01_TUMOR4,T_cell,T cell,Azizi2018_Breast::BC01_TUMOR4
Azizi2018_Breast,Breast,BC01_TUMOR4,NK_cell,NK cell,Azizi2018_Breast::BC01_TUMOR4
Azizi2018_Breast,Breast,BC01_TUMOR4,B_cell,B cell,Azizi2018_Breast::BC01_TUMOR4
Azizi2018_Breast,Breast,BC01_TUMOR4,NKT_cell,NKT cell,Azizi2018_Breast::BC01_TUMOR4
Azizi2018_Breast,Breast,BC01_TUMOR4,Dendritic,Dendritic,Azizi2018_Breast::BC01_TUMOR4
Azizi2018_Breast,Breast,BC01_TUMOR4,Macrophage,Macrophage,Azizi2018_Breast::BC01_TUMOR4
Azizi2018_Breast,Breast,BC01_TUMOR4,Monocyte,Monocyte,Azizi2018_Breast::BC01_TUMOR4
Azizi2018_Breast,Breast,BC01_TUMOR4,Mast,Mast,Azizi2018_Breast::BC01_TUMOR4
Bassez2021_Breast,Breast,BIOKEY_1,T_cell,T cell,Bassez2021_Breast::BIOKEY_1
Bassez2021_Breast,Breast,BIOKEY_1,Malignant,Malignant,Bassez2021_Breast::BIOKEY_1
Bassez2021_Breast,Breast,BIOKEY_1,Fibroblast,Fibroblast,Bassez2021_Breast::BIOKEY_1
Bassez2021_Breast,Breast,BIOKEY_1,Endothelial,Endothelial,Bassez2021_Breast::BIOKEY_1
Bassez2021_Breast,Breast,BIOKEY_1,B_cell,B cell,Bassez2021_Breast::BIOKEY_1
Bassez2021_Breast,Breast,BIOKEY_1,Myeloid,Myeloid,Bassez2021_Breast::BIOKEY_1
Bassez2021_Breast,Breast,BIOKEY_1,Dendritic,Dendritic,Bassez2021_Breast::BIOKEY_1
Bassez2021_Breast,Breast,BIOKEY_10,T_cell,T cell,Bassez2021_Breast::BIOKEY_10
Bassez2021_Breast,Breast,BIOKEY_10,Endothelial,Endothelial,Bassez2021_Breast::BIOKEY_10
Bassez2021_Breast,Breast,BIOKEY_10,Myeloid,Myeloid,Bassez2021_Breast::BIOKEY_10
Bassez2021_Breast,Breast,BIOKEY_10,Malignant,Malignant,Bassez2021_Breast::BIOKEY_10
Bassez2021_Breast,Breast,BIOKEY_10,B_cell,B cell,Bassez2021_Breast::BIOKEY_10
Bassez2021_Breast,Breast,BIOKEY_10,Fibroblast,Fibroblast,Bassez2021_Breast::BIOKEY_10
Bassez2021_Breast,Breast,BIOKEY_10,Dendritic,Dendritic,Bassez2021_Breast::BIOKEY_10
Bassez2021_Breast,Breast,BIOKEY_10,Mast,Mast,Bassez2021_Breast::BIOKEY_10
Bassez2021_Breast,Breast,BIOKEY_11,Myeloid,Myeloid,Bassez2021_Breast::BIOKEY_11
Bassez2021_Breast,Breast,BIOKEY_11,T_cell,T cell,Bassez2021_Breast::BIOKEY_11
Bassez2021_Breast,Breast,BIOKEY_11,Malignant,Malignant,Bassez2021_Breast::BIOKEY_11
Bassez2021_Breast,Breast,BIOKEY_11,B_cell,B cell,Bassez2021_Breast::BIOKEY_11
Bassez2021_Breast,Breast,BIOKEY_11,Dendritic,Dendritic,Bassez2021_Breast::BIOKEY_11
Bassez2021_Breast,Breast,BIOKEY_11,Fibroblast,Fibroblast,Bassez2021_Breast::BIOKEY_11
Bassez2021_Breast,Breast,BIOKEY_11,Endothelial,Endothelial,Bassez2021_Breast::BIOKEY_11
Bassez2021_Breast,Breast,BIOKEY_11,Mast,Mast,Bassez2021_Breast::BIOKEY_11
Bassez2021_Breast,Breast,BIOKEY_12,Fibroblast,Fibroblast,Bassez2021_Breast::BIOKEY_12
Bassez2021_Breast,Breast,BIOKEY_12,T_cell,T cell,Bassez2021_Breast::BIOKEY_12
Bassez2021_Breast,Breast,BIOKEY_12,Malignant,Malignant,Bassez2021_Breast::BIOKEY_12
Bassez2021_Breast,Breast,BIOKEY_12,Endothelial,Endothelial,Bassez2021_Breast::BIOKEY_12
Bassez2021_Breast,Breast,BIOKEY_12,Myeloid,Myeloid,Bassez2021_Breast::BIOKEY_12
Bassez2021_Breast,Breast,BIOKEY_12,B_cell,B cell,Bassez2021_Breast::BIOKEY_12
Bassez2021_Breast,Breast,BIOKEY_12,Dendritic,Dendritic,Bassez2021_Breast::BIOKEY_12
Bassez2021_Breast,Breast,BIOKEY_12,Mast,Mast,Bassez2021_Breast::BIOKEY_12
Bassez2021_Breast,Breast,BIOKEY_13,B_cell,B cell,Bassez2021_Breast::BIOKEY_13
Bassez2021_Breast,Breast,BIOKEY_13,Endothelial,Endothelial,Bassez2021_Breast::BIOKEY_13
Bassez2021_Breast,Breast,BIOKEY_13,T_cell,T cell,Bassez2021_Breast::BIOKEY_13
Bassez2021_Breast,Breast,BIOKEY_13,Myeloid,Myeloid,Bassez2021_Breast::BIOKEY_13
Bassez2021_Breast,Breast,BIOKEY_13,Malignant,Malignant,Bassez2021_Breast::BIOKEY_13
Bassez2021_Breast,Breast,BIOKEY_13,Fibroblast,Fibroblast,Bassez2021_Breast::BIOKEY_13
Bassez2021_Breast,Breast,BIOKEY_13,Mast,Mast,Bassez2021_Breast::BIOKEY_13
Bassez2021_Breast,Breast,BIOKEY_13,Dendritic,Dendritic,Bassez2021_Breast::BIOKEY_13
Bassez2021_Breast,Breast,BIOKEY_14,Fibroblast,Fibroblast,Bassez2021_Breast::BIOKEY_14
Bassez2021_Breast,Breast,BIOKEY_14,T_cell,T cell,Bassez2021_Breast::BIOKEY_14
Bassez2021_Breast,Breast,BIOKEY_14,Endothelial,Endothelial,Bassez2021_Breast::BIOKEY_14
Bassez2021_Breast,Breast,BIOKEY_14,Malignant,Malignant,Bassez2021_Breast::BIOKEY_14
Bassez2021_Breast,Breast,BIOKEY_14,Myeloid,Myeloid,Bassez2021_Breast::BIOKEY_14
Bassez2021_Breast,Breast,BIOKEY_14,B_cell,B cell,Bassez2021_Breast::BIOKEY_14
Bassez2021_Breast,Breast,BIOKEY_14,Mast,Mast,Bassez2021_Breast::BIOKEY_14
Bassez2021_Breast,Breast,BIOKEY_14,Dendritic,Dendritic,Bassez2021_Breast::BIOKEY_14
Bassez2021_Breast,Breast,BIOKEY_15,Myeloid,Myeloid,Bassez2021_Breast::BIOKEY_15
Bassez2021_Breast,Breast,BIOKEY_15,T_cell,T cell,Bassez2021_Breast::BIOKEY_15
Bassez2021_Breast,Breast,BIOKEY_15,Malignant,Malignant,Bassez2021_Breast::BIOKEY_15
Bassez2021_Breast,Breast,BIOKEY_15,B_cell,B cell,Bassez2021_Breast::BIOKEY_15
Bassez2021_Breast,Breast,BIOKEY_15,Fibroblast,Fibroblast,Bassez2021_Breast::BIOKEY_15
Bassez2021_Breast,Breast,BIOKEY_15,Endothelial,Endothelial,Bassez2021_Breast::BIOKEY_15
Bassez2021_Breast,Breast,BIOKEY_15,Dendritic,Dendritic,Bassez2021_Breast::BIOKEY_15
Bassez2021_Breast,Breast,BIOKEY_15,Mast,Mast,Bassez2021_Breast::BIOKEY_15
Bassez2021_Breast,Breast,BIOKEY_16,Myeloid,Myeloid,Bassez2021_Breast::BIOKEY_16
Bassez2021_Breast,Breast,BIOKEY_16,T_cell,T cell,Bassez2021_Breast::BIOKEY_16
Bassez2021_Breast,Breast,BIOKEY_16,B_cell,B cell,Bassez2021_Breast::BIOKEY_16
Bassez2021_Breast,Breast,BIOKEY_16,Malignant,Malignant,Bassez2021_Breast::BIOKEY_16
Bassez2021_Breast,Breast,BIOKEY_16,Fibroblast,Fibroblast,Bassez2021_Breast::BIOKEY_16
Bassez2021_Breast,Breast,BIOKEY_16,Dendritic,Dendritic,Bassez2021_Breast::BIOKEY_16
Bassez2021_Breast,Breast,BIOKEY_16,Endothelial,Endothelial,Bassez2021_Breast::BIOKEY_16
Bassez2021_Breast,Breast,BIOKEY_16,Mast,Mast,Bassez2021_Breast::BIOKEY_16
Bassez2021_Breast,Breast,BIOKEY_17,Malignant,Malignant,Bassez2021_Breast::BIOKEY_17
Bassez2021_Breast,Breast,BIOKEY_17,Fibroblast,Fibroblast,Bassez2021_Breast::BIOKEY_17
Bassez2021_Breast,Breast,BIOKEY_17,Myeloid,Myeloid,Bassez2021_Breast::BIOKEY_17
Bassez2021_Breast,Breast,BIOKEY_17,T_cell,T cell,Bassez2021_Breast::BIOKEY_17
Bassez2021_Breast,Breast,BIOKEY_17,Endothelial,Endothelial,Bassez2021_Breast::BIOKEY_17
Bassez2021_Breast,Breast,BIOKEY_17,Mast,Mast,Bassez2021_Breast::BIOKEY_17
Bassez2021_Breast,Breast,BIOKEY_17,B_cell,B cell,Bassez2021_Breast::BIOKEY_17
Bassez2021_Breast,Breast,BIOKEY_17,Dendritic,Dendritic,Bassez2021_Breast::BIOKEY_17
Bassez2021_Breast,Breast,BIOKEY_18,T_cell,T cell,Bassez2021_Breast::BIOKEY_18
Bassez2021_Breast,Breast,BIOKEY_18,Endothelial,Endothelial,Bassez2021_Breast::BIOKEY_18
Bassez2021_Breast,Breast,BIOKEY_18,Malignant,Malignant,Bassez2021_Breast::BIOKEY_18
Bassez2021_Breast,Breast,BIOKEY_18,Myeloid,Myeloid,Bassez2021_Breast::BIOKEY_18
Bassez2021_Breast,Breast,BIOKEY_18,Fibroblast,Fibroblast,Bassez2021_Breast::BIOKEY_18
Bassez2021_Breast,Breast,BIOKEY_18,B_cell,B cell,Bassez2021_Breast::BIOKEY_18
Bassez2021_Breast,Breast,BIOKEY_18,Mast,Mast,Bassez2021_Breast::BIOKEY_18
Bassez2021_Breast,Breast,BIOKEY_18,Dendritic,Dendritic,Bassez2021_Breast::BIOKEY_18
Bassez2021_Breast,Breast,BIOKEY_19,Fibroblast,Fibroblast,Bassez2021_Breast::BIOKEY_19
Bassez2021_Breast,Breast,BIOKEY_19,T_cell,T cell,Bassez2021_Breast::BIOKEY_19
Bassez2021_Breast,Breast,BIOKEY_19,B_cell,B cell,Bassez2021_Breast::BIOKEY_19
Bassez2021_Breast,Breast,BIOKEY_19,Malignant,Malignant,Bassez2021_Breast::BIOKEY_19
Bassez2021_Breast,Breast,BIOKEY_19,Myeloid,Myeloid,Bassez2021_Breast::BIOKEY_19
Bassez2021_Breast,Breast,BIOKEY_19,Endothelial,Endothelial,Bassez2021_Breast::BIOKEY_19
Bassez2021_Breast,Breast,BIOKEY_19,Dendritic,Dendritic,Bassez2021_Breast::BIOKEY_19
Bassez2021_Breast,Breast,BIOKEY_19,Mast,Mast,Bassez2021_Breast::BIOKEY_19
Bassez2021_Breast,Breast,BIOKEY_2,Fibroblast,Fibroblast,Bassez2021_Breast::BIOKEY_2
Bassez2021_Breast,Breast,BIOKEY_2,Malignant,Malignant,Bassez2021_Breast::BIOKEY_2
Bassez2021_Breast,Breast,BIOKEY_2,B_cell,B cell,Bassez2021_Breast::BIOKEY_2
Bassez2021_Breast,Breast,BIOKEY_2,T_cell,T cell,Bassez2021_Breast::BIOKEY_2
Bassez2021_Breast,Breast,BIOKEY_2,Myeloid,Myeloid,Bassez2021_Breast::BIOKEY_2
Bassez2021_Breast,Breast,BIOKEY_2,Endothelial,Endothelial,Bassez2021_Breast::BIOKEY_2
Bassez2021_Breast,Breast,BIOKEY_2,Dendritic,Dendritic,Bassez2021_Breast::BIOKEY_2
Bassez2021_Breast,Breast,BIOKEY_2,Mast,Mast,Bassez2021_Breast::BIOKEY_2
Bassez2021_Breast,Breast,BIOKEY_20,Endothelial,Endothelial,Bassez2021_Breast::BIOKEY_20
Bassez2021_Breast,Breast,BIOKEY_20,Fibroblast,Fibroblast,Bassez2021_Breast::BIOKEY_20
Bassez2021_Breast,Breast,BIOKEY_20,Malignant,Malignant,Bassez2021_Breast::BIOKEY_20
Bassez2021_Breast,Breast,BIOKEY_20,T_cell,T cell,Bassez2021_Breast::BIOKEY_20
Bassez2021_Breast,Breast,BIOKEY_20,B_cell,B cell,Bassez2021_Breast::BIOKEY_20
Bassez2021_Breast,Breast,BIOKEY_20,Myeloid,Myeloid,Bassez2021_Breast::BIOKEY_20
Bassez2021_Breast,Breast,BIOKEY_20,Mast,Mast,Bassez2021_Breast::BIOKEY_20
Bassez2021_Breast,Breast,BIOKEY_20,Dendritic,Dendritic,Bassez2021_Breast::BIOKEY_20
Bassez2021_Breast,Breast,BIOKEY_21,Malignant,Malignant,Bassez2021_Breast::BIOKEY_21
Bassez2021_Breast,Breast,BIOKEY_21,Myeloid,Myeloid,Bassez2021_Breast::BIOKEY_21
Bassez2021_Breast,Breast,BIOKEY_21,Endothelial,Endothelial,Bassez2021_Breast::BIOKEY_21
Bassez2021_Breast,Breast,BIOKEY_21,T_cell,T cell,Bassez2021_Breast::BIOKEY_21
Bassez2021_Breast,Breast,BIOKEY_21,Fibroblast,Fibroblast,Bassez2021_Breast::BIOKEY_21
Bassez2021_Breast,Breast,BIOKEY_21,B_cell,B cell,Bassez2021_Breast::BIOKEY_21
Bassez2021_Breast,Breast,BIOKEY_21,Dendritic,Dendritic,Bassez2021_Breast::BIOKEY_21
Bassez2021_Breast,Breast,BIOKEY_21,Mast,Mast,Bassez2021_Breast::BIOKEY_21
Bassez2021_Breast,Breast,BIOKEY_22,Malignant,Malignant,Bassez2021_Breast::BIOKEY_22
Bassez2021_Breast,Breast,BIOKEY_22,Fibroblast,Fibroblast,Bassez2021_Breast::BIOKEY_22
Bassez2021_Breast,Breast,BIOKEY_22,Myeloid,Myeloid,Bassez2021_Breast::BIOKEY_22
Bassez2021_Breast,Breast,BIOKEY_22,Endothelial,Endothelial,Bassez2021_Breast::BIOKEY_22
Bassez2021_Breast,Breast,BIOKEY_22,T_cell,T cell,Bassez2021_Breast::BIOKEY_22
Bassez2021_Breast,Breast,BIOKEY_22,Mast,Mast,Bassez2021_Breast::BIOKEY_22
Bassez2021_Breast,Breast,BIOKEY_22,B_cell,B cell,Bassez2021_Breast::BIOKEY_22
Bassez2021_Breast,Breast,BIOKEY_22,Dendritic,Dendritic,Bassez2021_Breast::BIOKEY_22
Bassez2021_Breast,Breast,BIOKEY_23,Malignant,Malignant,Bassez2021_Breast::BIOKEY_23
Bassez2021_Breast,Breast,BIOKEY_23,Fibroblast,Fibroblast,Bassez2021_Breast::BIOKEY_23
Bassez2021_Breast,Breast,BIOKEY_23,Endothelial,Endothelial,Bassez2021_Breast::BIOKEY_23
Bassez2021_Breast,Breast,BIOKEY_23,Myeloid,Myeloid,Bassez2021_Breast::BIOKEY_23
Bassez2021_Breast,Breast,BIOKEY_23,T_cell,T cell,Bassez2021_Breast::BIOKEY_23
Bassez2021_Breast,Breast,BIOKEY_23,B_cell,B cell,Bassez2021_Breast::BIOKEY_23
Bassez2021_Breast,Breast,BIOKEY_23,Dendritic,Dendritic,Bassez2021_Breast::BIOKEY_23
Bassez2021_Breast,Breast,BIOKEY_23,Mast,Mast,Bassez2021_Breast::BIOKEY_23
Bassez2021_Breast,Breast,BIOKEY_24,Myeloid,Myeloid,Bassez2021_Breast::BIOKEY_24
Bassez2021_Breast,Breast,BIOKEY_24,Malignant,Malignant,Bassez2021_Breast::BIOKEY_24
Bassez2021_Breast,Breast,BIOKEY_24,Fibroblast,Fibroblast,Bassez2021_Breast::BIOKEY_24
Bassez2021_Breast,Breast,BIOKEY_24,T_cell,T cell,Bassez2021_Breast::BIOKEY_24
Bassez2021_Breast,Breast,BIOKEY_24,Endothelial,Endothelial,Bassez2021_Breast::BIOKEY_24
Bassez2021_Breast,Breast,BIOKEY_24,Mast,Mast,Bassez2021_Breast::BIOKEY_24
Bassez2021_Breast,Breast,BIOKEY_24,B_cell,B cell,Bassez2021_Breast::BIOKEY_24
Bassez2021_Breast,Breast,BIOKEY_24,Dendritic,Dendritic,Bassez2021_Breast::BIOKEY_24
Bassez2021_Breast,Breast,BIOKEY_25,T_cell,T cell,Bassez2021_Breast::BIOKEY_25
Bassez2021_Breast,Breast,BIOKEY_25,Malignant,Malignant,Bassez2021_Breast::BIOKEY_25
Bassez2021_Breast,Breast,BIOKEY_25,B_cell,B cell,Bassez2021_Breast::BIOKEY_25
Bassez2021_Breast,Breast,BIOKEY_25,Myeloid,Myeloid,Bassez2021_Breast::BIOKEY_25
Bassez2021_Breast,Breast,BIOKEY_25,Fibroblast,Fibroblast,Bassez2021_Breast::BIOKEY_25
Bassez2021_Breast,Breast,BIOKEY_25,Dendritic,Dendritic,Bassez2021_Breast::BIOKEY_25
Bassez2021_Breast,Breast,BIOKEY_25,Endothelial,Endothelial,Bassez2021_Breast::BIOKEY_25
Bassez2021_Breast,Breast,BIOKEY_26,Malignant,Malignant,Bassez2021_Breast::BIOKEY_26
Bassez2021_Breast,Breast,BIOKEY_26,Fibroblast,Fibroblast,Bassez2021_Breast::BIOKEY_26
Bassez2021_Breast,Breast,BIOKEY_26,Myeloid,Myeloid,Bassez2021_Breast::BIOKEY_26
Bassez2021_Breast,Breast,BIOKEY_26,Endothelial,Endothelial,Bassez2021_Breast::BIOKEY_26
Bassez2021_Breast,Breast,BIOKEY_26,T_cell,T cell,Bassez2021_Breast::BIOKEY_26
Bassez2021_Breast,Breast,BIOKEY_26,B_cell,B cell,Bassez2021_Breast::BIOKEY_26
Bassez2021_Breast,Breast,BIOKEY_26,Mast,Mast,Bassez2021_Breast::BIOKEY_26
Bassez2021_Breast,Breast,BIOKEY_26,Dendritic,Dendritic,Bassez2021_Breast::BIOKEY_26
Bassez2021_Breast,Breast,BIOKEY_27,Fibroblast,Fibroblast,Bassez2021_Breast::BIOKEY_27
Bassez2021_Breast,Breast,BIOKEY_27,T_cell,T cell,Bassez2021_Breast::BIOKEY_27
Bassez2021_Breast,Breast,BIOKEY_27,Myeloid,Myeloid,Bassez2021_Breast::BIOKEY_27
Bassez2021_Breast,Breast,BIOKEY_27,Malignant,Malignant,Bassez2021_Breast::BIOKEY_27
Bassez2021_Breast,Breast,BIOKEY_27,Endothelial,Endothelial,Bassez2021_Breast::BIOKEY_27
Bassez2021_Breast,Breast,BIOKEY_27,B_cell,B cell,Bassez2021_Breast::BIOKEY_27
Bassez2021_Breast,Breast,BIOKEY_27,Mast,Mast,Bassez2021_Breast::BIOKEY_27
Bassez2021_Breast,Breast,BIOKEY_27,Dendritic,Dendritic,Bassez2021_Breast::BIOKEY_27
Bassez2021_Breast,Breast,BIOKEY_28,Myeloid,Myeloid,Bassez2021_Breast::BIOKEY_28
Bassez2021_Breast,Breast,BIOKEY_28,Malignant,Malignant,Bassez2021_Breast::BIOKEY_28
Bassez2021_Breast,Breast,BIOKEY_28,T_cell,T cell,Bassez2021_Breast::BIOKEY_28
Bassez2021_Breast,Breast,BIOKEY_28,Fibroblast,Fibroblast,Bassez2021_Breast::BIOKEY_28
Bassez2021_Breast,Breast,BIOKEY_28,B_cell,B cell,Bassez2021_Breast::BIOKEY_28
Bassez2021_Breast,Breast,BIOKEY_28,Dendritic,Dendritic,Bassez2021_Breast::BIOKEY_28
Bassez2021_Breast,Breast,BIOKEY_28,Mast,Mast,Bassez2021_Breast::BIOKEY_28
Bassez2021_Breast,Breast,BIOKEY_28,Endothelial,Endothelial,Bassez2021_Breast::BIOKEY_28
Bassez2021_Breast,Breast,BIOKEY_29,T_cell,T cell,Bassez2021_Breast::BIOKEY_29
Bassez2021_Breast,Breast,BIOKEY_29,Malignant,Malignant,Bassez2021_Breast::BIOKEY_29
Bassez2021_Breast,Breast,BIOKEY_29,B_cell,B cell,Bassez2021_Breast::BIOKEY_29
Bassez2021_Breast,Breast,BIOKEY_29,Fibroblast,Fibroblast,Bassez2021_Breast::BIOKEY_29
Bassez2021_Breast,Breast,BIOKEY_29,Endothelial,Endothelial,Bassez2021_Breast::BIOKEY_29
Bassez2021_Breast,Breast,BIOKEY_29,Myeloid,Myeloid,Bassez2021_Breast::BIOKEY_29
Bassez2021_Breast,Breast,BIOKEY_29,Mast,Mast,Bassez2021_Breast::BIOKEY_29
Bassez2021_Breast,Breast,BIOKEY_29,Dendritic,Dendritic,Bassez2021_Breast::BIOKEY_29
Bassez2021_Breast,Breast,BIOKEY_3,Fibroblast,Fibroblast,Bassez2021_Breast::BIOKEY_3
Bassez2021_Breast,Breast,BIOKEY_3,T_cell,T cell,Bassez2021_Breast::BIOKEY_3
Bassez2021_Breast,Breast,BIOKEY_3,Endothelial,Endothelial,Bassez2021_Breast::BIOKEY_3
Bassez2021_Breast,Breast,BIOKEY_3,Malignant,Malignant,Bassez2021_Breast::BIOKEY_3
Bassez2021_Breast,Breast,BIOKEY_3,Mast,Mast,Bassez2021_Breast::BIOKEY_3
Bassez2021_Breast,Breast,BIOKEY_3,Myeloid,Myeloid,Bassez2021_Breast::BIOKEY_3
Bassez2021_Breast,Breast,BIOKEY_3,B_cell,B cell,Bassez2021_Breast::BIOKEY_3
Bassez2021_Breast,Breast,BIOKEY_3,Dendritic,Dendritic,Bassez2021_Breast::BIOKEY_3
Bassez2021_Breast,Breast,BIOKEY_30,Malignant,Malignant,Bassez2021_Breast::BIOKEY_30
Bassez2021_Breast,Breast,BIOKEY_30,Mast,Mast,Bassez2021_Breast::BIOKEY_30
Bassez2021_Breast,Breast,BIOKEY_30,T_cell,T cell,Bassez2021_Breast::BIOKEY_30
Bassez2021_Breast,Breast,BIOKEY_30,Fibroblast,Fibroblast,Bassez2021_Breast::BIOKEY_30
Bassez2021_Breast,Breast,BIOKEY_30,Myeloid,Myeloid,Bassez2021_Breast::BIOKEY_30
Bassez2021_Breast,Breast,BIOKEY_30,B_cell,B cell,Bassez2021_Breast::BIOKEY_30
Bassez2021_Breast,Breast,BIOKEY_30,Endothelial,Endothelial,Bassez2021_Breast::BIOKEY_30
Bassez2021_Breast,Breast,BIOKEY_31,T_cell,T cell,Bassez2021_Breast::BIOKEY_31
Bassez2021_Breast,Breast,BIOKEY_31,Myeloid,Myeloid,Bassez2021_Breast::BIOKEY_31
Bassez2021_Breast,Breast,BIOKEY_31,Malignant,Malignant,Bassez2021_Breast::BIOKEY_31
Bassez2021_Breast,Breast,BIOKEY_31,B_cell,B cell,Bassez2021_Breast::BIOKEY_31
Bassez2021_Breast,Breast,BIOKEY_31,Fibroblast,Fibroblast,Bassez2021_Breast::BIOKEY_31
Bassez2021_Breast,Breast,BIOKEY_31,Mast,Mast,Bassez2021_Breast::BIOKEY_31
Bassez2021_Breast,Breast,BIOKEY_31,Dendritic,Dendritic,Bassez2021_Breast::BIOKEY_31
Bassez2021_Breast,Breast,BIOKEY_31,Endothelial,Endothelial,Bassez2021_Breast::BIOKEY_31
Bassez2021_Breast,Breast,BIOKEY_32,Fibroblast,Fibroblast,Bassez2021_Breast::BIOKEY_32
Bassez2021_Breast,Breast,BIOKEY_32,Endothelial,Endothelial,Bassez2021_Breast::BIOKEY_32
Bassez2021_Breast,Breast,BIOKEY_32,Malignant,Malignant,Bassez2021_Breast::BIOKEY_32
Bassez2021_Breast,Breast,BIOKEY_32,T_cell,T cell,Bassez2021_Breast::BIOKEY_32
Bassez2021_Breast,Breast,BIOKEY_32,Myeloid,Myeloid,Bassez2021_Breast::BIOKEY_32
Bassez2021_Breast,Breast,BIOKEY_32,B_cell,B cell,Bassez2021_Breast::BIOKEY_32
Bassez2021_Breast,Breast,BIOKEY_32,Dendritic,Dendritic,Bassez2021_Breast::BIOKEY_32
Bassez2021_Breast,Breast,BIOKEY_32,Mast,Mast,Bassez2021_Breast::BIOKEY_32
Bassez2021_Breast,Breast,BIOKEY_33,T_cell,T cell,Bassez2021_Breast::BIOKEY_33
Bassez2021_Breast,Breast,BIOKEY_33,Myeloid,Myeloid,Bassez2021_Breast::BIOKEY_33
Bassez2021_Breast,Breast,BIOKEY_33,Fibroblast,Fibroblast,Bassez2021_Breast::BIOKEY_33
Bassez2021_Breast,Breast,BIOKEY_33,Endothelial,Endothelial,Bassez2021_Breast::BIOKEY_33
Bassez2021_Breast,Breast,BIOKEY_33,B_cell,B cell,Bassez2021_Breast::BIOKEY_33
Bassez2021_Breast,Breast,BIOKEY_33,Dendritic,Dendritic,Bassez2021_Breast::BIOKEY_33
Bassez2021_Breast,Breast,BIOKEY_33,Malignant,Malignant,Bassez2021_Breast::BIOKEY_33
Bassez2021_Breast,Breast,BIOKEY_33,Mast,Mast,Bassez2021_Breast::BIOKEY_33
Bassez2021_Breast,Breast,BIOKEY_34,Myeloid,Myeloid,Bassez2021_Breast::BIOKEY_34
Bassez2021_Breast,Breast,BIOKEY_34,T_cell,T cell,Bassez2021_Breast::BIOKEY_34
Bassez2021_Breast,Breast,BIOKEY_34,Fibroblast,Fibroblast,Bassez2021_Breast::BIOKEY_34
Bassez2021_Breast,Breast,BIOKEY_34,Endothelial,Endothelial,Bassez2021_Breast::BIOKEY_34
Bassez2021_Breast,Breast,BIOKEY_34,Malignant,Malignant,Bassez2021_Breast::BIOKEY_34
Bassez2021_Breast,Breast,BIOKEY_34,Dendritic,Dendritic,Bassez2021_Breast::BIOKEY_34
Bassez2021_Breast,Breast,BIOKEY_34,B_cell,B cell,Bassez2021_Breast::BIOKEY_34
Bassez2021_Breast,Breast,BIOKEY_35,T_cell,T cell,Bassez2021_Breast::BIOKEY_35
Bassez2021_Breast,Breast,BIOKEY_35,Myeloid,Myeloid,Bassez2021_Breast::BIOKEY_35
Bassez2021_Breast,Breast,BIOKEY_35,Malignant,Malignant,Bassez2021_Breast::BIOKEY_35
Bassez2021_Breast,Breast,BIOKEY_35,B_cell,B cell,Bassez2021_Breast::BIOKEY_35
Bassez2021_Breast,Breast,BIOKEY_35,Fibroblast,Fibroblast,Bassez2021_Breast::BIOKEY_35
Bassez2021_Breast,Breast,BIOKEY_35,Dendritic,Dendritic,Bassez2021_Breast::BIOKEY_35
Bassez2021_Breast,Breast,BIOKEY_35,Endothelial,Endothelial,Bassez2021_Breast::BIOKEY_35
Bassez2021_Breast,Breast,BIOKEY_35,Mast,Mast,Bassez2021_Breast::BIOKEY_35
Bassez2021_Breast,Breast,BIOKEY_36,Fibroblast,Fibroblast,Bassez2021_Breast::BIOKEY_36
Bassez2021_Breast,Breast,BIOKEY_36,T_cell,T cell,Bassez2021_Breast::BIOKEY_36
Bassez2021_Breast,Breast,BIOKEY_36,B_cell,B cell,Bassez2021_Breast::BIOKEY_36
Bassez2021_Breast,Breast,BIOKEY_36,Endothelial,Endothelial,Bassez2021_Breast::BIOKEY_36
Bassez2021_Breast,Breast,BIOKEY_36,Myeloid,Myeloid,Bassez2021_Breast::BIOKEY_36
Bassez2021_Breast,Breast,BIOKEY_36,Dendritic,Dendritic,Bassez2021_Breast::BIOKEY_36
Bassez2021_Breast,Breast,BIOKEY_36,Malignant,Malignant,Bassez2021_Breast::BIOKEY_36
Bassez2021_Breast,Breast,BIOKEY_36,Mast,Mast,Bassez2021_Breast::BIOKEY_36
Bassez2021_Breast,Breast,BIOKEY_37,Myeloid,Myeloid,Bassez2021_Breast::BIOKEY_37
Bassez2021_Breast,Breast,BIOKEY_37,Malignant,Malignant,Bassez2021_Breast::BIOKEY_37
Bassez2021_Breast,Breast,BIOKEY_37,T_cell,T cell,Bassez2021_Breast::BIOKEY_37
Bassez2021_Breast,Breast,BIOKEY_37,Fibroblast,Fibroblast,Bassez2021_Breast::BIOKEY_37
Bassez2021_Breast,Breast,BIOKEY_37,Endothelial,Endothelial,Bassez2021_Breast::BIOKEY_37
Bassez2021_Breast,Breast,BIOKEY_37,Dendritic,Dendritic,Bassez2021_Breast::BIOKEY_37
Bassez2021_Breast,Breast,BIOKEY_37,B_cell,B cell,Bassez2021_Breast::BIOKEY_37
Bassez2021_Breast,Breast,BIOKEY_37,Mast,Mast,Bassez2021_Breast::BIOKEY_37
Bassez2021_Breast,Breast,BIOKEY_38,Fibroblast,Fibroblast,Bassez2021_Breast::BIOKEY_38
Bassez2021_Breast,Breast,BIOKEY_38,Myeloid,Myeloid,Bassez2021_Breast::BIOKEY_38
Bassez2021_Breast,Breast,BIOKEY_38,Endothelial,Endothelial,Bassez2021_Breast::BIOKEY_38
Bassez2021_Breast,Breast,BIOKEY_38,Malignant,Malignant,Bassez2021_Breast::BIOKEY_38
Bassez2021_Breast,Breast,BIOKEY_38,Mast,Mast,Bassez2021_Breast::BIOKEY_38
Bassez2021_Breast,Breast,BIOKEY_38,T_cell,T cell,Bassez2021_Breast::BIOKEY_38
Bassez2021_Breast,Breast,BIOKEY_38,B_cell,B cell,Bassez2021_Breast::BIOKEY_38
Bassez2021_Breast,Breast,BIOKEY_39,Fibroblast,Fibroblast,Bassez2021_Breast::BIOKEY_39
Bassez2021_Breast,Breast,BIOKEY_39,T_cell,T cell,Bassez2021_Breast::BIOKEY_39
Bassez2021_Breast,Breast,BIOKEY_39,Endothelial,Endothelial,Bassez2021_Breast::BIOKEY_39
Bassez2021_Breast,Breast,BIOKEY_39,Malignant,Malignant,Bassez2021_Breast::BIOKEY_39
Bassez2021_Breast,Breast,BIOKEY_39,Myeloid,Myeloid,Bassez2021_Breast::BIOKEY_39
Bassez2021_Breast,Breast,BIOKEY_39,Dendritic,Dendritic,Bassez2021_Breast::BIOKEY_39
Bassez2021_Breast,Breast,BIOKEY_39,B_cell,B cell,Bassez2021_Breast::BIOKEY_39
Bassez2021_Breast,Breast,BIOKEY_39,Mast,Mast,Bassez2021_Breast::BIOKEY_39
Bassez2021_Breast,Breast,BIOKEY_4,T_cell,T cell,Bassez2021_Breast::BIOKEY_4
Bassez2021_Breast,Breast,BIOKEY_4,B_cell,B cell,Bassez2021_Breast::BIOKEY_4
Bassez2021_Breast,Breast,BIOKEY_4,Fibroblast,Fibroblast,Bassez2021_Breast::BIOKEY_4
Bassez2021_Breast,Breast,BIOKEY_4,Malignant,Malignant,Bassez2021_Breast::BIOKEY_4
Bassez2021_Breast,Breast,BIOKEY_4,Myeloid,Myeloid,Bassez2021_Breast::BIOKEY_4
Bassez2021_Breast,Breast,BIOKEY_4,Dendritic,Dendritic,Bassez2021_Breast::BIOKEY_4
Bassez2021_Breast,Breast,BIOKEY_4,Endothelial,Endothelial,Bassez2021_Breast::BIOKEY_4
Bassez2021_Breast,Breast,BIOKEY_4,Mast,Mast,Bassez2021_Breast::BIOKEY_4
Bassez2021_Breast,Breast,BIOKEY_40,Endothelial,Endothelial,Bassez2021_Breast::BIOKEY_40
Bassez2021_Breast,Breast,BIOKEY_40,Fibroblast,Fibroblast,Bassez2021_Breast::BIOKEY_40
Bassez2021_Breast,Breast,BIOKEY_40,T_cell,T cell,Bassez2021_Breast::BIOKEY_40
Bassez2021_Breast,Breast,BIOKEY_40,Myeloid,Myeloid,Bassez2021_Breast::BIOKEY_40
Bassez2021_Breast,Breast,BIOKEY_40,Mast,Mast,Bassez2021_Breast::BIOKEY_40
Bassez2021_Breast,Breast,BIOKEY_40,B_cell,B cell,Bassez2021_Breast::BIOKEY_40
Bassez2021_Breast,Breast,BIOKEY_40,Malignant,Malignant,Bassez2021_Breast::BIOKEY_40
Bassez2021_Breast,Breast,BIOKEY_40,Dendritic,Dendritic,Bassez2021_Breast::BIOKEY_40
Bassez2021_Breast,Breast,BIOKEY_41,Malignant,Malignant,Bassez2021_Breast::BIOKEY_41
Bassez2021_Breast,Breast,BIOKEY_41,T_cell,T cell,Bassez2021_Breast::BIOKEY_41
Bassez2021_Breast,Breast,BIOKEY_41,Fibroblast,Fibroblast,Bassez2021_Breast::BIOKEY_41
Bassez2021_Breast,Breast,BIOKEY_41,Myeloid,Myeloid,Bassez2021_Breast::BIOKEY_41
Bassez2021_Breast,Breast,BIOKEY_41,Endothelial,Endothelial,Bassez2021_Breast::BIOKEY_41
Bassez2021_Breast,Breast,BIOKEY_41,B_cell,B cell,Bassez2021_Breast::BIOKEY_41
Bassez2021_Breast,Breast,BIOKEY_41,Dendritic,Dendritic,Bassez2021_Breast::BIOKEY_41
Bassez2021_Breast,Breast,BIOKEY_41,Mast,Mast,Bassez2021_Breast::BIOKEY_41
Bassez2021_Breast,Breast,BIOKEY_42,Fibroblast,Fibroblast,Bassez2021_Breast::BIOKEY_42
Bassez2021_Breast,Breast,BIOKEY_42,Malignant,Malignant,Bassez2021_Breast::BIOKEY_42
Bassez2021_Breast,Breast,BIOKEY_42,T_cell,T cell,Bassez2021_Breast::BIOKEY_42
Bassez2021_Breast,Breast,BIOKEY_42,Myeloid,Myeloid,Bassez2021_Breast::BIOKEY_42
Bassez2021_Breast,Breast,BIOKEY_42,Endothelial,Endothelial,Bassez2021_Breast::BIOKEY_42
Bassez2021_Breast,Breast,BIOKEY_42,Dendritic,Dendritic,Bassez2021_Breast::BIOKEY_42
Bassez2021_Breast,Breast,BIOKEY_42,Mast,Mast,Bassez2021_Breast::BIOKEY_42
Bassez2021_Breast,Breast,BIOKEY_42,B_cell,B cell,Bassez2021_Breast::BIOKEY_42
Bassez2021_Breast,Breast,BIOKEY_5,B_cell,B cell,Bassez2021_Breast::BIOKEY_5
Bassez2021_Breast,Breast,BIOKEY_5,T_cell,T cell,Bassez2021_Breast::BIOKEY_5
Bassez2021_Breast,Breast,BIOKEY_5,Fibroblast,Fibroblast,Bassez2021_Breast::BIOKEY_5
Bassez2021_Breast,Breast,BIOKEY_5,Malignant,Malignant,Bassez2021_Breast::BIOKEY_5
Bassez2021_Breast,Breast,BIOKEY_5,Mast,Mast,Bassez2021_Breast::BIOKEY_5
Bassez2021_Breast,Breast,BIOKEY_5,Endothelial,Endothelial,Bassez2021_Breast::BIOKEY_5
Bassez2021_Breast,Breast,BIOKEY_5,Dendritic,Dendritic,Bassez2021_Breast::BIOKEY_5
Bassez2021_Breast,Breast,BIOKEY_5,Myeloid,Myeloid,Bassez2021_Breast::BIOKEY_5
Bassez2021_Breast,Breast,BIOKEY_6,B_cell,B cell,Bassez2021_Breast::BIOKEY_6
Bassez2021_Breast,Breast,BIOKEY_6,Myeloid,Myeloid,Bassez2021_Breast::BIOKEY_6
Bassez2021_Breast,Breast,BIOKEY_6,Malignant,Malignant,Bassez2021_Breast::BIOKEY_6
Bassez2021_Breast,Breast,BIOKEY_6,Fibroblast,Fibroblast,Bassez2021_Breast::BIOKEY_6
Bassez2021_Breast,Breast,BIOKEY_6,Endothelial,Endothelial,Bassez2021_Breast::BIOKEY_6
Bassez2021_Breast,Breast,BIOKEY_6,T_cell,T cell,Bassez2021_Breast::BIOKEY_6
Bassez2021_Breast,Breast,BIOKEY_6,Dendritic,Dendritic,Bassez2021_Breast::BIOKEY_6
Bassez2021_Breast,Breast,BIOKEY_6,Mast,Mast,Bassez2021_Breast::BIOKEY_6
Bassez2021_Breast,Breast,BIOKEY_7,Myeloid,Myeloid,Bassez2021_Breast::BIOKEY_7
Bassez2021_Breast,Breast,BIOKEY_7,Fibroblast,Fibroblast,Bassez2021_Breast::BIOKEY_7
Bassez2021_Breast,Breast,BIOKEY_7,Malignant,Malignant,Bassez2021_Breast::BIOKEY_7
Bassez2021_Breast,Breast,BIOKEY_7,T_cell,T cell,Bassez2021_Breast::BIOKEY_7
Bassez2021_Breast,Breast,BIOKEY_7,Endothelial,Endothelial,Bassez2021_Breast::BIOKEY_7
Bassez2021_Breast,Breast,BIOKEY_7,Mast,Mast,Bassez2021_Breast::BIOKEY_7
Bassez2021_Breast,Breast,BIOKEY_7,B_cell,B cell,Bassez2021_Breast::BIOKEY_7
Bassez2021_Breast,Breast,BIOKEY_8,B_cell,B cell,Bassez2021_Breast::BIOKEY_8
Bassez2021_Breast,Breast,BIOKEY_8,Myeloid,Myeloid,Bassez2021_Breast::BIOKEY_8
Bassez2021_Breast,Breast,BIOKEY_8,Fibroblast,Fibroblast,Bassez2021_Breast::BIOKEY_8
Bassez2021_Breast,Breast,BIOKEY_8,Malignant,Malignant,Bassez2021_Breast::BIOKEY_8
Bassez2021_Breast,Breast,BIOKEY_8,T_cell,T cell,Bassez2021_Breast::BIOKEY_8
Bassez2021_Breast,Breast,BIOKEY_8,Dendritic,Dendritic,Bassez2021_Breast::BIOKEY_8
Bassez2021_Breast,Breast,BIOKEY_8,Endothelial,Endothelial,Bassez2021_Breast::BIOKEY_8
Bassez2021_Breast,Breast,BIOKEY_9,Myeloid,Myeloid,Bassez2021_Breast::BIOKEY_9
Bassez2021_Breast,Breast,BIOKEY_9,B_cell,B cell,Bassez2021_Breast::BIOKEY_9
Bassez2021_Breast,Breast,BIOKEY_9,T_cell,T cell,Bassez2021_Breast::BIOKEY_9
Bassez2021_Breast,Breast,BIOKEY_9,Malignant,Malignant,Bassez2021_Breast::BIOKEY_9
Bassez2021_Breast,Breast,BIOKEY_9,Endothelial,Endothelial,Bassez2021_Breast::BIOKEY_9
Bassez2021_Breast,Breast,BIOKEY_9,Fibroblast,Fibroblast,Bassez2021_Breast::BIOKEY_9
Bassez2021_Breast,Breast,BIOKEY_9,Dendritic,Dendritic,Bassez2021_Breast::BIOKEY_9
Bassez2021_Breast,Breast,BIOKEY_9,Mast,Mast,Bassez2021_Breast::BIOKEY_9
Chung2017_Breast,Breast,BC01,Malignant,Malignant,Chung2017_Breast::BC01
Chung2017_Breast,Breast,BC01,Stromal,Stromal,Chung2017_Breast::BC01
Chung2017_Breast,Breast,BC04,Malignant,Malignant,Chung2017_Breast::BC04
Chung2017_Breast,Breast,BC04,Stromal,Stromal,Chung2017_Breast::BC04
Chung2017_Breast,Breast,BC04,Myeloid,Myeloid,Chung2017_Breast::BC04
Chung2017_Breast,Breast,BC04,T_cell,T cell,Chung2017_Breast::BC04
Chung2017_Breast,Breast,BC07,Malignant,Malignant,Chung2017_Breast::BC07
Chung2017_Breast,Breast,BC07,T_cell,T cell,Chung2017_Breast::BC07
Chung2017_Breast,Breast,BC07,Myeloid,Myeloid,Chung2017_Breast::BC07
Chung2017_Breast,Breast,BC07,Stromal,Stromal,Chung2017_Breast::BC07
Chung2017_Breast,Breast,BC07,B_cell,B cell,Chung2017_Breast::BC07
Chung2017_Breast,Breast,BC07LN,Malignant,Malignant,Chung2017_Breast::BC07LN
Chung2017_Breast,Breast,BC07LN,B_cell,B cell,Chung2017_Breast::BC07LN
Chung2017_Breast,Breast,BC07LN,Stromal,Stromal,Chung2017_Breast::BC07LN
Chung2017_Breast,Breast,BC07LN,T_cell,T cell,Chung2017_Breast::BC07LN
Chung2017_Breast,Breast,BC03,T_cell,T cell,Chung2017_Breast::BC03
Chung2017_Breast,Breast,BC03,B_cell,B cell,Chung2017_Breast::BC03
Chung2017_Breast,Breast,BC03,Malignant,Malignant,Chung2017_Breast::BC03
Chung2017_Breast,Breast,BC03LN,B_cell,B cell,Chung2017_Breast::BC03LN
Chung2017_Breast,Breast,BC03LN,Malignant,Malignant,Chung2017_Breast::BC03LN
Chung2017_Breast,Breast,BC03LN,T_cell,T cell,Chung2017_Breast::BC03LN
Chung2017_Breast,Breast,BC08,Stromal,Stromal,Chung2017_Breast::BC08
Chung2017_Breast,Breast,BC08,Malignant,Malignant,Chung2017_Breast::BC08
Chung2017_Breast,Breast,BC08,Myeloid,Myeloid,Chung2017_Breast::BC08
Chung2017_Breast,Breast,BC09,Myeloid,Myeloid,Chung2017_Breast::BC09
Chung2017_Breast,Breast,BC09,Stromal,Stromal,Chung2017_Breast::BC09
Chung2017_Breast,Breast,BC09,T_cell,T cell,Chung2017_Breast::BC09
Chung2017_Breast,Breast,BC09,B_cell,B cell,Chung2017_Breast::BC09
Chung2017_Breast,Breast,BC10,Myeloid,Myeloid,Chung2017_Breast::BC10
Chung2017_Breast,Breast,BC10,Malignant,Malignant,Chung2017_Breast::BC10
Chung2017_Breast,Breast,BC10,Stromal,Stromal,Chung2017_Breast::BC10
Chung2017_Breast,Breast,BC02,Malignant,Malignant,Chung2017_Breast::BC02
Chung2017_Breast,Breast,BC05,Malignant,Malignant,Chung2017_Breast::BC05
Chung2017_Breast,Breast,BC05,Stromal,Stromal,Chung2017_Breast::BC05
Chung2017_Breast,Breast,BC11,Malignant,Malignant,Chung2017_Breast::BC11
Chung2017_Breast,Breast,BC06,B_cell,B cell,Chung2017_Breast::BC06
Chung2017_Breast,Breast,BC06,Stromal,Stromal,Chung2017_Breast::BC06
Chung2017_Breast,Breast,BC06,Malignant,Malignant,Chung2017_Breast::BC06
Gao2021_Breast,Breast,DCIS1,Malignant,Malignant,Gao2021_Breast::DCIS1
Gao2021_Breast,Breast,DCIS1,Epithelial,Epithelial,Gao2021_Breast::DCIS1
Gao2021_Breast,Breast,DCIS1,Endothelial,Endothelial,Gao2021_Breast::DCIS1
Gao2021_Breast,Breast,DCIS1,Macrophage,Macrophage,Gao2021_Breast::DCIS1
Gao2021_Breast,Breast,DCIS1,Fibroblast,Fibroblast,Gao2021_Breast::DCIS1
Gao2021_Breast,Breast,DCIS1,Pericyte,Pericyte,Gao2021_Breast::DCIS1
Gao2021_Breast,Breast,DCIS1,Dendritic,Dendritic,Gao2021_Breast::DCIS1
Gao2021_Breast,Breast,DCIS1,T_cell,T cell,Gao2021_Breast::DCIS1
Gao2021_Breast,Breast,DCIS1,Lymphovascular,Lymphovascular,Gao2021_Breast::DCIS1
Gao2021_Breast,Breast,TNBC1,Malignant,Malignant,Gao2021_Breast::TNBC1
Gao2021_Breast,Breast,TNBC1,Macrophage,Macrophage,Gao2021_Breast::TNBC1
Gao2021_Breast,Breast,TNBC1,Fibroblast,Fibroblast,Gao2021_Breast::TNBC1
Gao2021_Breast,Breast,TNBC1,Dendritic,Dendritic,Gao2021_Breast::TNBC1
Gao2021_Breast,Breast,TNBC1,T_cell,T cell,Gao2021_Breast::TNBC1
Gao2021_Breast,Breast,TNBC1,Endothelial,Endothelial,Gao2021_Breast::TNBC1
Gao2021_Breast,Breast,TNBC2,Malignant,Malignant,Gao2021_Breast::TNBC2
Gao2021_Breast,Breast,TNBC2,Macrophage,Macrophage,Gao2021_Breast::TNBC2
Gao2021_Breast,Breast,TNBC2,Dendritic,Dendritic,Gao2021_Breast::TNBC2
Gao2021_Breast,Breast,TNBC2,Plasma,Plasma,Gao2021_Breast::TNBC2
Gao2021_Breast,Breast,TNBC3,Malignant,Malignant,Gao2021_Breast::TNBC3
Gao2021_Breast,Breast,TNBC3,Fibroblast,Fibroblast,Gao2021_Breast::TNBC3
Gao2021_Breast,Breast,TNBC3,Endothelial,Endothelial,Gao2021_Breast::TNBC3
Gao2021_Breast,Breast,TNBC3,Epithelial,Epithelial,Gao2021_Breast::TNBC3
Gao2021_Breast,Breast,TNBC3,Plasma,Plasma,Gao2021_Breast::TNBC3
Gao2021_Breast,Breast,TNBC3,Macrophage,Macrophage,Gao2021_Breast::TNBC3
Gao2021_Breast,Breast,TNBC3,Dendritic,Dendritic,Gao2021_Breast::TNBC3
Gao2021_Breast,Breast,TNBC3,Pericyte,Pericyte,Gao2021_Breast::TNBC3
Griffiths2021_Breast,Breast,P01_S,Malignant,Malignant,Griffiths2021_Breast::P01_S
Griffiths2021_Breast,Breast,P02_S,Malignant,Malignant,Griffiths2021_Breast::P02_S
Griffiths2021_Breast,Breast,P04_S,Malignant,Malignant,Griffiths2021_Breast::P04_S
Griffiths2021_Breast,Breast,P04_E,Malignant,Malignant,Griffiths2021_Breast::P04_E
Griffiths2021_Breast,Breast,P04_M,Malignant,Malignant,Griffiths2021_Breast::P04_M
Griffiths2021_Breast,Breast,P05_S,Malignant,Malignant,Griffiths2021_Breast::P05_S
Griffiths2021_Breast,Breast,P05_M,Malignant,Malignant,Griffiths2021_Breast::P05_M
Griffiths2021_Breast,Breast,P07_S,Malignant,Malignant,Griffiths2021_Breast::P07_S
Griffiths2021_Breast,Breast,P08_S,Malignant,Malignant,Griffiths2021_Breast::P08_S
Griffiths2021_Breast,Breast,P08_E,Malignant,Malignant,Griffiths2021_Breast::P08_E
Griffiths2021_Breast,Breast,P08_M,Malignant,Malignant,Griffiths2021_Breast::P08_M
Griffiths2021_Breast,Breast,P09_M,Malignant,Malignant,Griffiths2021_Breast::P09_M
Griffiths2021_Breast,Breast,P09_S,Malignant,Malignant,Griffiths2021_Breast::P09_S
Gulati2020_Breast,Breast,SU2_N,Epithelial,Epithelial,Gulati2020_Breast::SU2_N
Gulati2020_Breast,Breast,SU2_T,Malignant,Malignant,Gulati2020_Breast::SU2_T
Gulati2020_Breast,Breast,SU20_N,Epithelial,Epithelial,Gulati2020_Breast::SU20_N
Gulati2020_Breast,Breast,SU58_T,Malignant,Malignant,Gulati2020_Breast::SU58_T
Gulati2020_Breast,Breast,SU58_N,Epithelial,Epithelial,Gulati2020_Breast::SU58_N
Gulati2020_Breast,Breast,SU20_T,Malignant,Malignant,Gulati2020_Breast::SU20_T
Gulati2020_Breast,Breast,SU4_T,Malignant,Malignant,Gulati2020_Breast::SU4_T
Gulati2020_Breast,Breast,SU4_N,Epithelial,Epithelial,Gulati2020_Breast::SU4_N
Gulati2020_Breast,Breast,SU17_T,Malignant,Malignant,Gulati2020_Breast::SU17_T
Gulati2020_Breast,Breast,SU21_N,Epithelial,Epithelial,Gulati2020_Breast::SU21_N
Gulati2020_Breast,Breast,SU9_N,Epithelial,Epithelial,Gulati2020_Breast::SU9_N
Gulati2020_Breast,Breast,SU17_N,Epithelial,Epithelial,Gulati2020_Breast::SU17_N
Gulati2020_Breast,Breast,SU9_T,Malignant,Malignant,Gulati2020_Breast::SU9_T
Gulati2020_Breast,Breast,SU21_T,Malignant,Malignant,Gulati2020_Breast::SU21_T
Gulati2020_Breast,Breast,COH69_T,Malignant,Malignant,Gulati2020_Breast::COH69_T
Karaayvas2018_Breast,Breast,89,Epithelial,Epithelial,Karaayvas2018_Breast::89
Karaayvas2018_Breast,Breast,89,Macrophage,Macrophage,Karaayvas2018_Breast::89
Karaayvas2018_Breast,Breast,89,Fibroblast,Fibroblast,Karaayvas2018_Breast::89
Karaayvas2018_Breast,Breast,89,Malignant,Malignant,Karaayvas2018_Breast::89
Karaayvas2018_Breast,Breast,89,B_cell,B cell,Karaayvas2018_Breast::89
Karaayvas2018_Breast,Breast,89,Endothelial,Endothelial,Karaayvas2018_Breast::89
Karaayvas2018_Breast,Breast,39,Epithelial,Epithelial,Karaayvas2018_Breast::39
Karaayvas2018_Breast,Breast,39,Malignant,Malignant,Karaayvas2018_Breast::39
Karaayvas2018_Breast,Breast,39,Fibroblast,Fibroblast,Karaayvas2018_Breast::39
Karaayvas2018_Breast,Breast,39,Macrophage,Macrophage,Karaayvas2018_Breast::39
Karaayvas2018_Breast,Breast,39,B_cell,B cell,Karaayvas2018_Breast::39
Karaayvas2018_Breast,Breast,58,T_cell,T cell,Karaayvas2018_Breast::58
Karaayvas2018_Breast,Breast,58,Epithelial,Epithelial,Karaayvas2018_Breast::58
Karaayvas2018_Breast,Breast,58,B_cell,B cell,Karaayvas2018_Breast::58
Karaayvas2018_Breast,Breast,58,Macrophage,Macrophage,Karaayvas2018_Breast::58
Karaayvas2018_Breast,Breast,58,Fibroblast,Fibroblast,Karaayvas2018_Breast::58
Karaayvas2018_Breast,Breast,58,Malignant,Malignant,Karaayvas2018_Breast::58
Karaayvas2018_Breast,Breast,81,Malignant,Malignant,Karaayvas2018_Breast::81
Karaayvas2018_Breast,Breast,81,Epithelial,Epithelial,Karaayvas2018_Breast::81
Karaayvas2018_Breast,Breast,81,Fibroblast,Fibroblast,Karaayvas2018_Breast::81
Karaayvas2018_Breast,Breast,84,Epithelial,Epithelial,Karaayvas2018_Breast::84
Karaayvas2018_Breast,Breast,84,B_cell,B cell,Karaayvas2018_Breast::84
Karaayvas2018_Breast,Breast,84,T_cell,T cell,Karaayvas2018_Breast::84
Karaayvas2018_Breast,Breast,84,Macrophage,Macrophage,Karaayvas2018_Breast::84
Karaayvas2018_Breast,Breast,84,Malignant,Malignant,Karaayvas2018_Breast::84
Karaayvas2018_Breast,Breast,84,Fibroblast,Fibroblast,Karaayvas2018_Breast::84
Karaayvas2018_Breast,Breast,84,Endothelial,Endothelial,Karaayvas2018_Breast::84
Karaayvas2018_Breast,Breast,126,Epithelial,Epithelial,Karaayvas2018_Breast::126
Karaayvas2018_Breast,Breast,126,Fibroblast,Fibroblast,Karaayvas2018_Breast::126
Karaayvas2018_Breast,Breast,126,Endothelial,Endothelial,Karaayvas2018_Breast::126
Karaayvas2018_Breast,Breast,126,Malignant,Malignant,Karaayvas2018_Breast::126
Karaayvas2018_Breast,Breast,39,Endothelial,Endothelial,Karaayvas2018_Breast::39
Kim2018_Breast,Breast,P2_pre,T_cell,T cell,Kim2018_Breast::P2_pre
Kim2018_Breast,Breast,P1_pre,Malignant,Malignant,Kim2018_Breast::P1_pre
Kim2018_Breast,Breast,P14_pre,Malignant,Malignant,Kim2018_Breast::P14_pre
Kim2018_Breast,Breast,P15_pre,Malignant,Malignant,Kim2018_Breast::P15_pre
Kim2018_Breast,Breast,P6_pre,Malignant,Malignant,Kim2018_Breast::P6_pre
Kim2018_Breast,Breast,P12_mid,Malignant,Malignant,Kim2018_Breast::P12_mid
Kim2018_Breast,Breast,P15_mid,Malignant,Malignant,Kim2018_Breast::P15_mid
Kim2018_Breast,Breast,P9_pre,Malignant,Malignant,Kim2018_Breast::P9_pre
Kim2018_Breast,Breast,P9_mid,Malignant,Malignant,Kim2018_Breast::P9_mid
Kim2018_Breast,Breast,P14_post,Malignant,Malignant,Kim2018_Breast::P14_post
Kim2018_Breast,Breast,P6_post,Malignant,Malignant,Kim2018_Breast::P6_post
Kim2018_Breast,Breast,P2_post,Malignant,Malignant,Kim2018_Breast::P2_post
Kim2018_Breast,Breast,P11_post,Malignant,Malignant,Kim2018_Breast::P11_post
Kim2018_Breast,Breast,P12_pre,Malignant,Malignant,Kim2018_Breast::P12_pre
Kim2018_Breast,Breast,P2_pre,Malignant,Malignant,Kim2018_Breast::P2_pre
Kim2018_Breast,Breast,P1_post,Malignant,Malignant,Kim2018_Breast::P1_post
Kim2018_Breast,Breast,P11_pre,Malignant,Malignant,Kim2018_Breast::P11_pre
Qian2020_Breast,Breast,42,T_cell,T cell,Qian2020_Breast::42
Qian2020_Breast,Breast,42,Fibroblast,Fibroblast,Qian2020_Breast::42
Qian2020_Breast,Breast,42,Macrophage,Macrophage,Qian2020_Breast::42
Qian2020_Breast,Breast,42,Malignant,Malignant,Qian2020_Breast::42
Qian2020_Breast,Breast,42,B_cell,B cell,Qian2020_Breast::42
Qian2020_Breast,Breast,42,Endothelial,Endothelial,Qian2020_Breast::42
Qian2020_Breast,Breast,42,Mast,Mast,Qian2020_Breast::42
Qian2020_Breast,Breast,42,Dendritic,Dendritic,Qian2020_Breast::42
Qian2020_Breast,Breast,43,T_cell,T cell,Qian2020_Breast::43
Qian2020_Breast,Breast,43,Macrophage,Macrophage,Qian2020_Breast::43
Qian2020_Breast,Breast,43,B_cell,B cell,Qian2020_Breast::43
Qian2020_Breast,Breast,43,Malignant,Malignant,Qian2020_Breast::43
Qian2020_Breast,Breast,43,Fibroblast,Fibroblast,Qian2020_Breast::43
Qian2020_Breast,Breast,43,Endothelial,Endothelial,Qian2020_Breast::43
Qian2020_Breast,Breast,43,Dendritic,Dendritic,Qian2020_Breast::43
Qian2020_Breast,Breast,43,Mast,Mast,Qian2020_Breast::43
Qian2020_Breast,Breast,47,Endothelial,Endothelial,Qian2020_Breast::47
Qian2020_Breast,Breast,47,Malignant,Malignant,Qian2020_Breast::47
Qian2020_Breast,Breast,47,T_cell,T cell,Qian2020_Breast::47
Qian2020_Breast,Breast,47,Fibroblast,Fibroblast,Qian2020_Breast::47
Qian2020_Breast,Breast,47,Macrophage,Macrophage,Qian2020_Breast::47
Qian2020_Breast,Breast,47,Dendritic,Dendritic,Qian2020_Breast::47
Qian2020_Breast,Breast,47,B_cell,B cell,Qian2020_Breast::47
Qian2020_Breast,Breast,49,Fibroblast,Fibroblast,Qian2020_Breast::49
Qian2020_Breast,Breast,49,Malignant,Malignant,Qian2020_Breast::49
Qian2020_Breast,Breast,49,T_cell,T cell,Qian2020_Breast::49
Qian2020_Breast,Breast,49,Macrophage,Macrophage,Qian2020_Breast::49
Qian2020_Breast,Breast,49,Dendritic,Dendritic,Qian2020_Breast::49
Qian2020_Breast,Breast,49,Endothelial,Endothelial,Qian2020_Breast::49
Qian2020_Breast,Breast,49,B_cell,B cell,Qian2020_Breast::49
Qian2020_Breast,Breast,49,Mast,Mast,Qian2020_Breast::49
Qian2020_Breast,Breast,51,T_cell,T cell,Qian2020_Breast::51
Qian2020_Breast,Breast,51,Malignant,Malignant,Qian2020_Breast::51
Qian2020_Breast,Breast,51,Endothelial,Endothelial,Qian2020_Breast::51
Qian2020_Breast,Breast,51,Macrophage,Macrophage,Qian2020_Breast::51
Qian2020_Breast,Breast,51,Dendritic,Dendritic,Qian2020_Breast::51
Qian2020_Breast,Breast,51,Fibroblast,Fibroblast,Qian2020_Breast::51
Qian2020_Breast,Breast,51,B_cell,B cell,Qian2020_Breast::51
Qian2020_Breast,Breast,51,Mast,Mast,Qian2020_Breast::51
Qian2020_Breast,Breast,53,T_cell,T cell,Qian2020_Breast::53
Qian2020_Breast,Breast,53,Mast,Mast,Qian2020_Breast::53
Qian2020_Breast,Breast,53,Malignant,Malignant,Qian2020_Breast::53
Qian2020_Breast,Breast,53,B_cell,B cell,Qian2020_Breast::53
Qian2020_Breast,Breast,53,Fibroblast,Fibroblast,Qian2020_Breast::53
Qian2020_Breast,Breast,53,Macrophage,Macrophage,Qian2020_Breast::53
Qian2020_Breast,Breast,53,Endothelial,Endothelial,Qian2020_Breast::53
Qian2020_Breast,Breast,53,Dendritic,Dendritic,Qian2020_Breast::53
Qian2020_Breast,Breast,54,Malignant,Malignant,Qian2020_Breast::54
Qian2020_Breast,Breast,54,Fibroblast,Fibroblast,Qian2020_Breast::54
Qian2020_Breast,Breast,54,Mast,Mast,Qian2020_Breast::54
Qian2020_Breast,Breast,54,Endothelial,Endothelial,Qian2020_Breast::54
Qian2020_Breast,Breast,54,Macrophage,Macrophage,Qian2020_Breast::54
Qian2020_Breast,Breast,54,Dendritic,Dendritic,Qian2020_Breast::54
Savas2018_Breast,Breast,1,T_cell,T cell,Savas2018_Breast::1
Savas2018_Breast,Breast,1,Macrophage,Macrophage,Savas2018_Breast::1
Savas2018_Breast,Breast,2,T_cell,T cell,Savas2018_Breast::2
Wu2021_Breast,Breast,CID3586,Endothelial,Endothelial,Wu2021_Breast::CID3586
Wu2021_Breast,Breast,CID3586,Fibroblast,Fibroblast,Wu2021_Breast::CID3586
Wu2021_Breast,Breast,CID3586,Pericyte,Pericyte,Wu2021_Breast::CID3586
Wu2021_Breast,Breast,CID3586,B_cell,B cell,Wu2021_Breast::CID3586
Wu2021_Breast,Breast,CID3586,T_cell,T cell,Wu2021_Breast::CID3586
Wu2021_Breast,Breast,CID3586,NK_cell,NK cell,Wu2021_Breast::CID3586
Wu2021_Breast,Breast,CID3586,Macrophage,Macrophage,Wu2021_Breast::CID3586
Wu2021_Breast,Breast,CID3586,Monocyte,Monocyte,Wu2021_Breast::CID3586
Wu2021_Breast,Breast,CID3586,Myeloid,Myeloid,Wu2021_Breast::CID3586
Wu2021_Breast,Breast,CID3586,Dendritic,Dendritic,Wu2021_Breast::CID3586
Wu2021_Breast,Breast,CID3586,Epithelial,Epithelial,Wu2021_Breast::CID3586
Wu2021_Breast,Breast,CID3921,Endothelial,Endothelial,Wu2021_Breast::CID3921
Wu2021_Breast,Breast,CID3921,Fibroblast,Fibroblast,Wu2021_Breast::CID3921
Wu2021_Breast,Breast,CID3921,Pericyte,Pericyte,Wu2021_Breast::CID3921
Wu2021_Breast,Breast,CID3921,B_cell,B cell,Wu2021_Breast::CID3921
Wu2021_Breast,Breast,CID3921,Plasmablast,Plasmablast,Wu2021_Breast::CID3921
Wu2021_Breast,Breast,CID3921,T_cell,T cell,Wu2021_Breast::CID3921
Wu2021_Breast,Breast,CID3921,NK_cell,NK cell,Wu2021_Breast::CID3921
Wu2021_Breast,Breast,CID3921,Macrophage,Macrophage,Wu2021_Breast::CID3921
Wu2021_Breast,Breast,CID3921,Monocyte,Monocyte,Wu2021_Breast::CID3921
Wu2021_Breast,Breast,CID3921,Myeloid,Myeloid,Wu2021_Breast::CID3921
Wu2021_Breast,Breast,CID3921,Dendritic,Dendritic,Wu2021_Breast::CID3921
Wu2021_Breast,Breast,CID3921,Malignant,Malignant,Wu2021_Breast::CID3921
Wu2021_Breast,Breast,CID45171,Endothelial,Endothelial,Wu2021_Breast::CID45171
Wu2021_Breast,Breast,CID45171,Fibroblast,Fibroblast,Wu2021_Breast::CID45171
Wu2021_Breast,Breast,CID45171,Pericyte,Pericyte,Wu2021_Breast::CID45171
Wu2021_Breast,Breast,CID45171,B_cell,B cell,Wu2021_Breast::CID45171
Wu2021_Breast,Breast,CID45171,T_cell,T cell,Wu2021_Breast::CID45171
Wu2021_Breast,Breast,CID45171,NK_cell,NK cell,Wu2021_Breast::CID45171
Wu2021_Breast,Breast,CID45171,Macrophage,Macrophage,Wu2021_Breast::CID45171
Wu2021_Breast,Breast,CID45171,Monocyte,Monocyte,Wu2021_Breast::CID45171
Wu2021_Breast,Breast,CID45171,Myeloid,Myeloid,Wu2021_Breast::CID45171
Wu2021_Breast,Breast,CID45171,Dendritic,Dendritic,Wu2021_Breast::CID45171
Wu2021_Breast,Breast,CID45171,Malignant,Malignant,Wu2021_Breast::CID45171
Wu2021_Breast,Breast,CID3838,Endothelial,Endothelial,Wu2021_Breast::CID3838
Wu2021_Breast,Breast,CID3838,Fibroblast,Fibroblast,Wu2021_Breast::CID3838
Wu2021_Breast,Breast,CID3838,Pericyte,Pericyte,Wu2021_Breast::CID3838
Wu2021_Breast,Breast,CID3838,B_cell,B cell,Wu2021_Breast::CID3838
Wu2021_Breast,Breast,CID3838,Plasmablast,Plasmablast,Wu2021_Breast::CID3838
Wu2021_Breast,Breast,CID3838,T_cell,T cell,Wu2021_Breast::CID3838
Wu2021_Breast,Breast,CID3838,NK_cell,NK cell,Wu2021_Breast::CID3838
Wu2021_Breast,Breast,CID3838,Macrophage,Macrophage,Wu2021_Breast::CID3838
Wu2021_Breast,Breast,CID3838,Monocyte,Monocyte,Wu2021_Breast::CID3838
Wu2021_Breast,Breast,CID3838,Myeloid,Myeloid,Wu2021_Breast::CID3838
Wu2021_Breast,Breast,CID3838,Dendritic,Dendritic,Wu2021_Breast::CID3838
Wu2021_Breast,Breast,CID4066,Endothelial,Endothelial,Wu2021_Breast::CID4066
Wu2021_Breast,Breast,CID4066,Fibroblast,Fibroblast,Wu2021_Breast::CID4066
Wu2021_Breast,Breast,CID4066,Pericyte,Pericyte,Wu2021_Breast::CID4066
Wu2021_Breast,Breast,CID4066,B_cell,B cell,Wu2021_Breast::CID4066
Wu2021_Breast,Breast,CID4066,T_cell,T cell,Wu2021_Breast::CID4066
Wu2021_Breast,Breast,CID4066,NK_cell,NK cell,Wu2021_Breast::CID4066
Wu2021_Breast,Breast,CID4066,Macrophage,Macrophage,Wu2021_Breast::CID4066
Wu2021_Breast,Breast,CID4066,Monocyte,Monocyte,Wu2021_Breast::CID4066
Wu2021_Breast,Breast,CID4066,Myeloid,Myeloid,Wu2021_Breast::CID4066
Wu2021_Breast,Breast,CID4066,Dendritic,Dendritic,Wu2021_Breast::CID4066
Wu2021_Breast,Breast,CID4066,Malignant,Malignant,Wu2021_Breast::CID4066
Wu2021_Breast,Breast,CID4066,Epithelial,Epithelial,Wu2021_Breast::CID4066
Wu2021_Breast,Breast,CID44041,Endothelial,Endothelial,Wu2021_Breast::CID44041
Wu2021_Breast,Breast,CID44041,Fibroblast,Fibroblast,Wu2021_Breast::CID44041
Wu2021_Breast,Breast,CID44041,Pericyte,Pericyte,Wu2021_Breast::CID44041
Wu2021_Breast,Breast,CID44041,B_cell,B cell,Wu2021_Breast::CID44041
Wu2021_Breast,Breast,CID44041,T_cell,T cell,Wu2021_Breast::CID44041
Wu2021_Breast,Breast,CID44041,NK_cell,NK cell,Wu2021_Breast::CID44041
Wu2021_Breast,Breast,CID44041,Macrophage,Macrophage,Wu2021_Breast::CID44041
Wu2021_Breast,Breast,CID44041,Monocyte,Monocyte,Wu2021_Breast::CID44041
Wu2021_Breast,Breast,CID44041,Myeloid,Myeloid,Wu2021_Breast::CID44041
Wu2021_Breast,Breast,CID44041,Dendritic,Dendritic,Wu2021_Breast::CID44041
Wu2021_Breast,Breast,CID44041,Epithelial,Epithelial,Wu2021_Breast::CID44041
Wu2021_Breast,Breast,CID4465,Endothelial,Endothelial,Wu2021_Breast::CID4465
Wu2021_Breast,Breast,CID4465,Fibroblast,Fibroblast,Wu2021_Breast::CID4465
Wu2021_Breast,Breast,CID4465,Pericyte,Pericyte,Wu2021_Breast::CID4465
Wu2021_Breast,Breast,CID4465,B_cell,B cell,Wu2021_Breast::CID4465
Wu2021_Breast,Breast,CID4465,Plasmablast,Plasmablast,Wu2021_Breast::CID4465
Wu2021_Breast,Breast,CID4465,T_cell,T cell,Wu2021_Breast::CID4465
Wu2021_Breast,Breast,CID4465,NK_cell,NK cell,Wu2021_Breast::CID4465
Wu2021_Breast,Breast,CID4465,Macrophage,Macrophage,Wu2021_Breast::CID4465
Wu2021_Breast,Breast,CID4465,Monocyte,Monocyte,Wu2021_Breast::CID4465
Wu2021_Breast,Breast,CID4465,Myeloid,Myeloid,Wu2021_Breast::CID4465
Wu2021_Breast,Breast,CID4465,Dendritic,Dendritic,Wu2021_Breast::CID4465
Wu2021_Breast,Breast,CID4465,Malignant,Malignant,Wu2021_Breast::CID4465
Wu2021_Breast,Breast,CID4465,Epithelial,Epithelial,Wu2021_Breast::CID4465
Wu2021_Breast,Breast,CID4495,Endothelial,Endothelial,Wu2021_Breast::CID4495
Wu2021_Breast,Breast,CID4495,Fibroblast,Fibroblast,Wu2021_Breast::CID4495
Wu2021_Breast,Breast,CID4495,Pericyte,Pericyte,Wu2021_Breast::CID4495
Wu2021_Breast,Breast,CID4495,B_cell,B cell,Wu2021_Breast::CID4495
Wu2021_Breast,Breast,CID4495,Plasmablast,Plasmablast,Wu2021_Breast::CID4495
Wu2021_Breast,Breast,CID4495,T_cell,T cell,Wu2021_Breast::CID4495
Wu2021_Breast,Breast,CID4495,NK_cell,NK cell,Wu2021_Breast::CID4495
Wu2021_Breast,Breast,CID4495,Macrophage,Macrophage,Wu2021_Breast::CID4495
Wu2021_Breast,Breast,CID4495,Monocyte,Monocyte,Wu2021_Breast::CID4495
Wu2021_Breast,Breast,CID4495,Myeloid,Myeloid,Wu2021_Breast::CID4495
Wu2021_Breast,Breast,CID4495,Dendritic,Dendritic,Wu2021_Breast::CID4495
Wu2021_Breast,Breast,CID4495,Malignant,Malignant,Wu2021_Breast::CID4495
Wu2021_Breast,Breast,CID44971,Endothelial,Endothelial,Wu2021_Breast::CID44971
Wu2021_Breast,Breast,CID44971,Fibroblast,Fibroblast,Wu2021_Breast::CID44971
Wu2021_Breast,Breast,CID44971,Pericyte,Pericyte,Wu2021_Breast::CID44971
Wu2021_Breast,Breast,CID44971,B_cell,B cell,Wu2021_Breast::CID44971
Wu2021_Breast,Breast,CID44971,Plasmablast,Plasmablast,Wu2021_Breast::CID44971
Wu2021_Breast,Breast,CID44971,T_cell,T cell,Wu2021_Breast::CID44971
Wu2021_Breast,Breast,CID44971,NK_cell,NK cell,Wu2021_Breast::CID44971
Wu2021_Breast,Breast,CID44971,Macrophage,Macrophage,Wu2021_Breast::CID44971
Wu2021_Breast,Breast,CID44971,Monocyte,Monocyte,Wu2021_Breast::CID44971
Wu2021_Breast,Breast,CID44971,Myeloid,Myeloid,Wu2021_Breast::CID44971
Wu2021_Breast,Breast,CID44971,Dendritic,Dendritic,Wu2021_Breast::CID44971
Wu2021_Breast,Breast,CID44971,Malignant,Malignant,Wu2021_Breast::CID44971
Wu2021_Breast,Breast,CID44971,Epithelial,Epithelial,Wu2021_Breast::CID44971
Wu2021_Breast,Breast,CID44991,Endothelial,Endothelial,Wu2021_Breast::CID44991
Wu2021_Breast,Breast,CID44991,Fibroblast,Fibroblast,Wu2021_Breast::CID44991
Wu2021_Breast,Breast,CID44991,Pericyte,Pericyte,Wu2021_Breast::CID44991
Wu2021_Breast,Breast,CID44991,B_cell,B cell,Wu2021_Breast::CID44991
Wu2021_Breast,Breast,CID44991,Plasmablast,Plasmablast,Wu2021_Breast::CID44991
Wu2021_Breast,Breast,CID44991,T_cell,T cell,Wu2021_Breast::CID44991
Wu2021_Breast,Breast,CID44991,NK_cell,NK cell,Wu2021_Breast::CID44991
Wu2021_Breast,Breast,CID44991,Macrophage,Macrophage,Wu2021_Breast::CID44991
Wu2021_Breast,Breast,CID44991,Monocyte,Monocyte,Wu2021_Breast::CID44991
Wu2021_Breast,Breast,CID44991,Myeloid,Myeloid,Wu2021_Breast::CID44991
Wu2021_Breast,Breast,CID44991,Dendritic,Dendritic,Wu2021_Breast::CID44991
Wu2021_Breast,Breast,CID44991,Malignant,Malignant,Wu2021_Breast::CID44991
Wu2021_Breast,Breast,CID44991,Epithelial,Epithelial,Wu2021_Breast::CID44991
Wu2021_Breast,Breast,CID4513,Endothelial,Endothelial,Wu2021_Breast::CID4513
Wu2021_Breast,Breast,CID4513,Fibroblast,Fibroblast,Wu2021_Breast::CID4513
Wu2021_Breast,Breast,CID4513,Pericyte,Pericyte,Wu2021_Breast::CID4513
Wu2021_Breast,Breast,CID4513,B_cell,B cell,Wu2021_Breast::CID4513
Wu2021_Breast,Breast,CID4513,T_cell,T cell,Wu2021_Breast::CID4513
Wu2021_Breast,Breast,CID4513,NK_cell,NK cell,Wu2021_Breast::CID4513
Wu2021_Breast,Breast,CID4513,Macrophage,Macrophage,Wu2021_Breast::CID4513
Wu2021_Breast,Breast,CID4513,Monocyte,Monocyte,Wu2021_Breast::CID4513
Wu2021_Breast,Breast,CID4513,Myeloid,Myeloid,Wu2021_Breast::CID4513
Wu2021_Breast,Breast,CID4513,Dendritic,Dendritic,Wu2021_Breast::CID4513
Wu2021_Breast,Breast,CID4513,Malignant,Malignant,Wu2021_Breast::CID4513
Wu2021_Breast,Breast,CID4515,Endothelial,Endothelial,Wu2021_Breast::CID4515
Wu2021_Breast,Breast,CID4515,Fibroblast,Fibroblast,Wu2021_Breast::CID4515
Wu2021_Breast,Breast,CID4515,Pericyte,Pericyte,Wu2021_Breast::CID4515
Wu2021_Breast,Breast,CID4515,B_cell,B cell,Wu2021_Breast::CID4515
Wu2021_Breast,Breast,CID4515,Plasmablast,Plasmablast,Wu2021_Breast::CID4515
Wu2021_Breast,Breast,CID4515,T_cell,T cell,Wu2021_Breast::CID4515
Wu2021_Breast,Breast,CID4515,NK_cell,NK cell,Wu2021_Breast::CID4515
Wu2021_Breast,Breast,CID4515,Macrophage,Macrophage,Wu2021_Breast::CID4515
Wu2021_Breast,Breast,CID4515,Monocyte,Monocyte,Wu2021_Breast::CID4515
Wu2021_Breast,Breast,CID4515,Myeloid,Myeloid,Wu2021_Breast::CID4515
Wu2021_Breast,Breast,CID4515,Dendritic,Dendritic,Wu2021_Breast::CID4515
Wu2021_Breast,Breast,CID4515,Malignant,Malignant,Wu2021_Breast::CID4515
Wu2021_Breast,Breast,CID4515,Epithelial,Epithelial,Wu2021_Breast::CID4515
Wu2021_Breast,Breast,CID4523,Endothelial,Endothelial,Wu2021_Breast::CID4523
Wu2021_Breast,Breast,CID4523,Fibroblast,Fibroblast,Wu2021_Breast::CID4523
Wu2021_Breast,Breast,CID4523,Pericyte,Pericyte,Wu2021_Breast::CID4523
Wu2021_Breast,Breast,CID4523,T_cell,T cell,Wu2021_Breast::CID4523
Wu2021_Breast,Breast,CID4523,NK_cell,NK cell,Wu2021_Breast::CID4523
Wu2021_Breast,Breast,CID4523,Macrophage,Macrophage,Wu2021_Breast::CID4523
Wu2021_Breast,Breast,CID4523,Monocyte,Monocyte,Wu2021_Breast::CID4523
Wu2021_Breast,Breast,CID4523,Myeloid,Myeloid,Wu2021_Breast::CID4523
Wu2021_Breast,Breast,CID4523,Dendritic,Dendritic,Wu2021_Breast::CID4523
Wu2021_Breast,Breast,CID4523,Malignant,Malignant,Wu2021_Breast::CID4523
Wu2021_Breast,Breast,CID3946,Endothelial,Endothelial,Wu2021_Breast::CID3946
Wu2021_Breast,Breast,CID3946,Fibroblast,Fibroblast,Wu2021_Breast::CID3946
Wu2021_Breast,Breast,CID3946,Pericyte,Pericyte,Wu2021_Breast::CID3946
Wu2021_Breast,Breast,CID3946,T_cell,T cell,Wu2021_Breast::CID3946
Wu2021_Breast,Breast,CID3946,NK_cell,NK cell,Wu2021_Breast::CID3946
Wu2021_Breast,Breast,CID3946,Monocyte,Monocyte,Wu2021_Breast::CID3946
Wu2021_Breast,Breast,CID3946,Macrophage,Macrophage,Wu2021_Breast::CID3946
Wu2021_Breast,Breast,CID3946,Myeloid,Myeloid,Wu2021_Breast::CID3946
Wu2021_Breast,Breast,CID3946,Dendritic,Dendritic,Wu2021_Breast::CID3946
Wu2021_Breast,Breast,CID3963,Endothelial,Endothelial,Wu2021_Breast::CID3963
Wu2021_Breast,Breast,CID3963,Fibroblast,Fibroblast,Wu2021_Breast::CID3963
Wu2021_Breast,Breast,CID3963,Pericyte,Pericyte,Wu2021_Breast::CID3963
Wu2021_Breast,Breast,CID3963,T_cell,T cell,Wu2021_Breast::CID3963
Wu2021_Breast,Breast,CID3963,NK_cell,NK cell,Wu2021_Breast::CID3963
Wu2021_Breast,Breast,CID3963,Macrophage,Macrophage,Wu2021_Breast::CID3963
Wu2021_Breast,Breast,CID3963,Monocyte,Monocyte,Wu2021_Breast::CID3963
Wu2021_Breast,Breast,CID3963,Myeloid,Myeloid,Wu2021_Breast::CID3963
Wu2021_Breast,Breast,CID3963,Dendritic,Dendritic,Wu2021_Breast::CID3963
Wu2021_Breast,Breast,CID3963,Malignant,Malignant,Wu2021_Breast::CID3963
Wu2021_Breast,Breast,CID3963,Epithelial,Epithelial,Wu2021_Breast::CID3963
Wu2021_Breast,Breast,CID4461,Endothelial,Endothelial,Wu2021_Breast::CID4461
Wu2021_Breast,Breast,CID4461,Fibroblast,Fibroblast,Wu2021_Breast::CID4461
Wu2021_Breast,Breast,CID4461,Pericyte,Pericyte,Wu2021_Breast::CID4461
Wu2021_Breast,Breast,CID4461,Plasmablast,Plasmablast,Wu2021_Breast::CID4461
Wu2021_Breast,Breast,CID4461,T_cell,T cell,Wu2021_Breast::CID4461
Wu2021_Breast,Breast,CID4461,NK_cell,NK cell,Wu2021_Breast::CID4461
Wu2021_Breast,Breast,CID4461,Macrophage,Macrophage,Wu2021_Breast::CID4461
Wu2021_Breast,Breast,CID4461,Monocyte,Monocyte,Wu2021_Breast::CID4461
Wu2021_Breast,Breast,CID4461,Myeloid,Myeloid,Wu2021_Breast::CID4461
Wu2021_Breast,Breast,CID4461,Dendritic,Dendritic,Wu2021_Breast::CID4461
Wu2021_Breast,Breast,CID4461,Malignant,Malignant,Wu2021_Breast::CID4461
Wu2021_Breast,Breast,CID4463,Endothelial,Endothelial,Wu2021_Breast::CID4463
Wu2021_Breast,Breast,CID4463,Fibroblast,Fibroblast,Wu2021_Breast::CID4463
Wu2021_Breast,Breast,CID4463,Pericyte,Pericyte,Wu2021_Breast::CID4463
Wu2021_Breast,Breast,CID4463,T_cell,T cell,Wu2021_Breast::CID4463
Wu2021_Breast,Breast,CID4463,NK_cell,NK cell,Wu2021_Breast::CID4463
Wu2021_Breast,Breast,CID4463,Macrophage,Macrophage,Wu2021_Breast::CID4463
Wu2021_Breast,Breast,CID4463,Monocyte,Monocyte,Wu2021_Breast::CID4463
Wu2021_Breast,Breast,CID4463,Myeloid,Myeloid,Wu2021_Breast::CID4463
Wu2021_Breast,Breast,CID4463,Dendritic,Dendritic,Wu2021_Breast::CID4463
Wu2021_Breast,Breast,CID4463,Malignant,Malignant,Wu2021_Breast::CID4463
Wu2021_Breast,Breast,CID4463,Epithelial,Epithelial,Wu2021_Breast::CID4463
Wu2021_Breast,Breast,CID4471,Endothelial,Endothelial,Wu2021_Breast::CID4471
Wu2021_Breast,Breast,CID4471,Fibroblast,Fibroblast,Wu2021_Breast::CID4471
Wu2021_Breast,Breast,CID4471,Pericyte,Pericyte,Wu2021_Breast::CID4471
Wu2021_Breast,Breast,CID4471,B_cell,B cell,Wu2021_Breast::CID4471
Wu2021_Breast,Breast,CID4471,Plasmablast,Plasmablast,Wu2021_Breast::CID4471
Wu2021_Breast,Breast,CID4471,T_cell,T cell,Wu2021_Breast::CID4471
Wu2021_Breast,Breast,CID4471,NK_cell,NK cell,Wu2021_Breast::CID4471
Wu2021_Breast,Breast,CID4471,Macrophage,Macrophage,Wu2021_Breast::CID4471
Wu2021_Breast,Breast,CID4471,Monocyte,Monocyte,Wu2021_Breast::CID4471
Wu2021_Breast,Breast,CID4471,Myeloid,Myeloid,Wu2021_Breast::CID4471
Wu2021_Breast,Breast,CID4471,Dendritic,Dendritic,Wu2021_Breast::CID4471
Wu2021_Breast,Breast,CID4471,Malignant,Malignant,Wu2021_Breast::CID4471
Wu2021_Breast,Breast,CID4471,Epithelial,Epithelial,Wu2021_Breast::CID4471
Wu2021_Breast,Breast,CID4530N,Endothelial,Endothelial,Wu2021_Breast::CID4530N
Wu2021_Breast,Breast,CID4530N,Fibroblast,Fibroblast,Wu2021_Breast::CID4530N
Wu2021_Breast,Breast,CID4530N,Pericyte,Pericyte,Wu2021_Breast::CID4530N
Wu2021_Breast,Breast,CID4530N,Plasmablast,Plasmablast,Wu2021_Breast::CID4530N
Wu2021_Breast,Breast,CID4530N,T_cell,T cell,Wu2021_Breast::CID4530N
Wu2021_Breast,Breast,CID4530N,NK_cell,NK cell,Wu2021_Breast::CID4530N
Wu2021_Breast,Breast,CID4530N,Macrophage,Macrophage,Wu2021_Breast::CID4530N
Wu2021_Breast,Breast,CID4530N,Monocyte,Monocyte,Wu2021_Breast::CID4530N
Wu2021_Breast,Breast,CID4530N,Myeloid,Myeloid,Wu2021_Breast::CID4530N
Wu2021_Breast,Breast,CID4530N,Dendritic,Dendritic,Wu2021_Breast::CID4530N
Wu2021_Breast,Breast,CID4530N,Malignant,Malignant,Wu2021_Breast::CID4530N
Wu2021_Breast,Breast,CID4530N,Epithelial,Epithelial,Wu2021_Breast::CID4530N
Wu2021_Breast,Breast,CID4535,Endothelial,Endothelial,Wu2021_Breast::CID4535
Wu2021_Breast,Breast,CID4535,Fibroblast,Fibroblast,Wu2021_Breast::CID4535
Wu2021_Breast,Breast,CID4535,Pericyte,Pericyte,Wu2021_Breast::CID4535
Wu2021_Breast,Breast,CID4535,B_cell,B cell,Wu2021_Breast::CID4535
Wu2021_Breast,Breast,CID4535,Plasmablast,Plasmablast,Wu2021_Breast::CID4535
Wu2021_Breast,Breast,CID4535,T_cell,T cell,Wu2021_Breast::CID4535
Wu2021_Breast,Breast,CID4535,NK_cell,NK cell,Wu2021_Breast::CID4535
Wu2021_Breast,Breast,CID4535,Macrophage,Macrophage,Wu2021_Breast::CID4535
Wu2021_Breast,Breast,CID4535,Monocyte,Monocyte,Wu2021_Breast::CID4535
Wu2021_Breast,Breast,CID4535,Myeloid,Myeloid,Wu2021_Breast::CID4535
Wu2021_Breast,Breast,CID4535,Dendritic,Dendritic,Wu2021_Breast::CID4535
Wu2021_Breast,Breast,CID4535,Malignant,Malignant,Wu2021_Breast::CID4535
Wu2021_Breast,Breast,CID4535,Epithelial,Epithelial,Wu2021_Breast::CID4535
Wu2021_Breast,Breast,CID4040,Endothelial,Endothelial,Wu2021_Breast::CID4040
Wu2021_Breast,Breast,CID4040,Fibroblast,Fibroblast,Wu2021_Breast::CID4040
Wu2021_Breast,Breast,CID4040,Pericyte,Pericyte,Wu2021_Breast::CID4040
Wu2021_Breast,Breast,CID4040,B_cell,B cell,Wu2021_Breast::CID4040
Wu2021_Breast,Breast,CID4040,Plasmablast,Plasmablast,Wu2021_Breast::CID4040
Wu2021_Breast,Breast,CID4040,T_cell,T cell,Wu2021_Breast::CID4040
Wu2021_Breast,Breast,CID4040,NK_cell,NK cell,Wu2021_Breast::CID4040
Wu2021_Breast,Breast,CID4040,Macrophage,Macrophage,Wu2021_Breast::CID4040
Wu2021_Breast,Breast,CID4040,Monocyte,Monocyte,Wu2021_Breast::CID4040
Wu2021_Breast,Breast,CID4040,Myeloid,Myeloid,Wu2021_Breast::CID4040
Wu2021_Breast,Breast,CID4040,Dendritic,Dendritic,Wu2021_Breast::CID4040
Wu2021_Breast,Breast,CID3941,Endothelial,Endothelial,Wu2021_Breast::CID3941
Wu2021_Breast,Breast,CID3941,Fibroblast,Fibroblast,Wu2021_Breast::CID3941
Wu2021_Breast,Breast,CID3941,Pericyte,Pericyte,Wu2021_Breast::CID3941
Wu2021_Breast,Breast,CID3941,B_cell,B cell,Wu2021_Breast::CID3941
Wu2021_Breast,Breast,CID3941,T_cell,T cell,Wu2021_Breast::CID3941
Wu2021_Breast,Breast,CID3941,NK_cell,NK cell,Wu2021_Breast::CID3941
Wu2021_Breast,Breast,CID3941,Macrophage,Macrophage,Wu2021_Breast::CID3941
Wu2021_Breast,Breast,CID3941,Monocyte,Monocyte,Wu2021_Breast::CID3941
Wu2021_Breast,Breast,CID3941,Dendritic,Dendritic,Wu2021_Breast::CID3941
Wu2021_Breast,Breast,CID3941,Malignant,Malignant,Wu2021_Breast::CID3941
Wu2021_Breast,Breast,CID3948,Endothelial,Endothelial,Wu2021_Breast::CID3948
Wu2021_Breast,Breast,CID3948,Fibroblast,Fibroblast,Wu2021_Breast::CID3948
Wu2021_Breast,Breast,CID3948,Pericyte,Pericyte,Wu2021_Breast::CID3948
Wu2021_Breast,Breast,CID3948,B_cell,B cell,Wu2021_Breast::CID3948
Wu2021_Breast,Breast,CID3948,Plasmablast,Plasmablast,Wu2021_Breast::CID3948
Wu2021_Breast,Breast,CID3948,T_cell,T cell,Wu2021_Breast::CID3948
Wu2021_Breast,Breast,CID3948,NK_cell,NK cell,Wu2021_Breast::CID3948
Wu2021_Breast,Breast,CID3948,Macrophage,Macrophage,Wu2021_Breast::CID3948
Wu2021_Breast,Breast,CID3948,Monocyte,Monocyte,Wu2021_Breast::CID3948
Wu2021_Breast,Breast,CID3948,Myeloid,Myeloid,Wu2021_Breast::CID3948
Wu2021_Breast,Breast,CID3948,Dendritic,Dendritic,Wu2021_Breast::CID3948
Wu2021_Breast,Breast,CID3948,Malignant,Malignant,Wu2021_Breast::CID3948
Wu2021_Breast,Breast,CID4067,Endothelial,Endothelial,Wu2021_Breast::CID4067
Wu2021_Breast,Breast,CID4067,Fibroblast,Fibroblast,Wu2021_Breast::CID4067
Wu2021_Breast,Breast,CID4067,Pericyte,Pericyte,Wu2021_Breast::CID4067
Wu2021_Breast,Breast,CID4067,B_cell,B cell,Wu2021_Breast::CID4067
Wu2021_Breast,Breast,CID4067,T_cell,T cell,Wu2021_Breast::CID4067
Wu2021_Breast,Breast,CID4067,NK_cell,NK cell,Wu2021_Breast::CID4067
Wu2021_Breast,Breast,CID4067,Macrophage,Macrophage,Wu2021_Breast::CID4067
Wu2021_Breast,Breast,CID4067,Monocyte,Monocyte,Wu2021_Breast::CID4067
Wu2021_Breast,Breast,CID4067,Myeloid,Myeloid,Wu2021_Breast::CID4067
Wu2021_Breast,Breast,CID4067,Dendritic,Dendritic,Wu2021_Breast::CID4067
Wu2021_Breast,Breast,CID4067,Malignant,Malignant,Wu2021_Breast::CID4067
Wu2021_Breast,Breast,CID4290A,Endothelial,Endothelial,Wu2021_Breast::CID4290A
Wu2021_Breast,Breast,CID4290A,Fibroblast,Fibroblast,Wu2021_Breast::CID4290A
Wu2021_Breast,Breast,CID4290A,Pericyte,Pericyte,Wu2021_Breast::CID4290A
Wu2021_Breast,Breast,CID4290A,B_cell,B cell,Wu2021_Breast::CID4290A
Wu2021_Breast,Breast,CID4290A,T_cell,T cell,Wu2021_Breast::CID4290A
Wu2021_Breast,Breast,CID4290A,NK_cell,NK cell,Wu2021_Breast::CID4290A
Wu2021_Breast,Breast,CID4290A,Macrophage,Macrophage,Wu2021_Breast::CID4290A
Wu2021_Breast,Breast,CID4290A,Monocyte,Monocyte,Wu2021_Breast::CID4290A
Wu2021_Breast,Breast,CID4290A,Myeloid,Myeloid,Wu2021_Breast::CID4290A
Wu2021_Breast,Breast,CID4290A,Dendritic,Dendritic,Wu2021_Breast::CID4290A
Wu2021_Breast,Breast,CID4290A,Malignant,Malignant,Wu2021_Breast::CID4290A
Wu2021_Breast,Breast,CID4290A,Epithelial,Epithelial,Wu2021_Breast::CID4290A
Wu2021_Breast,Breast,CID4398,Endothelial,Endothelial,Wu2021_Breast::CID4398
Wu2021_Breast,Breast,CID4398,Fibroblast,Fibroblast,Wu2021_Breast::CID4398
Wu2021_Breast,Breast,CID4398,Pericyte,Pericyte,Wu2021_Breast::CID4398
Wu2021_Breast,Breast,CID4398,B_cell,B cell,Wu2021_Breast::CID4398
Wu2021_Breast,Breast,CID4398,Plasmablast,Plasmablast,Wu2021_Breast::CID4398
Wu2021_Breast,Breast,CID4398,T_cell,T cell,Wu2021_Breast::CID4398
Wu2021_Breast,Breast,CID4398,NK_cell,NK cell,Wu2021_Breast::CID4398
Wu2021_Breast,Breast,CID4398,Macrophage,Macrophage,Wu2021_Breast::CID4398
Wu2021_Breast,Breast,CID4398,Monocyte,Monocyte,Wu2021_Breast::CID4398
Wu2021_Breast,Breast,CID4398,Myeloid,Myeloid,Wu2021_Breast::CID4398
Wu2021_Breast,Breast,CID4398,Dendritic,Dendritic,Wu2021_Breast::CID4398
Chen2021_Colorectal,Colorectal,HTA11_3410_2000001011,Epithelial,Epithelial,Chen2021_Colorectal::HTA11_3410_2000001011
Chen2021_Colorectal,Colorectal,HTA11_3410_2000001011,Adenoma_specific_cell,Adenoma specific cell,Chen2021_Colorectal::HTA11_3410_2000001011
Chen2021_Colorectal,Colorectal,HTA11_3410_2000001011,Serrated_specific_cells,Serrated specific cells,Chen2021_Colorectal::HTA11_3410_2000001011
Chen2021_Colorectal,Colorectal,HTA11_2235_2000002021,Epithelial,Epithelial,Chen2021_Colorectal::HTA11_2235_2000002021
Chen2021_Colorectal,Colorectal,HTA11_2235_2000002021,Adenoma_specific_cell,Adenoma specific cell,Chen2021_Colorectal::HTA11_2235_2000002021
Chen2021_Colorectal,Colorectal,HTA11_546_2000002011,Epithelial,Epithelial,Chen2021_Colorectal::HTA11_546_2000002011
Chen2021_Colorectal,Colorectal,HTA11_546_2000002011,Adenoma_specific_cell,Adenoma specific cell,Chen2021_Colorectal::HTA11_546_2000002011
Chen2021_Colorectal,Colorectal,HTA11_2487_2000001011,Serrated_specific_cells,Serrated specific cells,Chen2021_Colorectal::HTA11_2487_2000001011
Chen2021_Colorectal,Colorectal,HTA11_2487_2000001011,Epithelial,Epithelial,Chen2021_Colorectal::HTA11_2487_2000001011
Chen2021_Colorectal,Colorectal,HTA11_2487_2000001011,Adenoma_specific_cell,Adenoma specific cell,Chen2021_Colorectal::HTA11_2487_2000001011
Chen2021_Colorectal,Colorectal,HTA11_104_2000002011,Epithelial,Epithelial,Chen2021_Colorectal::HTA11_104_2000002011
Chen2021_Colorectal,Colorectal,HTA11_104_2000002011,Adenoma_specific_cell,Adenoma specific cell,Chen2021_Colorectal::HTA11_104_2000002011
Chen2021_Colorectal,Colorectal,HTA11_104_2000002011,Serrated_specific_cells,Serrated specific cells,Chen2021_Colorectal::HTA11_104_2000002011
Chen2021_Colorectal,Colorectal,HTA11_2951_2000001011,Epithelial,Epithelial,Chen2021_Colorectal::HTA11_2951_2000001011
Chen2021_Colorectal,Colorectal,HTA11_2951_2000001011,Adenoma_specific_cell,Adenoma specific cell,Chen2021_Colorectal::HTA11_2951_2000001011
Chen2021_Colorectal,Colorectal,HTA11_2951_2000001011,Serrated_specific_cells,Serrated specific cells,Chen2021_Colorectal::HTA11_2951_2000001011
Chen2021_Colorectal,Colorectal,HTA11_1938_2000001011,Adenoma_specific_cell,Adenoma specific cell,Chen2021_Colorectal::HTA11_1938_2000001011
Chen2021_Colorectal,Colorectal,HTA11_1938_2000001011,Epithelial,Epithelial,Chen2021_Colorectal::HTA11_1938_2000001011
Chen2021_Colorectal,Colorectal,HTA11_1938_2000001011,Serrated_specific_cells,Serrated specific cells,Chen2021_Colorectal::HTA11_1938_2000001011
Chen2021_Colorectal,Colorectal,HTA11_6310_2000002011,Epithelial,Epithelial,Chen2021_Colorectal::HTA11_6310_2000002011
Chen2021_Colorectal,Colorectal,HTA11_6310_2000002011,Adenoma_specific_cell,Adenoma specific cell,Chen2021_Colorectal::HTA11_6310_2000002011
Chen2021_Colorectal,Colorectal,HTA11_78_2000001011,Epithelial,Epithelial,Chen2021_Colorectal::HTA11_78_2000001011
Chen2021_Colorectal,Colorectal,HTA11_78_2000001011,Adenoma_specific_cell,Adenoma specific cell,Chen2021_Colorectal::HTA11_78_2000001011
Chen2021_Colorectal,Colorectal,HTA11_347_2000001011,Epithelial,Epithelial,Chen2021_Colorectal::HTA11_347_2000001011
Chen2021_Colorectal,Colorectal,HTA11_347_2000001011,Adenoma_specific_cell,Adenoma specific cell,Chen2021_Colorectal::HTA11_347_2000001011
Chen2021_Colorectal,Colorectal,HTA11_546_2000002021,Epithelial,Epithelial,Chen2021_Colorectal::HTA11_546_2000002021
Chen2021_Colorectal,Colorectal,HTA11_546_2000002021,Adenoma_specific_cell,Adenoma specific cell,Chen2021_Colorectal::HTA11_546_2000002021
Chen2021_Colorectal,Colorectal,HTA11_411_2000001011,Epithelial,Epithelial,Chen2021_Colorectal::HTA11_411_2000001011
Chen2021_Colorectal,Colorectal,HTA11_411_2000001011,Serrated_specific_cells,Serrated specific cells,Chen2021_Colorectal::HTA11_411_2000001011
Chen2021_Colorectal,Colorectal,HTA11_411_2000001011,Adenoma_specific_cell,Adenoma specific cell,Chen2021_Colorectal::HTA11_411_2000001011
Chen2021_Colorectal,Colorectal,HTA11_3252_2000002021,Epithelial,Epithelial,Chen2021_Colorectal::HTA11_3252_2000002021
Chen2021_Colorectal,Colorectal,HTA11_3252_2000002021,Serrated_specific_cells,Serrated specific cells,Chen2021_Colorectal::HTA11_3252_2000002021
Chen2021_Colorectal,Colorectal,HTA11_3252_2000002021,Adenoma_specific_cell,Adenoma specific cell,Chen2021_Colorectal::HTA11_3252_2000002021
Chen2021_Colorectal,Colorectal,HTA11_2112_2000001011,Epithelial,Epithelial,Chen2021_Colorectal::HTA11_2112_2000001011
Chen2021_Colorectal,Colorectal,HTA11_2112_2000001011,Serrated_specific_cells,Serrated specific cells,Chen2021_Colorectal::HTA11_2112_2000001011
Chen2021_Colorectal,Colorectal,HTA11_2112_2000001011,Adenoma_specific_cell,Adenoma specific cell,Chen2021_Colorectal::HTA11_2112_2000001011
Chen2021_Colorectal,Colorectal,HTA11_5994_2000001011,Epithelial,Epithelial,Chen2021_Colorectal::HTA11_5994_2000001011
Chen2021_Colorectal,Colorectal,HTA11_5994_2000001011,Serrated_specific_cells,Serrated specific cells,Chen2021_Colorectal::HTA11_5994_2000001011
Chen2021_Colorectal,Colorectal,HTA11_5994_2000001011,Adenoma_specific_cell,Adenoma specific cell,Chen2021_Colorectal::HTA11_5994_2000001011
Chen2021_Colorectal,Colorectal,HTA11_3410_2000002021,Epithelial,Epithelial,Chen2021_Colorectal::HTA11_3410_2000002021
Chen2021_Colorectal,Colorectal,HTA11_3410_2000002021,Adenoma_specific_cell,Adenoma specific cell,Chen2021_Colorectal::HTA11_3410_2000002021
Chen2021_Colorectal,Colorectal,HTA11_6310_2000001011,Serrated_specific_cells,Serrated specific cells,Chen2021_Colorectal::HTA11_6310_2000001011
Chen2021_Colorectal,Colorectal,HTA11_6310_2000001011,Epithelial,Epithelial,Chen2021_Colorectal::HTA11_6310_2000001011
Chen2021_Colorectal,Colorectal,HTA11_6310_2000001011,Adenoma_specific_cell,Adenoma specific cell,Chen2021_Colorectal::HTA11_6310_2000001011
Chen2021_Colorectal,Colorectal,HTA11_5363_2000002021,Epithelial,Epithelial,Chen2021_Colorectal::HTA11_5363_2000002021
Chen2021_Colorectal,Colorectal,HTA11_5363_2000002021,Adenoma_specific_cell,Adenoma specific cell,Chen2021_Colorectal::HTA11_5363_2000002021
Chen2021_Colorectal,Colorectal,HTA11_347_2000001011,Serrated_specific_cells,Serrated specific cells,Chen2021_Colorectal::HTA11_347_2000001011
Chen2021_Colorectal,Colorectal,HTA11_3361_2000001011,Epithelial,Epithelial,Chen2021_Colorectal::HTA11_3361_2000001011
Chen2021_Colorectal,Colorectal,HTA11_3361_2000001011,Adenoma_specific_cell,Adenoma specific cell,Chen2021_Colorectal::HTA11_3361_2000001011
Chen2021_Colorectal,Colorectal,HTA11_3361_2000001011,Serrated_specific_cells,Serrated specific cells,Chen2021_Colorectal::HTA11_3361_2000001011
Chen2021_Colorectal,Colorectal,HTA11_6147_2000001011,Epithelial,Epithelial,Chen2021_Colorectal::HTA11_6147_2000001011
Chen2021_Colorectal,Colorectal,HTA11_6147_2000001011,Serrated_specific_cells,Serrated specific cells,Chen2021_Colorectal::HTA11_6147_2000001011
Chen2021_Colorectal,Colorectal,HTA11_6147_2000001011,Adenoma_specific_cell,Adenoma specific cell,Chen2021_Colorectal::HTA11_6147_2000001011
Chen2021_Colorectal,Colorectal,HTA11_3361_2000002011,Epithelial,Epithelial,Chen2021_Colorectal::HTA11_3361_2000002011
Chen2021_Colorectal,Colorectal,HTA11_3361_2000002011,Adenoma_specific_cell,Adenoma specific cell,Chen2021_Colorectal::HTA11_3361_2000002011
Chen2021_Colorectal,Colorectal,HTA11_3361_2000002011,Serrated_specific_cells,Serrated specific cells,Chen2021_Colorectal::HTA11_3361_2000002011
Chen2021_Colorectal,Colorectal,HTA11_3331_2000001011,Epithelial,Epithelial,Chen2021_Colorectal::HTA11_3331_2000001011
Chen2021_Colorectal,Colorectal,HTA11_3331_2000001011,Serrated_specific_cells,Serrated specific cells,Chen2021_Colorectal::HTA11_3331_2000001011
Chen2021_Colorectal,Colorectal,HTA11_3331_2000001011,Adenoma_specific_cell,Adenoma specific cell,Chen2021_Colorectal::HTA11_3331_2000001011
Chen2021_Colorectal,Colorectal,HTA11_104_2000001011,Epithelial,Epithelial,Chen2021_Colorectal::HTA11_104_2000001011
Chen2021_Colorectal,Colorectal,HTA11_104_2000001011,Adenoma_specific_cell,Adenoma specific cell,Chen2021_Colorectal::HTA11_104_2000001011
Chen2021_Colorectal,Colorectal,HTA11_83_2000001011,Adenoma_specific_cell,Adenoma specific cell,Chen2021_Colorectal::HTA11_83_2000001011
Chen2021_Colorectal,Colorectal,HTA11_83_2000001011,Epithelial,Epithelial,Chen2021_Colorectal::HTA11_83_2000001011
Chen2021_Colorectal,Colorectal,HTA11_83_2000001011,Serrated_specific_cells,Serrated specific cells,Chen2021_Colorectal::HTA11_83_2000001011
Chen2021_Colorectal,Colorectal,HTA11_1938_2000002011,Epithelial,Epithelial,Chen2021_Colorectal::HTA11_1938_2000002011
Chen2021_Colorectal,Colorectal,HTA11_1938_2000002011,Adenoma_specific_cell,Adenoma specific cell,Chen2021_Colorectal::HTA11_1938_2000002011
Chen2021_Colorectal,Colorectal,HTA11_83_2000002011,Epithelial,Epithelial,Chen2021_Colorectal::HTA11_83_2000002011
Chen2021_Colorectal,Colorectal,HTA11_83_2000002011,Serrated_specific_cells,Serrated specific cells,Chen2021_Colorectal::HTA11_83_2000002011
Chen2021_Colorectal,Colorectal,HTA11_3077_2000002011,Epithelial,Epithelial,Chen2021_Colorectal::HTA11_3077_2000002011
Chen2021_Colorectal,Colorectal,HTA11_3077_2000002011,Adenoma_specific_cell,Adenoma specific cell,Chen2021_Colorectal::HTA11_3077_2000002011
Chen2021_Colorectal,Colorectal,HTA11_3077_2000002011,Serrated_specific_cells,Serrated specific cells,Chen2021_Colorectal::HTA11_3077_2000002011
Chen2021_Colorectal,Colorectal,HTA11_392_3000012011,Epithelial,Epithelial,Chen2021_Colorectal::HTA11_392_3000012011
Chen2021_Colorectal,Colorectal,HTA11_392_3000012011,Adenoma_specific_cell,Adenoma specific cell,Chen2021_Colorectal::HTA11_392_3000012011
Chen2021_Colorectal,Colorectal,HTA11_6134_2000001011,Serrated_specific_cells,Serrated specific cells,Chen2021_Colorectal::HTA11_6134_2000001011
Chen2021_Colorectal,Colorectal,HTA11_6134_2000001011,Adenoma_specific_cell,Adenoma specific cell,Chen2021_Colorectal::HTA11_6134_2000001011
Chen2021_Colorectal,Colorectal,HTA11_6134_2000001011,Epithelial,Epithelial,Chen2021_Colorectal::HTA11_6134_2000001011
Chen2021_Colorectal,Colorectal,HTA11_696_2000002021,Epithelial,Epithelial,Chen2021_Colorectal::HTA11_696_2000002021
Chen2021_Colorectal,Colorectal,HTA11_696_2000002021,Adenoma_specific_cell,Adenoma specific cell,Chen2021_Colorectal::HTA11_696_2000002021
Chen2021_Colorectal,Colorectal,HTA11_6147_2000002011,Epithelial,Epithelial,Chen2021_Colorectal::HTA11_6147_2000002011
Chen2021_Colorectal,Colorectal,HTA11_6147_2000002011,Adenoma_specific_cell,Adenoma specific cell,Chen2021_Colorectal::HTA11_6147_2000002011
Chen2021_Colorectal,Colorectal,HTA11_5363_2000001011,Epithelial,Epithelial,Chen2021_Colorectal::HTA11_5363_2000001011
Chen2021_Colorectal,Colorectal,HTA11_5363_2000001011,Serrated_specific_cells,Serrated specific cells,Chen2021_Colorectal::HTA11_5363_2000001011
Chen2021_Colorectal,Colorectal,HTA11_5363_2000001011,Adenoma_specific_cell,Adenoma specific cell,Chen2021_Colorectal::HTA11_5363_2000001011
Chen2021_Colorectal,Colorectal,HTA11_696_2000002011,Epithelial,Epithelial,Chen2021_Colorectal::HTA11_696_2000002011
Chen2021_Colorectal,Colorectal,HTA11_696_2000002011,Serrated_specific_cells,Serrated specific cells,Chen2021_Colorectal::HTA11_696_2000002011
Chen2021_Colorectal,Colorectal,HTA11_696_2000002011,Adenoma_specific_cell,Adenoma specific cell,Chen2021_Colorectal::HTA11_696_2000002011
Chen2021_Colorectal,Colorectal,HTA11_696_2000001011,Epithelial,Epithelial,Chen2021_Colorectal::HTA11_696_2000001011
Chen2021_Colorectal,Colorectal,HTA11_696_2000001011,Adenoma_specific_cell,Adenoma specific cell,Chen2021_Colorectal::HTA11_696_2000001011
Chen2021_Colorectal,Colorectal,HTA11_696_2000001011,Serrated_specific_cells,Serrated specific cells,Chen2021_Colorectal::HTA11_696_2000001011
Chen2021_Colorectal,Colorectal,HTA11_6025_2000002011,Epithelial,Epithelial,Chen2021_Colorectal::HTA11_6025_2000002011
Chen2021_Colorectal,Colorectal,HTA11_6025_2000002011,Adenoma_specific_cell,Adenoma specific cell,Chen2021_Colorectal::HTA11_6025_2000002011
Chen2021_Colorectal,Colorectal,HTA11_6025_2000002011,Serrated_specific_cells,Serrated specific cells,Chen2021_Colorectal::HTA11_6025_2000002011
Chen2021_Colorectal,Colorectal,HTA11_866_2000001011,Adenoma_specific_cell,Adenoma specific cell,Chen2021_Colorectal::HTA11_866_2000001011
Chen2021_Colorectal,Colorectal,HTA11_866_2000001011,Epithelial,Epithelial,Chen2021_Colorectal::HTA11_866_2000001011
Chen2021_Colorectal,Colorectal,HTA11_3252_2000002011,Epithelial,Epithelial,Chen2021_Colorectal::HTA11_3252_2000002011
Chen2021_Colorectal,Colorectal,HTA11_3252_2000002011,Serrated_specific_cells,Serrated specific cells,Chen2021_Colorectal::HTA11_3252_2000002011
Chen2021_Colorectal,Colorectal,HTA11_6310_2000002021,Epithelial,Epithelial,Chen2021_Colorectal::HTA11_6310_2000002021
Chen2021_Colorectal,Colorectal,HTA11_6310_2000002021,Adenoma_specific_cell,Adenoma specific cell,Chen2021_Colorectal::HTA11_6310_2000002021
Chen2021_Colorectal,Colorectal,HTA11_6310_2000002021,Serrated_specific_cells,Serrated specific cells,Chen2021_Colorectal::HTA11_6310_2000002021
Chen2021_Colorectal,Colorectal,HTA11_411_2000002011,Epithelial,Epithelial,Chen2021_Colorectal::HTA11_411_2000002011
Chen2021_Colorectal,Colorectal,HTA11_411_2000002011,Adenoma_specific_cell,Adenoma specific cell,Chen2021_Colorectal::HTA11_411_2000002011
Chen2021_Colorectal,Colorectal,HTA11_411_2000002011,Serrated_specific_cells,Serrated specific cells,Chen2021_Colorectal::HTA11_411_2000002011
Chen2021_Colorectal,Colorectal,HTA11_1391_2000001011,Adenoma_specific_cell,Adenoma specific cell,Chen2021_Colorectal::HTA11_1391_2000001011
Chen2021_Colorectal,Colorectal,HTA11_1391_2000001011,Epithelial,Epithelial,Chen2021_Colorectal::HTA11_1391_2000001011
Chen2021_Colorectal,Colorectal,HTA11_1391_2000001011,Serrated_specific_cells,Serrated specific cells,Chen2021_Colorectal::HTA11_1391_2000001011
Chen2021_Colorectal,Colorectal,HTA11_6147_2000002021,Epithelial,Epithelial,Chen2021_Colorectal::HTA11_6147_2000002021
Chen2021_Colorectal,Colorectal,HTA11_6147_2000002021,Adenoma_specific_cell,Adenoma specific cell,Chen2021_Colorectal::HTA11_6147_2000002021
Chen2021_Colorectal,Colorectal,HTA11_6147_2000002021,Serrated_specific_cells,Serrated specific cells,Chen2021_Colorectal::HTA11_6147_2000002021
Chen2021_Colorectal,Colorectal,HTA11_2992_2000001011,Epithelial,Epithelial,Chen2021_Colorectal::HTA11_2992_2000001011
Chen2021_Colorectal,Colorectal,HTA11_2992_2000001011,Adenoma_specific_cell,Adenoma specific cell,Chen2021_Colorectal::HTA11_2992_2000001011
Chen2021_Colorectal,Colorectal,HTA11_6025_2000001011,Epithelial,Epithelial,Chen2021_Colorectal::HTA11_6025_2000001011
Chen2021_Colorectal,Colorectal,HTA11_6025_2000001011,Adenoma_specific_cell,Adenoma specific cell,Chen2021_Colorectal::HTA11_6025_2000001011
Chen2021_Colorectal,Colorectal,HTA11_2487_2000002011,Epithelial,Epithelial,Chen2021_Colorectal::HTA11_2487_2000002011
Chen2021_Colorectal,Colorectal,HTA11_2487_2000002011,Adenoma_specific_cell,Adenoma specific cell,Chen2021_Colorectal::HTA11_2487_2000002011
Chen2021_Colorectal,Colorectal,HTA11_5216_2000002011,Epithelial,Epithelial,Chen2021_Colorectal::HTA11_5216_2000002011
Chen2021_Colorectal,Colorectal,HTA11_5216_2000002011,Adenoma_specific_cell,Adenoma specific cell,Chen2021_Colorectal::HTA11_5216_2000002011
Chen2021_Colorectal,Colorectal,HTA11_5216_2000002011,Serrated_specific_cells,Serrated specific cells,Chen2021_Colorectal::HTA11_5216_2000002011
Chen2021_Colorectal,Colorectal,HTA11_5212_2000001011,Epithelial,Epithelial,Chen2021_Colorectal::HTA11_5212_2000001011
Chen2021_Colorectal,Colorectal,HTA11_5212_2000001011,Adenoma_specific_cell,Adenoma specific cell,Chen2021_Colorectal::HTA11_5212_2000001011
Chen2021_Colorectal,Colorectal,HTA11_5212_2000001011,Serrated_specific_cells,Serrated specific cells,Chen2021_Colorectal::HTA11_5212_2000001011
Chen2021_Colorectal,Colorectal,HTA11_5212_2000002011,Epithelial,Epithelial,Chen2021_Colorectal::HTA11_5212_2000002011
Chen2021_Colorectal,Colorectal,HTA11_5212_2000002011,Serrated_specific_cells,Serrated specific cells,Chen2021_Colorectal::HTA11_5212_2000002011
Chen2021_Colorectal,Colorectal,HTA11_5212_2000002011,Adenoma_specific_cell,Adenoma specific cell,Chen2021_Colorectal::HTA11_5212_2000002011
Chen2021_Colorectal,Colorectal,HTA11_377_2000001011,Epithelial,Epithelial,Chen2021_Colorectal::HTA11_377_2000001011
Chen2021_Colorectal,Colorectal,HTA11_377_2000001011,Serrated_specific_cells,Serrated specific cells,Chen2021_Colorectal::HTA11_377_2000001011
Chen2021_Colorectal,Colorectal,HTA11_377_2000001011,Adenoma_specific_cell,Adenoma specific cell,Chen2021_Colorectal::HTA11_377_2000001011
Chen2021_Colorectal,Colorectal,HTA11_2951_2000002021,Epithelial,Epithelial,Chen2021_Colorectal::HTA11_2951_2000002021
Chen2021_Colorectal,Colorectal,HTA11_2951_2000002021,Adenoma_specific_cell,Adenoma specific cell,Chen2021_Colorectal::HTA11_2951_2000002021
Chen2021_Colorectal,Colorectal,HTA11_2951_2000002021,Serrated_specific_cells,Serrated specific cells,Chen2021_Colorectal::HTA11_2951_2000002021
Chen2021_Colorectal,Colorectal,HTA11_2951_2000002011,Epithelial,Epithelial,Chen2021_Colorectal::HTA11_2951_2000002011
Chen2021_Colorectal,Colorectal,HTA11_2951_2000002011,Adenoma_specific_cell,Adenoma specific cell,Chen2021_Colorectal::HTA11_2951_2000002011
Chen2021_Colorectal,Colorectal,HTA11_78_2000002011,Epithelial,Epithelial,Chen2021_Colorectal::HTA11_78_2000002011
Chen2021_Colorectal,Colorectal,HTA11_78_2000002011,Adenoma_specific_cell,Adenoma specific cell,Chen2021_Colorectal::HTA11_78_2000002011
Chen2021_Colorectal,Colorectal,HTA11_2235_2000001011,Adenoma_specific_cell,Adenoma specific cell,Chen2021_Colorectal::HTA11_2235_2000001011
Chen2021_Colorectal,Colorectal,HTA11_2235_2000001011,Epithelial,Epithelial,Chen2021_Colorectal::HTA11_2235_2000001011
Chen2021_Colorectal,Colorectal,HTA11_2235_2000001011,Serrated_specific_cells,Serrated specific cells,Chen2021_Colorectal::HTA11_2235_2000001011
Chen2021_Colorectal,Colorectal,HTA11_392_3000011011,Serrated_specific_cells,Serrated specific cells,Chen2021_Colorectal::HTA11_392_3000011011
Chen2021_Colorectal,Colorectal,HTA11_392_3000011011,Adenoma_specific_cell,Adenoma specific cell,Chen2021_Colorectal::HTA11_392_3000011011
Chen2021_Colorectal,Colorectal,HTA11_392_3000011011,Epithelial,Epithelial,Chen2021_Colorectal::HTA11_392_3000011011
Chen2021_Colorectal,Colorectal,HTA11_6134_2000002021,Epithelial,Epithelial,Chen2021_Colorectal::HTA11_6134_2000002021
Chen2021_Colorectal,Colorectal,HTA11_6134_2000002021,Adenoma_specific_cell,Adenoma specific cell,Chen2021_Colorectal::HTA11_6134_2000002021
Chen2021_Colorectal,Colorectal,HTA11_104_2000002021,Epithelial,Epithelial,Chen2021_Colorectal::HTA11_104_2000002021
Chen2021_Colorectal,Colorectal,HTA11_104_2000002021,Adenoma_specific_cell,Adenoma specific cell,Chen2021_Colorectal::HTA11_104_2000002021
Chen2021_Colorectal,Colorectal,HTA11_104_2000002021,Serrated_specific_cells,Serrated specific cells,Chen2021_Colorectal::HTA11_104_2000002021
Chen2021_Colorectal,Colorectal,HTA11_3361_2000002021,Epithelial,Epithelial,Chen2021_Colorectal::HTA11_3361_2000002021
Chen2021_Colorectal,Colorectal,HTA11_5216_2000001011,Epithelial,Epithelial,Chen2021_Colorectal::HTA11_5216_2000001011
Chen2021_Colorectal,Colorectal,HTA11_5216_2000001011,Adenoma_specific_cell,Adenoma specific cell,Chen2021_Colorectal::HTA11_5216_2000001011
Chen2021_Colorectal,Colorectal,HTA11_2112_2000002021,Epithelial,Epithelial,Chen2021_Colorectal::HTA11_2112_2000002021
Chen2021_Colorectal,Colorectal,HTA11_2112_2000002021,Serrated_specific_cells,Serrated specific cells,Chen2021_Colorectal::HTA11_2112_2000002021
Chen2021_Colorectal,Colorectal,HTA11_5216_2000002021,Epithelial,Epithelial,Chen2021_Colorectal::HTA11_5216_2000002021
Chen2021_Colorectal,Colorectal,HTA11_5216_2000002021,Adenoma_specific_cell,Adenoma specific cell,Chen2021_Colorectal::HTA11_5216_2000002021
Chen2021_Colorectal,Colorectal,HTA11_83_2000002021,Epithelial,Epithelial,Chen2021_Colorectal::HTA11_83_2000002021
Chen2021_Colorectal,Colorectal,HTA11_83_2000002021,Serrated_specific_cells,Serrated specific cells,Chen2021_Colorectal::HTA11_83_2000002021
Chen2021_Colorectal,Colorectal,HTA11_83_2000002021,Adenoma_specific_cell,Adenoma specific cell,Chen2021_Colorectal::HTA11_83_2000002021
Chen2021_Colorectal,Colorectal,HTA11_411_2000002021,Epithelial,Epithelial,Chen2021_Colorectal::HTA11_411_2000002021
Chen2021_Colorectal,Colorectal,HTA11_411_2000002021,Adenoma_specific_cell,Adenoma specific cell,Chen2021_Colorectal::HTA11_411_2000002021
Chen2021_Colorectal,Colorectal,HTA11_411_2000002021,Serrated_specific_cells,Serrated specific cells,Chen2021_Colorectal::HTA11_411_2000002021
Chen2021_Colorectal,Colorectal,HTA11_546_2000001011,Epithelial,Epithelial,Chen2021_Colorectal::HTA11_546_2000001011
Chen2021_Colorectal,Colorectal,HTA11_546_2000001011,Adenoma_specific_cell,Adenoma specific cell,Chen2021_Colorectal::HTA11_546_2000001011
Chen2021_Colorectal,Colorectal,HTA11_546_2000001011,Serrated_specific_cells,Serrated specific cells,Chen2021_Colorectal::HTA11_546_2000001011
Chen2021_Colorectal,Colorectal,HTA11_866_2000001011,Serrated_specific_cells,Serrated specific cells,Chen2021_Colorectal::HTA11_866_2000001011
Chen2021_Colorectal,Colorectal,HTA11_3252_2000002011,Adenoma_specific_cell,Adenoma specific cell,Chen2021_Colorectal::HTA11_3252_2000002011
Chen2021_Colorectal,Colorectal,HTA11_3361_2000002021,Adenoma_specific_cell,Adenoma specific cell,Chen2021_Colorectal::HTA11_3361_2000002021
Chen2021_Colorectal,Colorectal,HTA11_3361_2000002021,Serrated_specific_cells,Serrated specific cells,Chen2021_Colorectal::HTA11_3361_2000002021
Chen2021_Colorectal,Colorectal,HTA11_5216_2000001011,Serrated_specific_cells,Serrated specific cells,Chen2021_Colorectal::HTA11_5216_2000001011
Chen2021_Colorectal,Colorectal,HTA11_5216_2000002021,Serrated_specific_cells,Serrated specific cells,Chen2021_Colorectal::HTA11_5216_2000002021
Lee2020_Colorectal,Colorectal,SMC01,T_cell,T cell,Lee2020_Colorectal::SMC01
Lee2020_Colorectal,Colorectal,SMC01,Malignant,Malignant,Lee2020_Colorectal::SMC01
Lee2020_Colorectal,Colorectal,SMC01,Epithelial,Epithelial,Lee2020_Colorectal::SMC01
Lee2020_Colorectal,Colorectal,SMC01,Macrophage,Macrophage,Lee2020_Colorectal::SMC01
Lee2020_Colorectal,Colorectal,SMC01,B_cell,B cell,Lee2020_Colorectal::SMC01
Lee2020_Colorectal,Colorectal,SMC01,Fibroblast,Fibroblast,Lee2020_Colorectal::SMC01
Lee2020_Colorectal,Colorectal,SMC01,Endothelial,Endothelial,Lee2020_Colorectal::SMC01
Lee2020_Colorectal,Colorectal,SMC02,Macrophage,Macrophage,Lee2020_Colorectal::SMC02
Lee2020_Colorectal,Colorectal,SMC02,T_cell,T cell,Lee2020_Colorectal::SMC02
Lee2020_Colorectal,Colorectal,SMC02,Malignant,Malignant,Lee2020_Colorectal::SMC02
Lee2020_Colorectal,Colorectal,SMC02,Fibroblast,Fibroblast,Lee2020_Colorectal::SMC02
Lee2020_Colorectal,Colorectal,SMC02,B_cell,B cell,Lee2020_Colorectal::SMC02
Lee2020_Colorectal,Colorectal,SMC02,Endothelial,Endothelial,Lee2020_Colorectal::SMC02
Lee2020_Colorectal,Colorectal,SMC04,Malignant,Malignant,Lee2020_Colorectal::SMC04
Lee2020_Colorectal,Colorectal,SMC04,T_cell,T cell,Lee2020_Colorectal::SMC04
Lee2020_Colorectal,Colorectal,SMC04,Macrophage,Macrophage,Lee2020_Colorectal::SMC04
Lee2020_Colorectal,Colorectal,SMC04,B_cell,B cell,Lee2020_Colorectal::SMC04
Lee2020_Colorectal,Colorectal,SMC04,Fibroblast,Fibroblast,Lee2020_Colorectal::SMC04
Lee2020_Colorectal,Colorectal,SMC04,Endothelial,Endothelial,Lee2020_Colorectal::SMC04
Lee2020_Colorectal,Colorectal,SMC07,Macrophage,Macrophage,Lee2020_Colorectal::SMC07
Lee2020_Colorectal,Colorectal,SMC07,B_cell,B cell,Lee2020_Colorectal::SMC07
Lee2020_Colorectal,Colorectal,SMC07,T_cell,T cell,Lee2020_Colorectal::SMC07
Lee2020_Colorectal,Colorectal,SMC07,Fibroblast,Fibroblast,Lee2020_Colorectal::SMC07
Lee2020_Colorectal,Colorectal,SMC07,Malignant,Malignant,Lee2020_Colorectal::SMC07
Lee2020_Colorectal,Colorectal,SMC07,Endothelial,Endothelial,Lee2020_Colorectal::SMC07
Lee2020_Colorectal,Colorectal,SMC07,Epithelial,Epithelial,Lee2020_Colorectal::SMC07
Lee2020_Colorectal,Colorectal,SMC07,Mast,Mast,Lee2020_Colorectal::SMC07
Lee2020_Colorectal,Colorectal,SMC08,T_cell,T cell,Lee2020_Colorectal::SMC08
Lee2020_Colorectal,Colorectal,SMC08,Malignant,Malignant,Lee2020_Colorectal::SMC08
Lee2020_Colorectal,Colorectal,SMC08,Fibroblast,Fibroblast,Lee2020_Colorectal::SMC08
Lee2020_Colorectal,Colorectal,SMC08,B_cell,B cell,Lee2020_Colorectal::SMC08
Lee2020_Colorectal,Colorectal,SMC08,Macrophage,Macrophage,Lee2020_Colorectal::SMC08
Lee2020_Colorectal,Colorectal,SMC08,Endothelial,Endothelial,Lee2020_Colorectal::SMC08
Lee2020_Colorectal,Colorectal,SMC09,Malignant,Malignant,Lee2020_Colorectal::SMC09
Lee2020_Colorectal,Colorectal,SMC09,Macrophage,Macrophage,Lee2020_Colorectal::SMC09
Lee2020_Colorectal,Colorectal,SMC09,T_cell,T cell,Lee2020_Colorectal::SMC09
Lee2020_Colorectal,Colorectal,SMC09,Fibroblast,Fibroblast,Lee2020_Colorectal::SMC09
Lee2020_Colorectal,Colorectal,SMC09,Endothelial,Endothelial,Lee2020_Colorectal::SMC09
Lee2020_Colorectal,Colorectal,SMC09,B_cell,B cell,Lee2020_Colorectal::SMC09
Lee2020_Colorectal,Colorectal,SMC11,Malignant,Malignant,Lee2020_Colorectal::SMC11
Lee2020_Colorectal,Colorectal,SMC11,T_cell,T cell,Lee2020_Colorectal::SMC11
Lee2020_Colorectal,Colorectal,SMC11,B_cell,B cell,Lee2020_Colorectal::SMC11
Lee2020_Colorectal,Colorectal,SMC11,Macrophage,Macrophage,Lee2020_Colorectal::SMC11
Lee2020_Colorectal,Colorectal,SMC11,Fibroblast,Fibroblast,Lee2020_Colorectal::SMC11
Lee2020_Colorectal,Colorectal,SMC11,Endothelial,Endothelial,Lee2020_Colorectal::SMC11
Lee2020_Colorectal,Colorectal,SMC11,Epithelial,Epithelial,Lee2020_Colorectal::SMC11
Lee2020_Colorectal,Colorectal,SMC14,B_cell,B cell,Lee2020_Colorectal::SMC14
Lee2020_Colorectal,Colorectal,SMC14,T_cell,T cell,Lee2020_Colorectal::SMC14
Lee2020_Colorectal,Colorectal,SMC14,Fibroblast,Fibroblast,Lee2020_Colorectal::SMC14
Lee2020_Colorectal,Colorectal,SMC14,Macrophage,Macrophage,Lee2020_Colorectal::SMC14
Lee2020_Colorectal,Colorectal,SMC14,Endothelial,Endothelial,Lee2020_Colorectal::SMC14
Lee2020_Colorectal,Colorectal,SMC14,Malignant,Malignant,Lee2020_Colorectal::SMC14
Lee2020_Colorectal,Colorectal,SMC15,Malignant,Malignant,Lee2020_Colorectal::SMC15
Lee2020_Colorectal,Colorectal,SMC15,T_cell,T cell,Lee2020_Colorectal::SMC15
Lee2020_Colorectal,Colorectal,SMC15,Endothelial,Endothelial,Lee2020_Colorectal::SMC15
Lee2020_Colorectal,Colorectal,SMC15,B_cell,B cell,Lee2020_Colorectal::SMC15
Lee2020_Colorectal,Colorectal,SMC15,Fibroblast,Fibroblast,Lee2020_Colorectal::SMC15
Lee2020_Colorectal,Colorectal,SMC15,Epithelial,Epithelial,Lee2020_Colorectal::SMC15
Lee2020_Colorectal,Colorectal,SMC15,Macrophage,Macrophage,Lee2020_Colorectal::SMC15
Lee2020_Colorectal,Colorectal,SMC16,Malignant,Malignant,Lee2020_Colorectal::SMC16
Lee2020_Colorectal,Colorectal,SMC16,T_cell,T cell,Lee2020_Colorectal::SMC16
Lee2020_Colorectal,Colorectal,SMC16,Endothelial,Endothelial,Lee2020_Colorectal::SMC16
Lee2020_Colorectal,Colorectal,SMC16,Fibroblast,Fibroblast,Lee2020_Colorectal::SMC16
Lee2020_Colorectal,Colorectal,SMC16,Macrophage,Macrophage,Lee2020_Colorectal::SMC16
Lee2020_Colorectal,Colorectal,SMC16,Epithelial,Epithelial,Lee2020_Colorectal::SMC16
Lee2020_Colorectal,Colorectal,SMC16,B_cell,B cell,Lee2020_Colorectal::SMC16
Lee2020_Colorectal,Colorectal,SMC18,Malignant,Malignant,Lee2020_Colorectal::SMC18
Lee2020_Colorectal,Colorectal,SMC18,B_cell,B cell,Lee2020_Colorectal::SMC18
Lee2020_Colorectal,Colorectal,SMC18,Macrophage,Macrophage,Lee2020_Colorectal::SMC18
Lee2020_Colorectal,Colorectal,SMC18,T_cell,T cell,Lee2020_Colorectal::SMC18
Lee2020_Colorectal,Colorectal,SMC18,Epithelial,Epithelial,Lee2020_Colorectal::SMC18
Lee2020_Colorectal,Colorectal,SMC18,Endothelial,Endothelial,Lee2020_Colorectal::SMC18
Lee2020_Colorectal,Colorectal,SMC18,Fibroblast,Fibroblast,Lee2020_Colorectal::SMC18
Lee2020_Colorectal,Colorectal,SMC20,T_cell,T cell,Lee2020_Colorectal::SMC20
Lee2020_Colorectal,Colorectal,SMC20,Fibroblast,Fibroblast,Lee2020_Colorectal::SMC20
Lee2020_Colorectal,Colorectal,SMC20,B_cell,B cell,Lee2020_Colorectal::SMC20
Lee2020_Colorectal,Colorectal,SMC20,Malignant,Malignant,Lee2020_Colorectal::SMC20
Lee2020_Colorectal,Colorectal,SMC20,Macrophage,Macrophage,Lee2020_Colorectal::SMC20
Lee2020_Colorectal,Colorectal,SMC20,Endothelial,Endothelial,Lee2020_Colorectal::SMC20
Lee2020_Colorectal,Colorectal,SMC21,Malignant,Malignant,Lee2020_Colorectal::SMC21
Lee2020_Colorectal,Colorectal,SMC21,T_cell,T cell,Lee2020_Colorectal::SMC21
Lee2020_Colorectal,Colorectal,SMC21,Epithelial,Epithelial,Lee2020_Colorectal::SMC21
Lee2020_Colorectal,Colorectal,SMC21,Macrophage,Macrophage,Lee2020_Colorectal::SMC21
Lee2020_Colorectal,Colorectal,SMC21,B_cell,B cell,Lee2020_Colorectal::SMC21
Lee2020_Colorectal,Colorectal,SMC21,Fibroblast,Fibroblast,Lee2020_Colorectal::SMC21
Lee2020_Colorectal,Colorectal,SMC23,T_cell,T cell,Lee2020_Colorectal::SMC23
Lee2020_Colorectal,Colorectal,SMC23,Macrophage,Macrophage,Lee2020_Colorectal::SMC23
Lee2020_Colorectal,Colorectal,SMC23,Malignant,Malignant,Lee2020_Colorectal::SMC23
Lee2020_Colorectal,Colorectal,SMC23,B_cell,B cell,Lee2020_Colorectal::SMC23
Lee2020_Colorectal,Colorectal,SMC23,Fibroblast,Fibroblast,Lee2020_Colorectal::SMC23
Lee2020_Colorectal,Colorectal,SMC23,Endothelial,Endothelial,Lee2020_Colorectal::SMC23
Lee2020_Colorectal,Colorectal,SMC23,Epithelial,Epithelial,Lee2020_Colorectal::SMC23
Lee2020_Colorectal,Colorectal,SMC25,T_cell,T cell,Lee2020_Colorectal::SMC25
Lee2020_Colorectal,Colorectal,SMC25,Malignant,Malignant,Lee2020_Colorectal::SMC25
Lee2020_Colorectal,Colorectal,SMC25,Macrophage,Macrophage,Lee2020_Colorectal::SMC25
Lee2020_Colorectal,Colorectal,SMC25,B_cell,B cell,Lee2020_Colorectal::SMC25
Lee2020_Colorectal,Colorectal,SMC25,Epithelial,Epithelial,Lee2020_Colorectal::SMC25
Lee2020_Colorectal,Colorectal,SMC25,Endothelial,Endothelial,Lee2020_Colorectal::SMC25
Lee2020_Colorectal,Colorectal,SMC25,Fibroblast,Fibroblast,Lee2020_Colorectal::SMC25
Li2017_Colorectal,Colorectal,CRC01_tumour,Malignant,Malignant,Li2017_Colorectal::CRC01_tumour
Li2017_Colorectal,Colorectal,CRC02_tumour,Malignant,Malignant,Li2017_Colorectal::CRC02_tumour
Li2017_Colorectal,Colorectal,CRC03_tumour,Malignant,Malignant,Li2017_Colorectal::CRC03_tumour
Li2017_Colorectal,Colorectal,CRC03_normal,B_cell,B cell,Li2017_Colorectal::CRC03_normal
Li2017_Colorectal,Colorectal,CRC03_normal,T_cell,T cell,Li2017_Colorectal::CRC03_normal
Li2017_Colorectal,Colorectal,CRC05_normal,Epithelial,Epithelial,Li2017_Colorectal::CRC05_normal
Li2017_Colorectal,Colorectal,CRC05_tumour,Malignant,Malignant,Li2017_Colorectal::CRC05_tumour
Li2017_Colorectal,Colorectal,CRC05_normal,Mast,Mast,Li2017_Colorectal::CRC05_normal
Li2017_Colorectal,Colorectal,CRC05_normal,B_cell,B cell,Li2017_Colorectal::CRC05_normal
Li2017_Colorectal,Colorectal,CRC05_normal,Fibroblast,Fibroblast,Li2017_Colorectal::CRC05_normal
Li2017_Colorectal,Colorectal,CRC05_normal,T_cell,T cell,Li2017_Colorectal::CRC05_normal
Li2017_Colorectal,Colorectal,CRC05_normal,Macrophage,Macrophage,Li2017_Colorectal::CRC05_normal
Li2017_Colorectal,Colorectal,CRC05_normal,Endothelial,Endothelial,Li2017_Colorectal::CRC05_normal
Li2017_Colorectal,Colorectal,CRC04_tumour,Malignant,Malignant,Li2017_Colorectal::CRC04_tumour
Li2017_Colorectal,Colorectal,CRC04_normal,Epithelial,Epithelial,Li2017_Colorectal::CRC04_normal
Li2017_Colorectal,Colorectal,CRC04_normal,B_cell,B cell,Li2017_Colorectal::CRC04_normal
Li2017_Colorectal,Colorectal,CRC04_normal,Fibroblast,Fibroblast,Li2017_Colorectal::CRC04_normal
Li2017_Colorectal,Colorectal,CRC04_normal,T_cell,T cell,Li2017_Colorectal::CRC04_normal
Li2017_Colorectal,Colorectal,CRC07_tumour,Malignant,Malignant,Li2017_Colorectal::CRC07_tumour
Li2017_Colorectal,Colorectal,CRC06_tumour,Malignant,Malignant,Li2017_Colorectal::CRC06_tumour
Li2017_Colorectal,Colorectal,CRC06_normal,Epithelial,Epithelial,Li2017_Colorectal::CRC06_normal
Li2017_Colorectal,Colorectal,CRC06_normal,Fibroblast,Fibroblast,Li2017_Colorectal::CRC06_normal
Li2017_Colorectal,Colorectal,CRC06_normal,B_cell,B cell,Li2017_Colorectal::CRC06_normal
Li2017_Colorectal,Colorectal,CRC09_tumour,Malignant,Malignant,Li2017_Colorectal::CRC09_tumour
Li2017_Colorectal,Colorectal,CRC10_tumour,Malignant,Malignant,Li2017_Colorectal::CRC10_tumour
Li2017_Colorectal,Colorectal,CRC10_normal,B_cell,B cell,Li2017_Colorectal::CRC10_normal
Li2017_Colorectal,Colorectal,CRC10_normal,Epithelial,Epithelial,Li2017_Colorectal::CRC10_normal
Li2017_Colorectal,Colorectal,CRC10_normal,T_cell,T cell,Li2017_Colorectal::CRC10_normal
Li2017_Colorectal,Colorectal,CRC10_normal,Endothelial,Endothelial,Li2017_Colorectal::CRC10_normal
Li2017_Colorectal,Colorectal,CRC10_normal,Macrophage,Macrophage,Li2017_Colorectal::CRC10_normal
Li2017_Colorectal,Colorectal,CRC11_normal,Epithelial,Epithelial,Li2017_Colorectal::CRC11_normal
Li2017_Colorectal,Colorectal,CRC11_normal,T_cell,T cell,Li2017_Colorectal::CRC11_normal
Li2017_Colorectal,Colorectal,CRC11_normal,Macrophage,Macrophage,Li2017_Colorectal::CRC11_normal
Li2017_Colorectal,Colorectal,CRC11_normal,B_cell,B cell,Li2017_Colorectal::CRC11_normal
Li2017_Colorectal,Colorectal,CRC08_tumour,Malignant,Malignant,Li2017_Colorectal::CRC08_tumour
Li2017_Colorectal,Colorectal,CRC08_normal,B_cell,B cell,Li2017_Colorectal::CRC08_normal
Li2017_Colorectal,Colorectal,CRC08_normal,Epithelial,Epithelial,Li2017_Colorectal::CRC08_normal
Li2017_Colorectal,Colorectal,CRC08_normal,Mast,Mast,Li2017_Colorectal::CRC08_normal
Li2017_Colorectal,Colorectal,CRC08_normal,Fibroblast,Fibroblast,Li2017_Colorectal::CRC08_normal
Zhang2018_Colorectal,Colorectal,P0123_N,T_cell,T cell,Zhang2018_Colorectal::P0123_N
Zhang2018_Colorectal,Colorectal,P0123_P,T_cell,T cell,Zhang2018_Colorectal::P0123_P
Zhang2018_Colorectal,Colorectal,P0123_T,T_cell,T cell,Zhang2018_Colorectal::P0123_T
Zhang2018_Colorectal,Colorectal,P0215_N,T_cell,T cell,Zhang2018_Colorectal::P0215_N
Zhang2018_Colorectal,Colorectal,P0215_P,T_cell,T cell,Zhang2018_Colorectal::P0215_P
Zhang2018_Colorectal,Colorectal,P0215_T,T_cell,T cell,Zhang2018_Colorectal::P0215_T
Zhang2018_Colorectal,Colorectal,P0309_P,T_cell,T cell,Zhang2018_Colorectal::P0309_P
Zhang2018_Colorectal,Colorectal,P0309_T,T_cell,T cell,Zhang2018_Colorectal::P0309_T
Zhang2018_Colorectal,Colorectal,P0411_N,T_cell,T cell,Zhang2018_Colorectal::P0411_N
Zhang2018_Colorectal,Colorectal,P0411_P,T_cell,T cell,Zhang2018_Colorectal::P0411_P
Zhang2018_Colorectal,Colorectal,P0411_T,T_cell,T cell,Zhang2018_Colorectal::P0411_T
Zhang2018_Colorectal,Colorectal,P0413_N,T_cell,T cell,Zhang2018_Colorectal::P0413_N
Zhang2018_Colorectal,Colorectal,P0413_P,T_cell,T cell,Zhang2018_Colorectal::P0413_P
Zhang2018_Colorectal,Colorectal,P0413_T,T_cell,T cell,Zhang2018_Colorectal::P0413_T
Zhang2018_Colorectal,Colorectal,P0701_N,T_cell,T cell,Zhang2018_Colorectal::P0701_N
Zhang2018_Colorectal,Colorectal,P0701_P,T_cell,T cell,Zhang2018_Colorectal::P0701_P
Zhang2018_Colorectal,Colorectal,P0701_T,T_cell,T cell,Zhang2018_Colorectal::P0701_T
Zhang2018_Colorectal,Colorectal,P0825_N,T_cell,T cell,Zhang2018_Colorectal::P0825_N
Zhang2018_Colorectal,Colorectal,P0825_P,T_cell,T cell,Zhang2018_Colorectal::P0825_P
Zhang2018_Colorectal,Colorectal,P0825_T,T_cell,T cell,Zhang2018_Colorectal::P0825_T
Zhang2018_Colorectal,Colorectal,P0909_N,T_cell,T cell,Zhang2018_Colorectal::P0909_N
Zhang2018_Colorectal,Colorectal,P0909_P,T_cell,T cell,Zhang2018_Colorectal::P0909_P
Zhang2018_Colorectal,Colorectal,P0909_T,T_cell,T cell,Zhang2018_Colorectal::P0909_T
Zhang2018_Colorectal,Colorectal,P1012_P,T_cell,T cell,Zhang2018_Colorectal::P1012_P
Zhang2018_Colorectal,Colorectal,P1012_T,T_cell,T cell,Zhang2018_Colorectal::P1012_T
Zhang2018_Colorectal,Colorectal,P1207_P,T_cell,T cell,Zhang2018_Colorectal::P1207_P
Zhang2018_Colorectal,Colorectal,P1207_T,T_cell,T cell,Zhang2018_Colorectal::P1207_T
Zhang2018_Colorectal,Colorectal,P1212_N,T_cell,T cell,Zhang2018_Colorectal::P1212_N
Zhang2018_Colorectal,Colorectal,P1212_P,T_cell,T cell,Zhang2018_Colorectal::P1212_P
Zhang2018_Colorectal,Colorectal,P1212_T,T_cell,T cell,Zhang2018_Colorectal::P1212_T
Zhang2018_Colorectal,Colorectal,P1228_N,T_cell,T cell,Zhang2018_Colorectal::P1228_N
Zhang2018_Colorectal,Colorectal,P1228_P,T_cell,T cell,Zhang2018_Colorectal::P1228_P
Zhang2018_Colorectal,Colorectal,P1228_T,T_cell,T cell,Zhang2018_Colorectal::P1228_T
Chen2020_Head-and-Neck,Head-and-Neck,P01,Malignant,Malignant,Chen2020_Head-and-Neck::P01
Chen2020_Head-and-Neck,Head-and-Neck,P01,NK_cell,NK cell,Chen2020_Head-and-Neck::P01
Chen2020_Head-and-Neck,Head-and-Neck,P01,B_cell,B cell,Chen2020_Head-and-Neck::P01
Chen2020_Head-and-Neck,Head-and-Neck,P01,T_cell,T cell,Chen2020_Head-and-Neck::P01
Chen2020_Head-and-Neck,Head-and-Neck,P01,Dendritic,Dendritic,Chen2020_Head-and-Neck::P01
Chen2020_Head-and-Neck,Head-and-Neck,P01,Plasma,Plasma,Chen2020_Head-and-Neck::P01
Chen2020_Head-and-Neck,Head-and-Neck,P01,Macrophage,Macrophage,Chen2020_Head-and-Neck::P01
Chen2020_Head-and-Neck,Head-and-Neck,P01,Endothelial,Endothelial,Chen2020_Head-and-Neck::P01
Chen2020_Head-and-Neck,Head-and-Neck,P01,Fibroblast,Fibroblast,Chen2020_Head-and-Neck::P01
Chen2020_Head-and-Neck,Head-and-Neck,P01,Epithelial,Epithelial,Chen2020_Head-and-Neck::P01
Chen2020_Head-and-Neck,Head-and-Neck,P01,Mast,Mast,Chen2020_Head-and-Neck::P01
Chen2020_Head-and-Neck,Head-and-Neck,P01,Lymphovascular,Lymphovascular,Chen2020_Head-and-Neck::P01
Chen2020_Head-and-Neck,Head-and-Neck,P01,Myofibroblast,Myofibroblast,Chen2020_Head-and-Neck::P01
Chen2020_Head-and-Neck,Head-and-Neck,P02,B_cell,B cell,Chen2020_Head-and-Neck::P02
Chen2020_Head-and-Neck,Head-and-Neck,P02,T_cell,T cell,Chen2020_Head-and-Neck::P02
Chen2020_Head-and-Neck,Head-and-Neck,P02,Macrophage,Macrophage,Chen2020_Head-and-Neck::P02
Chen2020_Head-and-Neck,Head-and-Neck,P02,NK_cell,NK cell,Chen2020_Head-and-Neck::P02
Chen2020_Head-and-Neck,Head-and-Neck,P02,Epithelial,Epithelial,Chen2020_Head-and-Neck::P02
Chen2020_Head-and-Neck,Head-and-Neck,P02,Plasma,Plasma,Chen2020_Head-and-Neck::P02
Chen2020_Head-and-Neck,Head-and-Neck,P02,Dendritic,Dendritic,Chen2020_Head-and-Neck::P02
Chen2020_Head-and-Neck,Head-and-Neck,P02,Endothelial,Endothelial,Chen2020_Head-and-Neck::P02
Chen2020_Head-and-Neck,Head-and-Neck,P02,Malignant,Malignant,Chen2020_Head-and-Neck::P02
Chen2020_Head-and-Neck,Head-and-Neck,P02,Myofibroblast,Myofibroblast,Chen2020_Head-and-Neck::P02
Chen2020_Head-and-Neck,Head-and-Neck,P02,Lymphovascular,Lymphovascular,Chen2020_Head-and-Neck::P02
Chen2020_Head-and-Neck,Head-and-Neck,P02,Fibroblast,Fibroblast,Chen2020_Head-and-Neck::P02
Chen2020_Head-and-Neck,Head-and-Neck,P02,Mast,Mast,Chen2020_Head-and-Neck::P02
Chen2020_Head-and-Neck,Head-and-Neck,P03,T_cell,T cell,Chen2020_Head-and-Neck::P03
Chen2020_Head-and-Neck,Head-and-Neck,P03,NK_cell,NK cell,Chen2020_Head-and-Neck::P03
Chen2020_Head-and-Neck,Head-and-Neck,P03,B_cell,B cell,Chen2020_Head-and-Neck::P03
Chen2020_Head-and-Neck,Head-and-Neck,P03,Lymphovascular,Lymphovascular,Chen2020_Head-and-Neck::P03
Chen2020_Head-and-Neck,Head-and-Neck,P03,Endothelial,Endothelial,Chen2020_Head-and-Neck::P03
Chen2020_Head-and-Neck,Head-and-Neck,P03,Malignant,Malignant,Chen2020_Head-and-Neck::P03
Chen2020_Head-and-Neck,Head-and-Neck,P03,Macrophage,Macrophage,Chen2020_Head-and-Neck::P03
Chen2020_Head-and-Neck,Head-and-Neck,P03,Dendritic,Dendritic,Chen2020_Head-and-Neck::P03
Chen2020_Head-and-Neck,Head-and-Neck,P03,Mast,Mast,Chen2020_Head-and-Neck::P03
Chen2020_Head-and-Neck,Head-and-Neck,P03,Myofibroblast,Myofibroblast,Chen2020_Head-and-Neck::P03
Chen2020_Head-and-Neck,Head-and-Neck,P03,Plasma,Plasma,Chen2020_Head-and-Neck::P03
Chen2020_Head-and-Neck,Head-and-Neck,P03,Fibroblast,Fibroblast,Chen2020_Head-and-Neck::P03
Chen2020_Head-and-Neck,Head-and-Neck,P03,Epithelial,Epithelial,Chen2020_Head-and-Neck::P03
Chen2020_Head-and-Neck,Head-and-Neck,P04,Macrophage,Macrophage,Chen2020_Head-and-Neck::P04
Chen2020_Head-and-Neck,Head-and-Neck,P04,T_cell,T cell,Chen2020_Head-and-Neck::P04
Chen2020_Head-and-Neck,Head-and-Neck,P04,Malignant,Malignant,Chen2020_Head-and-Neck::P04
Chen2020_Head-and-Neck,Head-and-Neck,P04,Fibroblast,Fibroblast,Chen2020_Head-and-Neck::P04
Chen2020_Head-and-Neck,Head-and-Neck,P04,Mast,Mast,Chen2020_Head-and-Neck::P04
Chen2020_Head-and-Neck,Head-and-Neck,P04,NK_cell,NK cell,Chen2020_Head-and-Neck::P04
Chen2020_Head-and-Neck,Head-and-Neck,P04,Epithelial,Epithelial,Chen2020_Head-and-Neck::P04
Chen2020_Head-and-Neck,Head-and-Neck,P04,Endothelial,Endothelial,Chen2020_Head-and-Neck::P04
Chen2020_Head-and-Neck,Head-and-Neck,P04,B_cell,B cell,Chen2020_Head-and-Neck::P04
Chen2020_Head-and-Neck,Head-and-Neck,P04,Myofibroblast,Myofibroblast,Chen2020_Head-and-Neck::P04
Chen2020_Head-and-Neck,Head-and-Neck,P04,Dendritic,Dendritic,Chen2020_Head-and-Neck::P04
Chen2020_Head-and-Neck,Head-and-Neck,P04,Plasma,Plasma,Chen2020_Head-and-Neck::P04
Chen2020_Head-and-Neck,Head-and-Neck,P04,Lymphovascular,Lymphovascular,Chen2020_Head-and-Neck::P04
Chen2020_Head-and-Neck,Head-and-Neck,P05,T_cell,T cell,Chen2020_Head-and-Neck::P05
Chen2020_Head-and-Neck,Head-and-Neck,P05,NK_cell,NK cell,Chen2020_Head-and-Neck::P05
Chen2020_Head-and-Neck,Head-and-Neck,P05,Macrophage,Macrophage,Chen2020_Head-and-Neck::P05
Chen2020_Head-and-Neck,Head-and-Neck,P05,Dendritic,Dendritic,Chen2020_Head-and-Neck::P05
Chen2020_Head-and-Neck,Head-and-Neck,P05,B_cell,B cell,Chen2020_Head-and-Neck::P05
Chen2020_Head-and-Neck,Head-and-Neck,P05,Mast,Mast,Chen2020_Head-and-Neck::P05
Chen2020_Head-and-Neck,Head-and-Neck,P05,Plasma,Plasma,Chen2020_Head-and-Neck::P05
Chen2020_Head-and-Neck,Head-and-Neck,P05,Endothelial,Endothelial,Chen2020_Head-and-Neck::P05
Chen2020_Head-and-Neck,Head-and-Neck,P05,Malignant,Malignant,Chen2020_Head-and-Neck::P05
Chen2020_Head-and-Neck,Head-and-Neck,P05,Fibroblast,Fibroblast,Chen2020_Head-and-Neck::P05
Chen2020_Head-and-Neck,Head-and-Neck,P05,Myofibroblast,Myofibroblast,Chen2020_Head-and-Neck::P05
Chen2020_Head-and-Neck,Head-and-Neck,P05,Epithelial,Epithelial,Chen2020_Head-and-Neck::P05
Chen2020_Head-and-Neck,Head-and-Neck,P05,Lymphovascular,Lymphovascular,Chen2020_Head-and-Neck::P05
Chen2020_Head-and-Neck,Head-and-Neck,P06,NK_cell,NK cell,Chen2020_Head-and-Neck::P06
Chen2020_Head-and-Neck,Head-and-Neck,P06,Plasma,Plasma,Chen2020_Head-and-Neck::P06
Chen2020_Head-and-Neck,Head-and-Neck,P06,Malignant,Malignant,Chen2020_Head-and-Neck::P06
Chen2020_Head-and-Neck,Head-and-Neck,P06,Macrophage,Macrophage,Chen2020_Head-and-Neck::P06
Chen2020_Head-and-Neck,Head-and-Neck,P06,T_cell,T cell,Chen2020_Head-and-Neck::P06
Chen2020_Head-and-Neck,Head-and-Neck,P06,Endothelial,Endothelial,Chen2020_Head-and-Neck::P06
Chen2020_Head-and-Neck,Head-and-Neck,P06,B_cell,B cell,Chen2020_Head-and-Neck::P06
Chen2020_Head-and-Neck,Head-and-Neck,P06,Lymphovascular,Lymphovascular,Chen2020_Head-and-Neck::P06
Chen2020_Head-and-Neck,Head-and-Neck,P06,Myofibroblast,Myofibroblast,Chen2020_Head-and-Neck::P06
Chen2020_Head-and-Neck,Head-and-Neck,P06,Fibroblast,Fibroblast,Chen2020_Head-and-Neck::P06
Chen2020_Head-and-Neck,Head-and-Neck,P06,Dendritic,Dendritic,Chen2020_Head-and-Neck::P06
Chen2020_Head-and-Neck,Head-and-Neck,P06,Epithelial,Epithelial,Chen2020_Head-and-Neck::P06
Chen2020_Head-and-Neck,Head-and-Neck,P06,Mast,Mast,Chen2020_Head-and-Neck::P06
Chen2020_Head-and-Neck,Head-and-Neck,P07,Plasma,Plasma,Chen2020_Head-and-Neck::P07
Chen2020_Head-and-Neck,Head-and-Neck,P07,Macrophage,Macrophage,Chen2020_Head-and-Neck::P07
Chen2020_Head-and-Neck,Head-and-Neck,P07,T_cell,T cell,Chen2020_Head-and-Neck::P07
Chen2020_Head-and-Neck,Head-and-Neck,P07,Dendritic,Dendritic,Chen2020_Head-and-Neck::P07
Chen2020_Head-and-Neck,Head-and-Neck,P07,NK_cell,NK cell,Chen2020_Head-and-Neck::P07
Chen2020_Head-and-Neck,Head-and-Neck,P07,B_cell,B cell,Chen2020_Head-and-Neck::P07
Chen2020_Head-and-Neck,Head-and-Neck,P07,Malignant,Malignant,Chen2020_Head-and-Neck::P07
Chen2020_Head-and-Neck,Head-and-Neck,P07,Endothelial,Endothelial,Chen2020_Head-and-Neck::P07
Chen2020_Head-and-Neck,Head-and-Neck,P07,Lymphovascular,Lymphovascular,Chen2020_Head-and-Neck::P07
Chen2020_Head-and-Neck,Head-and-Neck,P07,Epithelial,Epithelial,Chen2020_Head-and-Neck::P07
Chen2020_Head-and-Neck,Head-and-Neck,P07,Fibroblast,Fibroblast,Chen2020_Head-and-Neck::P07
Chen2020_Head-and-Neck,Head-and-Neck,P07,Mast,Mast,Chen2020_Head-and-Neck::P07
Chen2020_Head-and-Neck,Head-and-Neck,P08,T_cell,T cell,Chen2020_Head-and-Neck::P08
Chen2020_Head-and-Neck,Head-and-Neck,P08,Lymphovascular,Lymphovascular,Chen2020_Head-and-Neck::P08
Chen2020_Head-and-Neck,Head-and-Neck,P08,Mast,Mast,Chen2020_Head-and-Neck::P08
Chen2020_Head-and-Neck,Head-and-Neck,P08,B_cell,B cell,Chen2020_Head-and-Neck::P08
Chen2020_Head-and-Neck,Head-and-Neck,P08,NK_cell,NK cell,Chen2020_Head-and-Neck::P08
Chen2020_Head-and-Neck,Head-and-Neck,P08,Plasma,Plasma,Chen2020_Head-and-Neck::P08
Chen2020_Head-and-Neck,Head-and-Neck,P08,Malignant,Malignant,Chen2020_Head-and-Neck::P08
Chen2020_Head-and-Neck,Head-and-Neck,P08,Endothelial,Endothelial,Chen2020_Head-and-Neck::P08
Chen2020_Head-and-Neck,Head-and-Neck,P08,Dendritic,Dendritic,Chen2020_Head-and-Neck::P08
Chen2020_Head-and-Neck,Head-and-Neck,P08,Macrophage,Macrophage,Chen2020_Head-and-Neck::P08
Chen2020_Head-and-Neck,Head-and-Neck,P08,Myofibroblast,Myofibroblast,Chen2020_Head-and-Neck::P08
Chen2020_Head-and-Neck,Head-and-Neck,P08,Fibroblast,Fibroblast,Chen2020_Head-and-Neck::P08
Chen2020_Head-and-Neck,Head-and-Neck,P08,Epithelial,Epithelial,Chen2020_Head-and-Neck::P08
Chen2020_Head-and-Neck,Head-and-Neck,P09,T_cell,T cell,Chen2020_Head-and-Neck::P09
Chen2020_Head-and-Neck,Head-and-Neck,P09,NK_cell,NK cell,Chen2020_Head-and-Neck::P09
Chen2020_Head-and-Neck,Head-and-Neck,P09,B_cell,B cell,Chen2020_Head-and-Neck::P09
Chen2020_Head-and-Neck,Head-and-Neck,P09,Macrophage,Macrophage,Chen2020_Head-and-Neck::P09
Chen2020_Head-and-Neck,Head-and-Neck,P09,Plasma,Plasma,Chen2020_Head-and-Neck::P09
Chen2020_Head-and-Neck,Head-and-Neck,P09,Lymphovascular,Lymphovascular,Chen2020_Head-and-Neck::P09
Chen2020_Head-and-Neck,Head-and-Neck,P09,Dendritic,Dendritic,Chen2020_Head-and-Neck::P09
Chen2020_Head-and-Neck,Head-and-Neck,P09,Endothelial,Endothelial,Chen2020_Head-and-Neck::P09
Chen2020_Head-and-Neck,Head-and-Neck,P09,Myofibroblast,Myofibroblast,Chen2020_Head-and-Neck::P09
Chen2020_Head-and-Neck,Head-and-Neck,P09,Epithelial,Epithelial,Chen2020_Head-and-Neck::P09
Chen2020_Head-and-Neck,Head-and-Neck,P09,Fibroblast,Fibroblast,Chen2020_Head-and-Neck::P09
Chen2020_Head-and-Neck,Head-and-Neck,P09,Malignant,Malignant,Chen2020_Head-and-Neck::P09
Chen2020_Head-and-Neck,Head-and-Neck,P09,Mast,Mast,Chen2020_Head-and-Neck::P09
Chen2020_Head-and-Neck,Head-and-Neck,P10,T_cell,T cell,Chen2020_Head-and-Neck::P10
Chen2020_Head-and-Neck,Head-and-Neck,P10,NK_cell,NK cell,Chen2020_Head-and-Neck::P10
Chen2020_Head-and-Neck,Head-and-Neck,P10,B_cell,B cell,Chen2020_Head-and-Neck::P10
Chen2020_Head-and-Neck,Head-and-Neck,P10,Plasma,Plasma,Chen2020_Head-and-Neck::P10
Chen2020_Head-and-Neck,Head-and-Neck,P10,Dendritic,Dendritic,Chen2020_Head-and-Neck::P10
Chen2020_Head-and-Neck,Head-and-Neck,P10,Macrophage,Macrophage,Chen2020_Head-and-Neck::P10
Chen2020_Head-and-Neck,Head-and-Neck,P10,Endothelial,Endothelial,Chen2020_Head-and-Neck::P10
Chen2020_Head-and-Neck,Head-and-Neck,P10,Malignant,Malignant,Chen2020_Head-and-Neck::P10
Chen2020_Head-and-Neck,Head-and-Neck,P10,Lymphovascular,Lymphovascular,Chen2020_Head-and-Neck::P10
Chen2020_Head-and-Neck,Head-and-Neck,P10,Epithelial,Epithelial,Chen2020_Head-and-Neck::P10
Chen2020_Head-and-Neck,Head-and-Neck,P10,Myofibroblast,Myofibroblast,Chen2020_Head-and-Neck::P10
Chen2020_Head-and-Neck,Head-and-Neck,P10,Mast,Mast,Chen2020_Head-and-Neck::P10
Chen2020_Head-and-Neck,Head-and-Neck,P10,Fibroblast,Fibroblast,Chen2020_Head-and-Neck::P10
Chen2020_Head-and-Neck,Head-and-Neck,P11,Macrophage,Macrophage,Chen2020_Head-and-Neck::P11
Chen2020_Head-and-Neck,Head-and-Neck,P11,Epithelial,Epithelial,Chen2020_Head-and-Neck::P11
Chen2020_Head-and-Neck,Head-and-Neck,P11,Plasma,Plasma,Chen2020_Head-and-Neck::P11
Chen2020_Head-and-Neck,Head-and-Neck,P11,NK_cell,NK cell,Chen2020_Head-and-Neck::P11
Chen2020_Head-and-Neck,Head-and-Neck,P11,Endothelial,Endothelial,Chen2020_Head-and-Neck::P11
Chen2020_Head-and-Neck,Head-and-Neck,P11,Dendritic,Dendritic,Chen2020_Head-and-Neck::P11
Chen2020_Head-and-Neck,Head-and-Neck,P11,T_cell,T cell,Chen2020_Head-and-Neck::P11
Chen2020_Head-and-Neck,Head-and-Neck,P11,Myofibroblast,Myofibroblast,Chen2020_Head-and-Neck::P11
Chen2020_Head-and-Neck,Head-and-Neck,P11,Malignant,Malignant,Chen2020_Head-and-Neck::P11
Chen2020_Head-and-Neck,Head-and-Neck,P11,B_cell,B cell,Chen2020_Head-and-Neck::P11
Chen2020_Head-and-Neck,Head-and-Neck,P11,Fibroblast,Fibroblast,Chen2020_Head-and-Neck::P11
Chen2020_Head-and-Neck,Head-and-Neck,P11,Lymphovascular,Lymphovascular,Chen2020_Head-and-Neck::P11
Chen2020_Head-and-Neck,Head-and-Neck,P11,Mast,Mast,Chen2020_Head-and-Neck::P11
Chen2020_Head-and-Neck,Head-and-Neck,P12,T_cell,T cell,Chen2020_Head-and-Neck::P12
Chen2020_Head-and-Neck,Head-and-Neck,P12,NK_cell,NK cell,Chen2020_Head-and-Neck::P12
Chen2020_Head-and-Neck,Head-and-Neck,P12,Epithelial,Epithelial,Chen2020_Head-and-Neck::P12
Chen2020_Head-and-Neck,Head-and-Neck,P12,Lymphovascular,Lymphovascular,Chen2020_Head-and-Neck::P12
Chen2020_Head-and-Neck,Head-and-Neck,P12,Malignant,Malignant,Chen2020_Head-and-Neck::P12
Chen2020_Head-and-Neck,Head-and-Neck,P12,Plasma,Plasma,Chen2020_Head-and-Neck::P12
Chen2020_Head-and-Neck,Head-and-Neck,P12,Macrophage,Macrophage,Chen2020_Head-and-Neck::P12
Chen2020_Head-and-Neck,Head-and-Neck,P12,Endothelial,Endothelial,Chen2020_Head-and-Neck::P12
Chen2020_Head-and-Neck,Head-and-Neck,P12,B_cell,B cell,Chen2020_Head-and-Neck::P12
Chen2020_Head-and-Neck,Head-and-Neck,P12,Fibroblast,Fibroblast,Chen2020_Head-and-Neck::P12
Chen2020_Head-and-Neck,Head-and-Neck,P12,Dendritic,Dendritic,Chen2020_Head-and-Neck::P12
Chen2020_Head-and-Neck,Head-and-Neck,P12,Myofibroblast,Myofibroblast,Chen2020_Head-and-Neck::P12
Chen2020_Head-and-Neck,Head-and-Neck,P12,Mast,Mast,Chen2020_Head-and-Neck::P12
Chen2020_Head-and-Neck,Head-and-Neck,P14,B_cell,B cell,Chen2020_Head-and-Neck::P14
Chen2020_Head-and-Neck,Head-and-Neck,P14,Endothelial,Endothelial,Chen2020_Head-and-Neck::P14
Chen2020_Head-and-Neck,Head-and-Neck,P14,T_cell,T cell,Chen2020_Head-and-Neck::P14
Chen2020_Head-and-Neck,Head-and-Neck,P14,Myofibroblast,Myofibroblast,Chen2020_Head-and-Neck::P14
Chen2020_Head-and-Neck,Head-and-Neck,P14,Lymphovascular,Lymphovascular,Chen2020_Head-and-Neck::P14
Chen2020_Head-and-Neck,Head-and-Neck,P14,Macrophage,Macrophage,Chen2020_Head-and-Neck::P14
Chen2020_Head-and-Neck,Head-and-Neck,P14,Dendritic,Dendritic,Chen2020_Head-and-Neck::P14
Chen2020_Head-and-Neck,Head-and-Neck,P14,Epithelial,Epithelial,Chen2020_Head-and-Neck::P14
Chen2020_Head-and-Neck,Head-and-Neck,P14,Malignant,Malignant,Chen2020_Head-and-Neck::P14
Chen2020_Head-and-Neck,Head-and-Neck,P14,Plasma,Plasma,Chen2020_Head-and-Neck::P14
Chen2020_Head-and-Neck,Head-and-Neck,P14,NK_cell,NK cell,Chen2020_Head-and-Neck::P14
Chen2020_Head-and-Neck,Head-and-Neck,P14,Fibroblast,Fibroblast,Chen2020_Head-and-Neck::P14
Chen2020_Head-and-Neck,Head-and-Neck,P14,Mast,Mast,Chen2020_Head-and-Neck::P14
Chen2020_Head-and-Neck,Head-and-Neck,P15,B_cell,B cell,Chen2020_Head-and-Neck::P15
Chen2020_Head-and-Neck,Head-and-Neck,P15,T_cell,T cell,Chen2020_Head-and-Neck::P15
Chen2020_Head-and-Neck,Head-and-Neck,P15,Fibroblast,Fibroblast,Chen2020_Head-and-Neck::P15
Chen2020_Head-and-Neck,Head-and-Neck,P15,NK_cell,NK cell,Chen2020_Head-and-Neck::P15
Chen2020_Head-and-Neck,Head-and-Neck,P15,Lymphovascular,Lymphovascular,Chen2020_Head-and-Neck::P15
Chen2020_Head-and-Neck,Head-and-Neck,P15,Epithelial,Epithelial,Chen2020_Head-and-Neck::P15
Chen2020_Head-and-Neck,Head-and-Neck,P15,Endothelial,Endothelial,Chen2020_Head-and-Neck::P15
Chen2020_Head-and-Neck,Head-and-Neck,P15,Macrophage,Macrophage,Chen2020_Head-and-Neck::P15
Chen2020_Head-and-Neck,Head-and-Neck,P15,Dendritic,Dendritic,Chen2020_Head-and-Neck::P15
Chen2020_Head-and-Neck,Head-and-Neck,P15,Plasma,Plasma,Chen2020_Head-and-Neck::P15
Chen2020_Head-and-Neck,Head-and-Neck,P15,Mast,Mast,Chen2020_Head-and-Neck::P15
Chen2020_Head-and-Neck,Head-and-Neck,P15,Myofibroblast,Myofibroblast,Chen2020_Head-and-Neck::P15
Chen2020_Head-and-Neck,Head-and-Neck,P15,Malignant,Malignant,Chen2020_Head-and-Neck::P15
Cillo2020_Head-and-Neck,Head-and-Neck,HD_1_PBMC,T_cell,T cell,Cillo2020_Head-and-Neck::HD_1_PBMC
Cillo2020_Head-and-Neck,Head-and-Neck,HD_1_PBMC,Monocyte,Monocyte,Cillo2020_Head-and-Neck::HD_1_PBMC
Cillo2020_Head-and-Neck,Head-and-Neck,HD_1_PBMC,B_cell,B cell,Cillo2020_Head-and-Neck::HD_1_PBMC
Cillo2020_Head-and-Neck,Head-and-Neck,HD_1_PBMC,NK_cell,NK cell,Cillo2020_Head-and-Neck::HD_1_PBMC
Cillo2020_Head-and-Neck,Head-and-Neck,HD_1_PBMC,Dendritic,Dendritic,Cillo2020_Head-and-Neck::HD_1_PBMC
Cillo2020_Head-and-Neck,Head-and-Neck,HD_1_PBMC,Macrophage,Macrophage,Cillo2020_Head-and-Neck::HD_1_PBMC
Cillo2020_Head-and-Neck,Head-and-Neck,HD_1_PBMC,Plasma,Plasma,Cillo2020_Head-and-Neck::HD_1_PBMC
Cillo2020_Head-and-Neck,Head-and-Neck,HD_1_Tonsil,B_cell,B cell,Cillo2020_Head-and-Neck::HD_1_Tonsil
Cillo2020_Head-and-Neck,Head-and-Neck,HD_1_Tonsil,T_cell,T cell,Cillo2020_Head-and-Neck::HD_1_Tonsil
Cillo2020_Head-and-Neck,Head-and-Neck,HD_1_Tonsil,Plasma,Plasma,Cillo2020_Head-and-Neck::HD_1_Tonsil
Cillo2020_Head-and-Neck,Head-and-Neck,HD_1_Tonsil,Dendritic,Dendritic,Cillo2020_Head-and-Neck::HD_1_Tonsil
Cillo2020_Head-and-Neck,Head-and-Neck,HD_1_Tonsil,Macrophage,Macrophage,Cillo2020_Head-and-Neck::HD_1_Tonsil
Cillo2020_Head-and-Neck,Head-and-Neck,HD_1_Tonsil,NK_cell,NK cell,Cillo2020_Head-and-Neck::HD_1_Tonsil
Cillo2020_Head-and-Neck,Head-and-Neck,HD_1_Tonsil,Monocyte,Monocyte,Cillo2020_Head-and-Neck::HD_1_Tonsil
Cillo2020_Head-and-Neck,Head-and-Neck,HD_2_PBMC,T_cell,T cell,Cillo2020_Head-and-Neck::HD_2_PBMC
Cillo2020_Head-and-Neck,Head-and-Neck,HD_2_PBMC,Monocyte,Monocyte,Cillo2020_Head-and-Neck::HD_2_PBMC
Cillo2020_Head-and-Neck,Head-and-Neck,HD_2_PBMC,B_cell,B cell,Cillo2020_Head-and-Neck::HD_2_PBMC
Cillo2020_Head-and-Neck,Head-and-Neck,HD_2_PBMC,NK_cell,NK cell,Cillo2020_Head-and-Neck::HD_2_PBMC
Cillo2020_Head-and-Neck,Head-and-Neck,HD_2_PBMC,Macrophage,Macrophage,Cillo2020_Head-and-Neck::HD_2_PBMC
Cillo2020_Head-and-Neck,Head-and-Neck,HD_2_PBMC,Dendritic,Dendritic,Cillo2020_Head-and-Neck::HD_2_PBMC
Cillo2020_Head-and-Neck,Head-and-Neck,HD_2_PBMC,Plasma,Plasma,Cillo2020_Head-and-Neck::HD_2_PBMC
Cillo2020_Head-and-Neck,Head-and-Neck,HD_2_Tonsil,T_cell,T cell,Cillo2020_Head-and-Neck::HD_2_Tonsil
Cillo2020_Head-and-Neck,Head-and-Neck,HD_2_Tonsil,B_cell,B cell,Cillo2020_Head-and-Neck::HD_2_Tonsil
Cillo2020_Head-and-Neck,Head-and-Neck,HD_2_Tonsil,Plasma,Plasma,Cillo2020_Head-and-Neck::HD_2_Tonsil
Cillo2020_Head-and-Neck,Head-and-Neck,HD_2_Tonsil,Dendritic,Dendritic,Cillo2020_Head-and-Neck::HD_2_Tonsil
Cillo2020_Head-and-Neck,Head-and-Neck,HD_2_Tonsil,Mast,Mast,Cillo2020_Head-and-Neck::HD_2_Tonsil
Cillo2020_Head-and-Neck,Head-and-Neck,HD_2_Tonsil,Monocyte,Monocyte,Cillo2020_Head-and-Neck::HD_2_Tonsil
Cillo2020_Head-and-Neck,Head-and-Neck,HD_2_Tonsil,NK_cell,NK cell,Cillo2020_Head-and-Neck::HD_2_Tonsil
Cillo2020_Head-and-Neck,Head-and-Neck,HD_3_PBMC,T_cell,T cell,Cillo2020_Head-and-Neck::HD_3_PBMC
Cillo2020_Head-and-Neck,Head-and-Neck,HD_3_PBMC,Monocyte,Monocyte,Cillo2020_Head-and-Neck::HD_3_PBMC
Cillo2020_Head-and-Neck,Head-and-Neck,HD_3_PBMC,NK_cell,NK cell,Cillo2020_Head-and-Neck::HD_3_PBMC
Cillo2020_Head-and-Neck,Head-and-Neck,HD_3_PBMC,Macrophage,Macrophage,Cillo2020_Head-and-Neck::HD_3_PBMC
Cillo2020_Head-and-Neck,Head-and-Neck,HD_3_PBMC,B_cell,B cell,Cillo2020_Head-and-Neck::HD_3_PBMC
Cillo2020_Head-and-Neck,Head-and-Neck,HD_3_PBMC,Dendritic,Dendritic,Cillo2020_Head-and-Neck::HD_3_PBMC
Cillo2020_Head-and-Neck,Head-and-Neck,HD_3_PBMC,Mast,Mast,Cillo2020_Head-and-Neck::HD_3_PBMC
Cillo2020_Head-and-Neck,Head-and-Neck,HD_3_PBMC,Plasma,Plasma,Cillo2020_Head-and-Neck::HD_3_PBMC
Cillo2020_Head-and-Neck,Head-and-Neck,HD_3_Tonsil,B_cell,B cell,Cillo2020_Head-and-Neck::HD_3_Tonsil
Cillo2020_Head-and-Neck,Head-and-Neck,HD_3_Tonsil,T_cell,T cell,Cillo2020_Head-and-Neck::HD_3_Tonsil
Cillo2020_Head-and-Neck,Head-and-Neck,HD_3_Tonsil,Plasma,Plasma,Cillo2020_Head-and-Neck::HD_3_Tonsil
Cillo2020_Head-and-Neck,Head-and-Neck,HD_3_Tonsil,Dendritic,Dendritic,Cillo2020_Head-and-Neck::HD_3_Tonsil
Cillo2020_Head-and-Neck,Head-and-Neck,HD_3_Tonsil,Macrophage,Macrophage,Cillo2020_Head-and-Neck::HD_3_Tonsil
Cillo2020_Head-and-Neck,Head-and-Neck,HD_3_Tonsil,Mast,Mast,Cillo2020_Head-and-Neck::HD_3_Tonsil
Cillo2020_Head-and-Neck,Head-and-Neck,HD_3_Tonsil,Monocyte,Monocyte,Cillo2020_Head-and-Neck::HD_3_Tonsil
Cillo2020_Head-and-Neck,Head-and-Neck,HD_3_Tonsil,NK_cell,NK cell,Cillo2020_Head-and-Neck::HD_3_Tonsil
Cillo2020_Head-and-Neck,Head-and-Neck,HD_4_PBMC,T_cell,T cell,Cillo2020_Head-and-Neck::HD_4_PBMC
Cillo2020_Head-and-Neck,Head-and-Neck,HD_4_PBMC,Monocyte,Monocyte,Cillo2020_Head-and-Neck::HD_4_PBMC
Cillo2020_Head-and-Neck,Head-and-Neck,HD_4_PBMC,Macrophage,Macrophage,Cillo2020_Head-and-Neck::HD_4_PBMC
Cillo2020_Head-and-Neck,Head-and-Neck,HD_4_PBMC,B_cell,B cell,Cillo2020_Head-and-Neck::HD_4_PBMC
Cillo2020_Head-and-Neck,Head-and-Neck,HD_4_PBMC,NK_cell,NK cell,Cillo2020_Head-and-Neck::HD_4_PBMC
Cillo2020_Head-and-Neck,Head-and-Neck,HD_4_PBMC,Dendritic,Dendritic,Cillo2020_Head-and-Neck::HD_4_PBMC
Cillo2020_Head-and-Neck,Head-and-Neck,HD_4_PBMC,Mast,Mast,Cillo2020_Head-and-Neck::HD_4_PBMC
Cillo2020_Head-and-Neck,Head-and-Neck,HD_4_Tonsil,B_cell,B cell,Cillo2020_Head-and-Neck::HD_4_Tonsil
Cillo2020_Head-and-Neck,Head-and-Neck,HD_4_Tonsil,T_cell,T cell,Cillo2020_Head-and-Neck::HD_4_Tonsil
Cillo2020_Head-and-Neck,Head-and-Neck,HD_4_Tonsil,Plasma,Plasma,Cillo2020_Head-and-Neck::HD_4_Tonsil
Cillo2020_Head-and-Neck,Head-and-Neck,HD_4_Tonsil,Dendritic,Dendritic,Cillo2020_Head-and-Neck::HD_4_Tonsil
Cillo2020_Head-and-Neck,Head-and-Neck,HD_4_Tonsil,Macrophage,Macrophage,Cillo2020_Head-and-Neck::HD_4_Tonsil
Cillo2020_Head-and-Neck,Head-and-Neck,HD_4_Tonsil,NK_cell,NK cell,Cillo2020_Head-and-Neck::HD_4_Tonsil
Cillo2020_Head-and-Neck,Head-and-Neck,HD_4_Tonsil,Monocyte,Monocyte,Cillo2020_Head-and-Neck::HD_4_Tonsil
Cillo2020_Head-and-Neck,Head-and-Neck,HD_5_PBMC,Monocyte,Monocyte,Cillo2020_Head-and-Neck::HD_5_PBMC
Cillo2020_Head-and-Neck,Head-and-Neck,HD_5_PBMC,T_cell,T cell,Cillo2020_Head-and-Neck::HD_5_PBMC
Cillo2020_Head-and-Neck,Head-and-Neck,HD_5_PBMC,Macrophage,Macrophage,Cillo2020_Head-and-Neck::HD_5_PBMC
Cillo2020_Head-and-Neck,Head-and-Neck,HD_5_PBMC,NK_cell,NK cell,Cillo2020_Head-and-Neck::HD_5_PBMC
Cillo2020_Head-and-Neck,Head-and-Neck,HD_5_PBMC,B_cell,B cell,Cillo2020_Head-and-Neck::HD_5_PBMC
Cillo2020_Head-and-Neck,Head-and-Neck,HD_5_PBMC,Dendritic,Dendritic,Cillo2020_Head-and-Neck::HD_5_PBMC
Cillo2020_Head-and-Neck,Head-and-Neck,HD_5_PBMC,Plasma,Plasma,Cillo2020_Head-and-Neck::HD_5_PBMC
Cillo2020_Head-and-Neck,Head-and-Neck,HD_5_Tonsil,B_cell,B cell,Cillo2020_Head-and-Neck::HD_5_Tonsil
Cillo2020_Head-and-Neck,Head-and-Neck,HD_5_Tonsil,T_cell,T cell,Cillo2020_Head-and-Neck::HD_5_Tonsil
Cillo2020_Head-and-Neck,Head-and-Neck,HD_5_Tonsil,Plasma,Plasma,Cillo2020_Head-and-Neck::HD_5_Tonsil
Cillo2020_Head-and-Neck,Head-and-Neck,HD_5_Tonsil,Monocyte,Monocyte,Cillo2020_Head-and-Neck::HD_5_Tonsil
Cillo2020_Head-and-Neck,Head-and-Neck,HD_5_Tonsil,Dendritic,Dendritic,Cillo2020_Head-and-Neck::HD_5_Tonsil
Cillo2020_Head-and-Neck,Head-and-Neck,HD_5_Tonsil,Mast,Mast,Cillo2020_Head-and-Neck::HD_5_Tonsil
Cillo2020_Head-and-Neck,Head-and-Neck,HD_5_Tonsil,Macrophage,Macrophage,Cillo2020_Head-and-Neck::HD_5_Tonsil
Cillo2020_Head-and-Neck,Head-and-Neck,HD_5_Tonsil,NK_cell,NK cell,Cillo2020_Head-and-Neck::HD_5_Tonsil
Cillo2020_Head-and-Neck,Head-and-Neck,HD_6_PBMC,T_cell,T cell,Cillo2020_Head-and-Neck::HD_6_PBMC
Cillo2020_Head-and-Neck,Head-and-Neck,HD_6_PBMC,Monocyte,Monocyte,Cillo2020_Head-and-Neck::HD_6_PBMC
Cillo2020_Head-and-Neck,Head-and-Neck,HD_6_PBMC,NK_cell,NK cell,Cillo2020_Head-and-Neck::HD_6_PBMC
Cillo2020_Head-and-Neck,Head-and-Neck,HD_6_PBMC,B_cell,B cell,Cillo2020_Head-and-Neck::HD_6_PBMC
Cillo2020_Head-and-Neck,Head-and-Neck,HD_6_PBMC,Dendritic,Dendritic,Cillo2020_Head-and-Neck::HD_6_PBMC
Cillo2020_Head-and-Neck,Head-and-Neck,HD_6_PBMC,Macrophage,Macrophage,Cillo2020_Head-and-Neck::HD_6_PBMC
Cillo2020_Head-and-Neck,Head-and-Neck,HD_6_PBMC,Plasma,Plasma,Cillo2020_Head-and-Neck::HD_6_PBMC
Cillo2020_Head-and-Neck,Head-and-Neck,HNSCC_1_PBMC,Monocyte,Monocyte,Cillo2020_Head-and-Neck::HNSCC_1_PBMC
Cillo2020_Head-and-Neck,Head-and-Neck,HNSCC_1_PBMC,T_cell,T cell,Cillo2020_Head-and-Neck::HNSCC_1_PBMC
Cillo2020_Head-and-Neck,Head-and-Neck,HNSCC_1_PBMC,Dendritic,Dendritic,Cillo2020_Head-and-Neck::HNSCC_1_PBMC
Cillo2020_Head-and-Neck,Head-and-Neck,HNSCC_1_PBMC,Macrophage,Macrophage,Cillo2020_Head-and-Neck::HNSCC_1_PBMC
Cillo2020_Head-and-Neck,Head-and-Neck,HNSCC_1_PBMC,NK_cell,NK cell,Cillo2020_Head-and-Neck::HNSCC_1_PBMC
Cillo2020_Head-and-Neck,Head-and-Neck,HNSCC_1_PBMC,B_cell,B cell,Cillo2020_Head-and-Neck::HNSCC_1_PBMC
Cillo2020_Head-and-Neck,Head-and-Neck,HNSCC_1_TIL,Plasma,Plasma,Cillo2020_Head-and-Neck::HNSCC_1_TIL
Cillo2020_Head-and-Neck,Head-and-Neck,HNSCC_1_TIL,T_cell,T cell,Cillo2020_Head-and-Neck::HNSCC_1_TIL
Cillo2020_Head-and-Neck,Head-and-Neck,HNSCC_1_TIL,Macrophage,Macrophage,Cillo2020_Head-and-Neck::HNSCC_1_TIL
Cillo2020_Head-and-Neck,Head-and-Neck,HNSCC_1_TIL,Monocyte,Monocyte,Cillo2020_Head-and-Neck::HNSCC_1_TIL
Cillo2020_Head-and-Neck,Head-and-Neck,HNSCC_1_TIL,Dendritic,Dendritic,Cillo2020_Head-and-Neck::HNSCC_1_TIL
Cillo2020_Head-and-Neck,Head-and-Neck,HNSCC_1_TIL,B_cell,B cell,Cillo2020_Head-and-Neck::HNSCC_1_TIL
Cillo2020_Head-and-Neck,Head-and-Neck,HNSCC_1_TIL,Mast,Mast,Cillo2020_Head-and-Neck::HNSCC_1_TIL
Cillo2020_Head-and-Neck,Head-and-Neck,HNSCC_1_TIL,NK_cell,NK cell,Cillo2020_Head-and-Neck::HNSCC_1_TIL
Cillo2020_Head-and-Neck,Head-and-Neck,HNSCC_10_PBMC,T_cell,T cell,Cillo2020_Head-and-Neck::HNSCC_10_PBMC
Cillo2020_Head-and-Neck,Head-and-Neck,HNSCC_10_PBMC,NK_cell,NK cell,Cillo2020_Head-and-Neck::HNSCC_10_PBMC
Cillo2020_Head-and-Neck,Head-and-Neck,HNSCC_10_PBMC,Monocyte,Monocyte,Cillo2020_Head-and-Neck::HNSCC_10_PBMC
Cillo2020_Head-and-Neck,Head-and-Neck,HNSCC_10_PBMC,Macrophage,Macrophage,Cillo2020_Head-and-Neck::HNSCC_10_PBMC
Cillo2020_Head-and-Neck,Head-and-Neck,HNSCC_10_PBMC,Dendritic,Dendritic,Cillo2020_Head-and-Neck::HNSCC_10_PBMC
Cillo2020_Head-and-Neck,Head-and-Neck,HNSCC_10_PBMC,B_cell,B cell,Cillo2020_Head-and-Neck::HNSCC_10_PBMC
Cillo2020_Head-and-Neck,Head-and-Neck,HNSCC_10_PBMC,Plasma,Plasma,Cillo2020_Head-and-Neck::HNSCC_10_PBMC
Cillo2020_Head-and-Neck,Head-and-Neck,HNSCC_10_PBMC,Mast,Mast,Cillo2020_Head-and-Neck::HNSCC_10_PBMC
Cillo2020_Head-and-Neck,Head-and-Neck,HNSCC_11_PBMC,Dendritic,Dendritic,Cillo2020_Head-and-Neck::HNSCC_11_PBMC
Cillo2020_Head-and-Neck,Head-and-Neck,HNSCC_11_PBMC,Macrophage,Macrophage,Cillo2020_Head-and-Neck::HNSCC_11_PBMC
Cillo2020_Head-and-Neck,Head-and-Neck,HNSCC_11_PBMC,T_cell,T cell,Cillo2020_Head-and-Neck::HNSCC_11_PBMC
Cillo2020_Head-and-Neck,Head-and-Neck,HNSCC_11_PBMC,B_cell,B cell,Cillo2020_Head-and-Neck::HNSCC_11_PBMC
Cillo2020_Head-and-Neck,Head-and-Neck,HNSCC_11_PBMC,Monocyte,Monocyte,Cillo2020_Head-and-Neck::HNSCC_11_PBMC
Cillo2020_Head-and-Neck,Head-and-Neck,HNSCC_11_PBMC,NK_cell,NK cell,Cillo2020_Head-and-Neck::HNSCC_11_PBMC
Cillo2020_Head-and-Neck,Head-and-Neck,HNSCC_11_PBMC,Plasma,Plasma,Cillo2020_Head-and-Neck::HNSCC_11_PBMC
Cillo2020_Head-and-Neck,Head-and-Neck,HNSCC_12_PBMC,T_cell,T cell,Cillo2020_Head-and-Neck::HNSCC_12_PBMC
Cillo2020_Head-and-Neck,Head-and-Neck,HNSCC_12_PBMC,NK_cell,NK cell,Cillo2020_Head-and-Neck::HNSCC_12_PBMC
Cillo2020_Head-and-Neck,Head-and-Neck,HNSCC_12_PBMC,Macrophage,Macrophage,Cillo2020_Head-and-Neck::HNSCC_12_PBMC
Cillo2020_Head-and-Neck,Head-and-Neck,HNSCC_12_PBMC,Monocyte,Monocyte,Cillo2020_Head-and-Neck::HNSCC_12_PBMC
Cillo2020_Head-and-Neck,Head-and-Neck,HNSCC_12_PBMC,B_cell,B cell,Cillo2020_Head-and-Neck::HNSCC_12_PBMC
Cillo2020_Head-and-Neck,Head-and-Neck,HNSCC_12_PBMC,Plasma,Plasma,Cillo2020_Head-and-Neck::HNSCC_12_PBMC
Cillo2020_Head-and-Neck,Head-and-Neck,HNSCC_12_PBMC,Dendritic,Dendritic,Cillo2020_Head-and-Neck::HNSCC_12_PBMC
Cillo2020_Head-and-Neck,Head-and-Neck,HNSCC_13_PBMC,T_cell,T cell,Cillo2020_Head-and-Neck::HNSCC_13_PBMC
Cillo2020_Head-and-Neck,Head-and-Neck,HNSCC_13_PBMC,NK_cell,NK cell,Cillo2020_Head-and-Neck::HNSCC_13_PBMC
Cillo2020_Head-and-Neck,Head-and-Neck,HNSCC_13_PBMC,Macrophage,Macrophage,Cillo2020_Head-and-Neck::HNSCC_13_PBMC
Cillo2020_Head-and-Neck,Head-and-Neck,HNSCC_13_PBMC,Monocyte,Monocyte,Cillo2020_Head-and-Neck::HNSCC_13_PBMC
Cillo2020_Head-and-Neck,Head-and-Neck,HNSCC_13_PBMC,B_cell,B cell,Cillo2020_Head-and-Neck::HNSCC_13_PBMC
Cillo2020_Head-and-Neck,Head-and-Neck,HNSCC_13_PBMC,Dendritic,Dendritic,Cillo2020_Head-and-Neck::HNSCC_13_PBMC
Cillo2020_Head-and-Neck,Head-and-Neck,HNSCC_13_PBMC,Plasma,Plasma,Cillo2020_Head-and-Neck::HNSCC_13_PBMC
Cillo2020_Head-and-Neck,Head-and-Neck,HNSCC_14_PBMC,Monocyte,Monocyte,Cillo2020_Head-and-Neck::HNSCC_14_PBMC
Cillo2020_Head-and-Neck,Head-and-Neck,HNSCC_14_PBMC,T_cell,T cell,Cillo2020_Head-and-Neck::HNSCC_14_PBMC
Cillo2020_Head-and-Neck,Head-and-Neck,HNSCC_14_PBMC,Macrophage,Macrophage,Cillo2020_Head-and-Neck::HNSCC_14_PBMC
Cillo2020_Head-and-Neck,Head-and-Neck,HNSCC_14_PBMC,NK_cell,NK cell,Cillo2020_Head-and-Neck::HNSCC_14_PBMC
Cillo2020_Head-and-Neck,Head-and-Neck,HNSCC_14_PBMC,B_cell,B cell,Cillo2020_Head-and-Neck::HNSCC_14_PBMC
Cillo2020_Head-and-Neck,Head-and-Neck,HNSCC_14_PBMC,Dendritic,Dendritic,Cillo2020_Head-and-Neck::HNSCC_14_PBMC
Cillo2020_Head-and-Neck,Head-and-Neck,HNSCC_14_PBMC,Plasma,Plasma,Cillo2020_Head-and-Neck::HNSCC_14_PBMC
Cillo2020_Head-and-Neck,Head-and-Neck,HNSCC_14_PBMC,Mast,Mast,Cillo2020_Head-and-Neck::HNSCC_14_PBMC
Cillo2020_Head-and-Neck,Head-and-Neck,HNSCC_15_PBMC,Monocyte,Monocyte,Cillo2020_Head-and-Neck::HNSCC_15_PBMC
Cillo2020_Head-and-Neck,Head-and-Neck,HNSCC_15_PBMC,Dendritic,Dendritic,Cillo2020_Head-and-Neck::HNSCC_15_PBMC
Cillo2020_Head-and-Neck,Head-and-Neck,HNSCC_15_PBMC,T_cell,T cell,Cillo2020_Head-and-Neck::HNSCC_15_PBMC
Cillo2020_Head-and-Neck,Head-and-Neck,HNSCC_15_PBMC,Macrophage,Macrophage,Cillo2020_Head-and-Neck::HNSCC_15_PBMC
Cillo2020_Head-and-Neck,Head-and-Neck,HNSCC_15_PBMC,NK_cell,NK cell,Cillo2020_Head-and-Neck::HNSCC_15_PBMC
Cillo2020_Head-and-Neck,Head-and-Neck,HNSCC_15_PBMC,B_cell,B cell,Cillo2020_Head-and-Neck::HNSCC_15_PBMC
Cillo2020_Head-and-Neck,Head-and-Neck,HNSCC_15_PBMC,Mast,Mast,Cillo2020_Head-and-Neck::HNSCC_15_PBMC
Cillo2020_Head-and-Neck,Head-and-Neck,HNSCC_15_PBMC,Plasma,Plasma,Cillo2020_Head-and-Neck::HNSCC_15_PBMC
Cillo2020_Head-and-Neck,Head-and-Neck,HNSCC_16_PBMC,Monocyte,Monocyte,Cillo2020_Head-and-Neck::HNSCC_16_PBMC
Cillo2020_Head-and-Neck,Head-and-Neck,HNSCC_16_PBMC,T_cell,T cell,Cillo2020_Head-and-Neck::HNSCC_16_PBMC
Cillo2020_Head-and-Neck,Head-and-Neck,HNSCC_16_PBMC,Macrophage,Macrophage,Cillo2020_Head-and-Neck::HNSCC_16_PBMC
Cillo2020_Head-and-Neck,Head-and-Neck,HNSCC_16_PBMC,B_cell,B cell,Cillo2020_Head-and-Neck::HNSCC_16_PBMC
Cillo2020_Head-and-Neck,Head-and-Neck,HNSCC_16_PBMC,NK_cell,NK cell,Cillo2020_Head-and-Neck::HNSCC_16_PBMC
Cillo2020_Head-and-Neck,Head-and-Neck,HNSCC_16_PBMC,Dendritic,Dendritic,Cillo2020_Head-and-Neck::HNSCC_16_PBMC
Cillo2020_Head-and-Neck,Head-and-Neck,HNSCC_16_PBMC,Plasma,Plasma,Cillo2020_Head-and-Neck::HNSCC_16_PBMC
Cillo2020_Head-and-Neck,Head-and-Neck,HNSCC_16_PBMC,Mast,Mast,Cillo2020_Head-and-Neck::HNSCC_16_PBMC
Cillo2020_Head-and-Neck,Head-and-Neck,HNSCC_17_PBMC,Monocyte,Monocyte,Cillo2020_Head-and-Neck::HNSCC_17_PBMC
Cillo2020_Head-and-Neck,Head-and-Neck,HNSCC_17_PBMC,NK_cell,NK cell,Cillo2020_Head-and-Neck::HNSCC_17_PBMC
Cillo2020_Head-and-Neck,Head-and-Neck,HNSCC_17_PBMC,T_cell,T cell,Cillo2020_Head-and-Neck::HNSCC_17_PBMC
Cillo2020_Head-and-Neck,Head-and-Neck,HNSCC_17_PBMC,Macrophage,Macrophage,Cillo2020_Head-and-Neck::HNSCC_17_PBMC
Cillo2020_Head-and-Neck,Head-and-Neck,HNSCC_17_PBMC,B_cell,B cell,Cillo2020_Head-and-Neck::HNSCC_17_PBMC
Cillo2020_Head-and-Neck,Head-and-Neck,HNSCC_17_PBMC,Dendritic,Dendritic,Cillo2020_Head-and-Neck::HNSCC_17_PBMC
Cillo2020_Head-and-Neck,Head-and-Neck,HNSCC_18_PBMC,T_cell,T cell,Cillo2020_Head-and-Neck::HNSCC_18_PBMC
Cillo2020_Head-and-Neck,Head-and-Neck,HNSCC_18_PBMC,Monocyte,Monocyte,Cillo2020_Head-and-Neck::HNSCC_18_PBMC
Cillo2020_Head-and-Neck,Head-and-Neck,HNSCC_18_PBMC,B_cell,B cell,Cillo2020_Head-and-Neck::HNSCC_18_PBMC
Cillo2020_Head-and-Neck,Head-and-Neck,HNSCC_18_PBMC,NK_cell,NK cell,Cillo2020_Head-and-Neck::HNSCC_18_PBMC
Cillo2020_Head-and-Neck,Head-and-Neck,HNSCC_18_PBMC,Macrophage,Macrophage,Cillo2020_Head-and-Neck::HNSCC_18_PBMC
Cillo2020_Head-and-Neck,Head-and-Neck,HNSCC_18_PBMC,Dendritic,Dendritic,Cillo2020_Head-and-Neck::HNSCC_18_PBMC
Cillo2020_Head-and-Neck,Head-and-Neck,HNSCC_18_PBMC,Plasma,Plasma,Cillo2020_Head-and-Neck::HNSCC_18_PBMC
Cillo2020_Head-and-Neck,Head-and-Neck,HNSCC_19_PBMC,Monocyte,Monocyte,Cillo2020_Head-and-Neck::HNSCC_19_PBMC
Cillo2020_Head-and-Neck,Head-and-Neck,HNSCC_19_PBMC,B_cell,B cell,Cillo2020_Head-and-Neck::HNSCC_19_PBMC
Cillo2020_Head-and-Neck,Head-and-Neck,HNSCC_19_PBMC,T_cell,T cell,Cillo2020_Head-and-Neck::HNSCC_19_PBMC
Cillo2020_Head-and-Neck,Head-and-Neck,HNSCC_19_PBMC,Macrophage,Macrophage,Cillo2020_Head-and-Neck::HNSCC_19_PBMC
Cillo2020_Head-and-Neck,Head-and-Neck,HNSCC_19_PBMC,NK_cell,NK cell,Cillo2020_Head-and-Neck::HNSCC_19_PBMC
Cillo2020_Head-and-Neck,Head-and-Neck,HNSCC_19_PBMC,Dendritic,Dendritic,Cillo2020_Head-and-Neck::HNSCC_19_PBMC
Cillo2020_Head-and-Neck,Head-and-Neck,HNSCC_19_PBMC,Plasma,Plasma,Cillo2020_Head-and-Neck::HNSCC_19_PBMC
Cillo2020_Head-and-Neck,Head-and-Neck,HNSCC_19_TIL,T_cell,T cell,Cillo2020_Head-and-Neck::HNSCC_19_TIL
Cillo2020_Head-and-Neck,Head-and-Neck,HNSCC_19_TIL,B_cell,B cell,Cillo2020_Head-and-Neck::HNSCC_19_TIL
Cillo2020_Head-and-Neck,Head-and-Neck,HNSCC_19_TIL,Dendritic,Dendritic,Cillo2020_Head-and-Neck::HNSCC_19_TIL
Cillo2020_Head-and-Neck,Head-and-Neck,HNSCC_19_TIL,Monocyte,Monocyte,Cillo2020_Head-and-Neck::HNSCC_19_TIL
Cillo2020_Head-and-Neck,Head-and-Neck,HNSCC_19_TIL,Plasma,Plasma,Cillo2020_Head-and-Neck::HNSCC_19_TIL
Cillo2020_Head-and-Neck,Head-and-Neck,HNSCC_19_TIL,Macrophage,Macrophage,Cillo2020_Head-and-Neck::HNSCC_19_TIL
Cillo2020_Head-and-Neck,Head-and-Neck,HNSCC_19_TIL,NK_cell,NK cell,Cillo2020_Head-and-Neck::HNSCC_19_TIL
Cillo2020_Head-and-Neck,Head-and-Neck,HNSCC_2_PBMC,Monocyte,Monocyte,Cillo2020_Head-and-Neck::HNSCC_2_PBMC
Cillo2020_Head-and-Neck,Head-and-Neck,HNSCC_2_PBMC,Dendritic,Dendritic,Cillo2020_Head-and-Neck::HNSCC_2_PBMC
Cillo2020_Head-and-Neck,Head-and-Neck,HNSCC_2_PBMC,Macrophage,Macrophage,Cillo2020_Head-and-Neck::HNSCC_2_PBMC
Cillo2020_Head-and-Neck,Head-and-Neck,HNSCC_2_PBMC,T_cell,T cell,Cillo2020_Head-and-Neck::HNSCC_2_PBMC
Cillo2020_Head-and-Neck,Head-and-Neck,HNSCC_2_PBMC,B_cell,B cell,Cillo2020_Head-and-Neck::HNSCC_2_PBMC
Cillo2020_Head-and-Neck,Head-and-Neck,HNSCC_2_PBMC,NK_cell,NK cell,Cillo2020_Head-and-Neck::HNSCC_2_PBMC
Cillo2020_Head-and-Neck,Head-and-Neck,HNSCC_2_PBMC,Plasma,Plasma,Cillo2020_Head-and-Neck::HNSCC_2_PBMC
Cillo2020_Head-and-Neck,Head-and-Neck,HNSCC_2_PBMC,Mast,Mast,Cillo2020_Head-and-Neck::HNSCC_2_PBMC
Cillo2020_Head-and-Neck,Head-and-Neck,HNSCC_2_TIL,T_cell,T cell,Cillo2020_Head-and-Neck::HNSCC_2_TIL
Cillo2020_Head-and-Neck,Head-and-Neck,HNSCC_2_TIL,Monocyte,Monocyte,Cillo2020_Head-and-Neck::HNSCC_2_TIL
Cillo2020_Head-and-Neck,Head-and-Neck,HNSCC_2_TIL,Dendritic,Dendritic,Cillo2020_Head-and-Neck::HNSCC_2_TIL
Cillo2020_Head-and-Neck,Head-and-Neck,HNSCC_2_TIL,Plasma,Plasma,Cillo2020_Head-and-Neck::HNSCC_2_TIL
Cillo2020_Head-and-Neck,Head-and-Neck,HNSCC_2_TIL,B_cell,B cell,Cillo2020_Head-and-Neck::HNSCC_2_TIL
Cillo2020_Head-and-Neck,Head-and-Neck,HNSCC_2_TIL,Macrophage,Macrophage,Cillo2020_Head-and-Neck::HNSCC_2_TIL
Cillo2020_Head-and-Neck,Head-and-Neck,HNSCC_2_TIL,Mast,Mast,Cillo2020_Head-and-Neck::HNSCC_2_TIL
Cillo2020_Head-and-Neck,Head-and-Neck,HNSCC_2_TIL,NK_cell,NK cell,Cillo2020_Head-and-Neck::HNSCC_2_TIL
Cillo2020_Head-and-Neck,Head-and-Neck,HNSCC_20_PBMC,T_cell,T cell,Cillo2020_Head-and-Neck::HNSCC_20_PBMC
Cillo2020_Head-and-Neck,Head-and-Neck,HNSCC_20_PBMC,NK_cell,NK cell,Cillo2020_Head-and-Neck::HNSCC_20_PBMC
Cillo2020_Head-and-Neck,Head-and-Neck,HNSCC_20_PBMC,B_cell,B cell,Cillo2020_Head-and-Neck::HNSCC_20_PBMC
Cillo2020_Head-and-Neck,Head-and-Neck,HNSCC_20_PBMC,Macrophage,Macrophage,Cillo2020_Head-and-Neck::HNSCC_20_PBMC
Cillo2020_Head-and-Neck,Head-and-Neck,HNSCC_20_PBMC,Monocyte,Monocyte,Cillo2020_Head-and-Neck::HNSCC_20_PBMC
Cillo2020_Head-and-Neck,Head-and-Neck,HNSCC_20_PBMC,Dendritic,Dendritic,Cillo2020_Head-and-Neck::HNSCC_20_PBMC
Cillo2020_Head-and-Neck,Head-and-Neck,HNSCC_20_PBMC,Plasma,Plasma,Cillo2020_Head-and-Neck::HNSCC_20_PBMC
Cillo2020_Head-and-Neck,Head-and-Neck,HNSCC_20_TIL,B_cell,B cell,Cillo2020_Head-and-Neck::HNSCC_20_TIL
Cillo2020_Head-and-Neck,Head-and-Neck,HNSCC_20_TIL,T_cell,T cell,Cillo2020_Head-and-Neck::HNSCC_20_TIL
Cillo2020_Head-and-Neck,Head-and-Neck,HNSCC_20_TIL,Mast,Mast,Cillo2020_Head-and-Neck::HNSCC_20_TIL
Cillo2020_Head-and-Neck,Head-and-Neck,HNSCC_20_TIL,Plasma,Plasma,Cillo2020_Head-and-Neck::HNSCC_20_TIL
Cillo2020_Head-and-Neck,Head-and-Neck,HNSCC_20_TIL,Dendritic,Dendritic,Cillo2020_Head-and-Neck::HNSCC_20_TIL
Cillo2020_Head-and-Neck,Head-and-Neck,HNSCC_20_TIL,Macrophage,Macrophage,Cillo2020_Head-and-Neck::HNSCC_20_TIL
Cillo2020_Head-and-Neck,Head-and-Neck,HNSCC_20_TIL,Monocyte,Monocyte,Cillo2020_Head-and-Neck::HNSCC_20_TIL
Cillo2020_Head-and-Neck,Head-and-Neck,HNSCC_21_PBMC,T_cell,T cell,Cillo2020_Head-and-Neck::HNSCC_21_PBMC
Cillo2020_Head-and-Neck,Head-and-Neck,HNSCC_21_PBMC,B_cell,B cell,Cillo2020_Head-and-Neck::HNSCC_21_PBMC
Cillo2020_Head-and-Neck,Head-and-Neck,HNSCC_21_PBMC,NK_cell,NK cell,Cillo2020_Head-and-Neck::HNSCC_21_PBMC
Cillo2020_Head-and-Neck,Head-and-Neck,HNSCC_21_PBMC,Monocyte,Monocyte,Cillo2020_Head-and-Neck::HNSCC_21_PBMC
Cillo2020_Head-and-Neck,Head-and-Neck,HNSCC_21_PBMC,Dendritic,Dendritic,Cillo2020_Head-and-Neck::HNSCC_21_PBMC
Cillo2020_Head-and-Neck,Head-and-Neck,HNSCC_21_PBMC,Macrophage,Macrophage,Cillo2020_Head-and-Neck::HNSCC_21_PBMC
Cillo2020_Head-and-Neck,Head-and-Neck,HNSCC_21_PBMC,Mast,Mast,Cillo2020_Head-and-Neck::HNSCC_21_PBMC
Cillo2020_Head-and-Neck,Head-and-Neck,HNSCC_21_PBMC,Plasma,Plasma,Cillo2020_Head-and-Neck::HNSCC_21_PBMC
Cillo2020_Head-and-Neck,Head-and-Neck,HNSCC_21_TIL,T_cell,T cell,Cillo2020_Head-and-Neck::HNSCC_21_TIL
Cillo2020_Head-and-Neck,Head-and-Neck,HNSCC_21_TIL,B_cell,B cell,Cillo2020_Head-and-Neck::HNSCC_21_TIL
Cillo2020_Head-and-Neck,Head-and-Neck,HNSCC_21_TIL,Dendritic,Dendritic,Cillo2020_Head-and-Neck::HNSCC_21_TIL
Cillo2020_Head-and-Neck,Head-and-Neck,HNSCC_21_TIL,Plasma,Plasma,Cillo2020_Head-and-Neck::HNSCC_21_TIL
Cillo2020_Head-and-Neck,Head-and-Neck,HNSCC_21_TIL,NK_cell,NK cell,Cillo2020_Head-and-Neck::HNSCC_21_TIL
Cillo2020_Head-and-Neck,Head-and-Neck,HNSCC_21_TIL,Monocyte,Monocyte,Cillo2020_Head-and-Neck::HNSCC_21_TIL
Cillo2020_Head-and-Neck,Head-and-Neck,HNSCC_21_TIL,Mast,Mast,Cillo2020_Head-and-Neck::HNSCC_21_TIL
Cillo2020_Head-and-Neck,Head-and-Neck,HNSCC_22_PBMC,B_cell,B cell,Cillo2020_Head-and-Neck::HNSCC_22_PBMC
Cillo2020_Head-and-Neck,Head-and-Neck,HNSCC_22_PBMC,T_cell,T cell,Cillo2020_Head-and-Neck::HNSCC_22_PBMC
Cillo2020_Head-and-Neck,Head-and-Neck,HNSCC_22_PBMC,Monocyte,Monocyte,Cillo2020_Head-and-Neck::HNSCC_22_PBMC
Cillo2020_Head-and-Neck,Head-and-Neck,HNSCC_22_PBMC,Dendritic,Dendritic,Cillo2020_Head-and-Neck::HNSCC_22_PBMC
Cillo2020_Head-and-Neck,Head-and-Neck,HNSCC_22_PBMC,NK_cell,NK cell,Cillo2020_Head-and-Neck::HNSCC_22_PBMC
Cillo2020_Head-and-Neck,Head-and-Neck,HNSCC_22_PBMC,Macrophage,Macrophage,Cillo2020_Head-and-Neck::HNSCC_22_PBMC
Cillo2020_Head-and-Neck,Head-and-Neck,HNSCC_22_PBMC,Plasma,Plasma,Cillo2020_Head-and-Neck::HNSCC_22_PBMC
Cillo2020_Head-and-Neck,Head-and-Neck,HNSCC_22_TIL,T_cell,T cell,Cillo2020_Head-and-Neck::HNSCC_22_TIL
Cillo2020_Head-and-Neck,Head-and-Neck,HNSCC_22_TIL,B_cell,B cell,Cillo2020_Head-and-Neck::HNSCC_22_TIL
Cillo2020_Head-and-Neck,Head-and-Neck,HNSCC_22_TIL,Plasma,Plasma,Cillo2020_Head-and-Neck::HNSCC_22_TIL
Cillo2020_Head-and-Neck,Head-and-Neck,HNSCC_22_TIL,Monocyte,Monocyte,Cillo2020_Head-and-Neck::HNSCC_22_TIL
Cillo2020_Head-and-Neck,Head-and-Neck,HNSCC_22_TIL,NK_cell,NK cell,Cillo2020_Head-and-Neck::HNSCC_22_TIL
Cillo2020_Head-and-Neck,Head-and-Neck,HNSCC_22_TIL,Dendritic,Dendritic,Cillo2020_Head-and-Neck::HNSCC_22_TIL
Cillo2020_Head-and-Neck,Head-and-Neck,HNSCC_22_TIL,Mast,Mast,Cillo2020_Head-and-Neck::HNSCC_22_TIL
Cillo2020_Head-and-Neck,Head-and-Neck,HNSCC_22_TIL,Macrophage,Macrophage,Cillo2020_Head-and-Neck::HNSCC_22_TIL
Cillo2020_Head-and-Neck,Head-and-Neck,HNSCC_23_PBMC,T_cell,T cell,Cillo2020_Head-and-Neck::HNSCC_23_PBMC
Cillo2020_Head-and-Neck,Head-and-Neck,HNSCC_23_PBMC,Monocyte,Monocyte,Cillo2020_Head-and-Neck::HNSCC_23_PBMC
Cillo2020_Head-and-Neck,Head-and-Neck,HNSCC_23_PBMC,NK_cell,NK cell,Cillo2020_Head-and-Neck::HNSCC_23_PBMC
Cillo2020_Head-and-Neck,Head-and-Neck,HNSCC_23_PBMC,Dendritic,Dendritic,Cillo2020_Head-and-Neck::HNSCC_23_PBMC
Cillo2020_Head-and-Neck,Head-and-Neck,HNSCC_23_PBMC,Macrophage,Macrophage,Cillo2020_Head-and-Neck::HNSCC_23_PBMC
Cillo2020_Head-and-Neck,Head-and-Neck,HNSCC_23_PBMC,B_cell,B cell,Cillo2020_Head-and-Neck::HNSCC_23_PBMC
Cillo2020_Head-and-Neck,Head-and-Neck,HNSCC_23_PBMC,Plasma,Plasma,Cillo2020_Head-and-Neck::HNSCC_23_PBMC
Cillo2020_Head-and-Neck,Head-and-Neck,HNSCC_23_TIL,Monocyte,Monocyte,Cillo2020_Head-and-Neck::HNSCC_23_TIL
Cillo2020_Head-and-Neck,Head-and-Neck,HNSCC_23_TIL,Dendritic,Dendritic,Cillo2020_Head-and-Neck::HNSCC_23_TIL
Cillo2020_Head-and-Neck,Head-and-Neck,HNSCC_23_TIL,T_cell,T cell,Cillo2020_Head-and-Neck::HNSCC_23_TIL
Cillo2020_Head-and-Neck,Head-and-Neck,HNSCC_23_TIL,Mast,Mast,Cillo2020_Head-and-Neck::HNSCC_23_TIL
Cillo2020_Head-and-Neck,Head-and-Neck,HNSCC_23_TIL,Macrophage,Macrophage,Cillo2020_Head-and-Neck::HNSCC_23_TIL
Cillo2020_Head-and-Neck,Head-and-Neck,HNSCC_23_TIL,B_cell,B cell,Cillo2020_Head-and-Neck::HNSCC_23_TIL
Cillo2020_Head-and-Neck,Head-and-Neck,HNSCC_23_TIL,NK_cell,NK cell,Cillo2020_Head-and-Neck::HNSCC_23_TIL
Cillo2020_Head-and-Neck,Head-and-Neck,HNSCC_23_TIL,Plasma,Plasma,Cillo2020_Head-and-Neck::HNSCC_23_TIL
Cillo2020_Head-and-Neck,Head-and-Neck,HNSCC_24_PBMC,B_cell,B cell,Cillo2020_Head-and-Neck::HNSCC_24_PBMC
Cillo2020_Head-and-Neck,Head-and-Neck,HNSCC_24_PBMC,T_cell,T cell,Cillo2020_Head-and-Neck::HNSCC_24_PBMC
Cillo2020_Head-and-Neck,Head-and-Neck,HNSCC_24_PBMC,Monocyte,Monocyte,Cillo2020_Head-and-Neck::HNSCC_24_PBMC
Cillo2020_Head-and-Neck,Head-and-Neck,HNSCC_24_PBMC,Plasma,Plasma,Cillo2020_Head-and-Neck::HNSCC_24_PBMC
Cillo2020_Head-and-Neck,Head-and-Neck,HNSCC_24_PBMC,Macrophage,Macrophage,Cillo2020_Head-and-Neck::HNSCC_24_PBMC
Cillo2020_Head-and-Neck,Head-and-Neck,HNSCC_24_PBMC,NK_cell,NK cell,Cillo2020_Head-and-Neck::HNSCC_24_PBMC
Cillo2020_Head-and-Neck,Head-and-Neck,HNSCC_24_PBMC,Dendritic,Dendritic,Cillo2020_Head-and-Neck::HNSCC_24_PBMC
Cillo2020_Head-and-Neck,Head-and-Neck,HNSCC_24_PBMC,Mast,Mast,Cillo2020_Head-and-Neck::HNSCC_24_PBMC
Cillo2020_Head-and-Neck,Head-and-Neck,HNSCC_25_PBMC,NK_cell,NK cell,Cillo2020_Head-and-Neck::HNSCC_25_PBMC
Cillo2020_Head-and-Neck,Head-and-Neck,HNSCC_25_PBMC,T_cell,T cell,Cillo2020_Head-and-Neck::HNSCC_25_PBMC
Cillo2020_Head-and-Neck,Head-and-Neck,HNSCC_25_PBMC,Monocyte,Monocyte,Cillo2020_Head-and-Neck::HNSCC_25_PBMC
Cillo2020_Head-and-Neck,Head-and-Neck,HNSCC_25_PBMC,Macrophage,Macrophage,Cillo2020_Head-and-Neck::HNSCC_25_PBMC
Cillo2020_Head-and-Neck,Head-and-Neck,HNSCC_25_PBMC,B_cell,B cell,Cillo2020_Head-and-Neck::HNSCC_25_PBMC
Cillo2020_Head-and-Neck,Head-and-Neck,HNSCC_25_PBMC,Dendritic,Dendritic,Cillo2020_Head-and-Neck::HNSCC_25_PBMC
Cillo2020_Head-and-Neck,Head-and-Neck,HNSCC_25_PBMC,Plasma,Plasma,Cillo2020_Head-and-Neck::HNSCC_25_PBMC
Cillo2020_Head-and-Neck,Head-and-Neck,HNSCC_26_PBMC,T_cell,T cell,Cillo2020_Head-and-Neck::HNSCC_26_PBMC
Cillo2020_Head-and-Neck,Head-and-Neck,HNSCC_26_PBMC,Monocyte,Monocyte,Cillo2020_Head-and-Neck::HNSCC_26_PBMC
Cillo2020_Head-and-Neck,Head-and-Neck,HNSCC_26_PBMC,NK_cell,NK cell,Cillo2020_Head-and-Neck::HNSCC_26_PBMC
Cillo2020_Head-and-Neck,Head-and-Neck,HNSCC_26_PBMC,Macrophage,Macrophage,Cillo2020_Head-and-Neck::HNSCC_26_PBMC
Cillo2020_Head-and-Neck,Head-and-Neck,HNSCC_26_PBMC,Dendritic,Dendritic,Cillo2020_Head-and-Neck::HNSCC_26_PBMC
Cillo2020_Head-and-Neck,Head-and-Neck,HNSCC_26_PBMC,B_cell,B cell,Cillo2020_Head-and-Neck::HNSCC_26_PBMC
Cillo2020_Head-and-Neck,Head-and-Neck,HNSCC_26_PBMC,Plasma,Plasma,Cillo2020_Head-and-Neck::HNSCC_26_PBMC
Cillo2020_Head-and-Neck,Head-and-Neck,HNSCC_26_PBMC,Mast,Mast,Cillo2020_Head-and-Neck::HNSCC_26_PBMC
Cillo2020_Head-and-Neck,Head-and-Neck,HNSCC_3_PBMC,T_cell,T cell,Cillo2020_Head-and-Neck::HNSCC_3_PBMC
Cillo2020_Head-and-Neck,Head-and-Neck,HNSCC_3_PBMC,Macrophage,Macrophage,Cillo2020_Head-and-Neck::HNSCC_3_PBMC
Cillo2020_Head-and-Neck,Head-and-Neck,HNSCC_3_PBMC,Monocyte,Monocyte,Cillo2020_Head-and-Neck::HNSCC_3_PBMC
Cillo2020_Head-and-Neck,Head-and-Neck,HNSCC_3_PBMC,NK_cell,NK cell,Cillo2020_Head-and-Neck::HNSCC_3_PBMC
Cillo2020_Head-and-Neck,Head-and-Neck,HNSCC_3_PBMC,B_cell,B cell,Cillo2020_Head-and-Neck::HNSCC_3_PBMC
Cillo2020_Head-and-Neck,Head-and-Neck,HNSCC_3_PBMC,Dendritic,Dendritic,Cillo2020_Head-and-Neck::HNSCC_3_PBMC
Cillo2020_Head-and-Neck,Head-and-Neck,HNSCC_3_PBMC,Plasma,Plasma,Cillo2020_Head-and-Neck::HNSCC_3_PBMC
Cillo2020_Head-and-Neck,Head-and-Neck,HNSCC_3_TIL,T_cell,T cell,Cillo2020_Head-and-Neck::HNSCC_3_TIL
Cillo2020_Head-and-Neck,Head-and-Neck,HNSCC_3_TIL,Monocyte,Monocyte,Cillo2020_Head-and-Neck::HNSCC_3_TIL
Cillo2020_Head-and-Neck,Head-and-Neck,HNSCC_3_TIL,Dendritic,Dendritic,Cillo2020_Head-and-Neck::HNSCC_3_TIL
Cillo2020_Head-and-Neck,Head-and-Neck,HNSCC_3_TIL,Macrophage,Macrophage,Cillo2020_Head-and-Neck::HNSCC_3_TIL
Cillo2020_Head-and-Neck,Head-and-Neck,HNSCC_3_TIL,B_cell,B cell,Cillo2020_Head-and-Neck::HNSCC_3_TIL
Cillo2020_Head-and-Neck,Head-and-Neck,HNSCC_3_TIL,Mast,Mast,Cillo2020_Head-and-Neck::HNSCC_3_TIL
Cillo2020_Head-and-Neck,Head-and-Neck,HNSCC_3_TIL,NK_cell,NK cell,Cillo2020_Head-and-Neck::HNSCC_3_TIL
Cillo2020_Head-and-Neck,Head-and-Neck,HNSCC_3_TIL,Plasma,Plasma,Cillo2020_Head-and-Neck::HNSCC_3_TIL
Cillo2020_Head-and-Neck,Head-and-Neck,HNSCC_4_PBMC,T_cell,T cell,Cillo2020_Head-and-Neck::HNSCC_4_PBMC
Cillo2020_Head-and-Neck,Head-and-Neck,HNSCC_4_PBMC,Monocyte,Monocyte,Cillo2020_Head-and-Neck::HNSCC_4_PBMC
Cillo2020_Head-and-Neck,Head-and-Neck,HNSCC_4_PBMC,NK_cell,NK cell,Cillo2020_Head-and-Neck::HNSCC_4_PBMC
Cillo2020_Head-and-Neck,Head-and-Neck,HNSCC_4_PBMC,B_cell,B cell,Cillo2020_Head-and-Neck::HNSCC_4_PBMC
Cillo2020_Head-and-Neck,Head-and-Neck,HNSCC_4_PBMC,Macrophage,Macrophage,Cillo2020_Head-and-Neck::HNSCC_4_PBMC
Cillo2020_Head-and-Neck,Head-and-Neck,HNSCC_4_PBMC,Dendritic,Dendritic,Cillo2020_Head-and-Neck::HNSCC_4_PBMC
Cillo2020_Head-and-Neck,Head-and-Neck,HNSCC_4_PBMC,Mast,Mast,Cillo2020_Head-and-Neck::HNSCC_4_PBMC
Cillo2020_Head-and-Neck,Head-and-Neck,HNSCC_4_PBMC,Plasma,Plasma,Cillo2020_Head-and-Neck::HNSCC_4_PBMC
Cillo2020_Head-and-Neck,Head-and-Neck,HNSCC_4_TIL,T_cell,T cell,Cillo2020_Head-and-Neck::HNSCC_4_TIL
Cillo2020_Head-and-Neck,Head-and-Neck,HNSCC_4_TIL,Monocyte,Monocyte,Cillo2020_Head-and-Neck::HNSCC_4_TIL
Cillo2020_Head-and-Neck,Head-and-Neck,HNSCC_4_TIL,B_cell,B cell,Cillo2020_Head-and-Neck::HNSCC_4_TIL
Cillo2020_Head-and-Neck,Head-and-Neck,HNSCC_4_TIL,NK_cell,NK cell,Cillo2020_Head-and-Neck::HNSCC_4_TIL
Cillo2020_Head-and-Neck,Head-and-Neck,HNSCC_4_TIL,Mast,Mast,Cillo2020_Head-and-Neck::HNSCC_4_TIL
Cillo2020_Head-and-Neck,Head-and-Neck,HNSCC_4_TIL,Dendritic,Dendritic,Cillo2020_Head-and-Neck::HNSCC_4_TIL
Cillo2020_Head-and-Neck,Head-and-Neck,HNSCC_4_TIL,Macrophage,Macrophage,Cillo2020_Head-and-Neck::HNSCC_4_TIL
Cillo2020_Head-and-Neck,Head-and-Neck,HNSCC_4_TIL,Plasma,Plasma,Cillo2020_Head-and-Neck::HNSCC_4_TIL
Cillo2020_Head-and-Neck,Head-and-Neck,HNSCC_5_PBMC,Monocyte,Monocyte,Cillo2020_Head-and-Neck::HNSCC_5_PBMC
Cillo2020_Head-and-Neck,Head-and-Neck,HNSCC_5_PBMC,T_cell,T cell,Cillo2020_Head-and-Neck::HNSCC_5_PBMC
Cillo2020_Head-and-Neck,Head-and-Neck,HNSCC_5_PBMC,NK_cell,NK cell,Cillo2020_Head-and-Neck::HNSCC_5_PBMC
Cillo2020_Head-and-Neck,Head-and-Neck,HNSCC_5_PBMC,Macrophage,Macrophage,Cillo2020_Head-and-Neck::HNSCC_5_PBMC
Cillo2020_Head-and-Neck,Head-and-Neck,HNSCC_5_PBMC,Dendritic,Dendritic,Cillo2020_Head-and-Neck::HNSCC_5_PBMC
Cillo2020_Head-and-Neck,Head-and-Neck,HNSCC_5_PBMC,B_cell,B cell,Cillo2020_Head-and-Neck::HNSCC_5_PBMC
Cillo2020_Head-and-Neck,Head-and-Neck,HNSCC_5_PBMC,Plasma,Plasma,Cillo2020_Head-and-Neck::HNSCC_5_PBMC
Cillo2020_Head-and-Neck,Head-and-Neck,HNSCC_5_PBMC,Mast,Mast,Cillo2020_Head-and-Neck::HNSCC_5_PBMC
Cillo2020_Head-and-Neck,Head-and-Neck,HNSCC_5_TIL,Monocyte,Monocyte,Cillo2020_Head-and-Neck::HNSCC_5_TIL
Cillo2020_Head-and-Neck,Head-and-Neck,HNSCC_5_TIL,T_cell,T cell,Cillo2020_Head-and-Neck::HNSCC_5_TIL
Cillo2020_Head-and-Neck,Head-and-Neck,HNSCC_5_TIL,Dendritic,Dendritic,Cillo2020_Head-and-Neck::HNSCC_5_TIL
Cillo2020_Head-and-Neck,Head-and-Neck,HNSCC_5_TIL,B_cell,B cell,Cillo2020_Head-and-Neck::HNSCC_5_TIL
Cillo2020_Head-and-Neck,Head-and-Neck,HNSCC_5_TIL,Macrophage,Macrophage,Cillo2020_Head-and-Neck::HNSCC_5_TIL
Cillo2020_Head-and-Neck,Head-and-Neck,HNSCC_5_TIL,Mast,Mast,Cillo2020_Head-and-Neck::HNSCC_5_TIL
Cillo2020_Head-and-Neck,Head-and-Neck,HNSCC_5_TIL,NK_cell,NK cell,Cillo2020_Head-and-Neck::HNSCC_5_TIL
Cillo2020_Head-and-Neck,Head-and-Neck,HNSCC_5_TIL,Plasma,Plasma,Cillo2020_Head-and-Neck::HNSCC_5_TIL
Cillo2020_Head-and-Neck,Head-and-Neck,HNSCC_6_PBMC,Dendritic,Dendritic,Cillo2020_Head-and-Neck::HNSCC_6_PBMC
Cillo2020_Head-and-Neck,Head-and-Neck,HNSCC_6_PBMC,T_cell,T cell,Cillo2020_Head-and-Neck::HNSCC_6_PBMC
Cillo2020_Head-and-Neck,Head-and-Neck,HNSCC_6_PBMC,Monocyte,Monocyte,Cillo2020_Head-and-Neck::HNSCC_6_PBMC
Cillo2020_Head-and-Neck,Head-and-Neck,HNSCC_6_PBMC,Macrophage,Macrophage,Cillo2020_Head-and-Neck::HNSCC_6_PBMC
Cillo2020_Head-and-Neck,Head-and-Neck,HNSCC_6_PBMC,NK_cell,NK cell,Cillo2020_Head-and-Neck::HNSCC_6_PBMC
Cillo2020_Head-and-Neck,Head-and-Neck,HNSCC_6_PBMC,B_cell,B cell,Cillo2020_Head-and-Neck::HNSCC_6_PBMC
Cillo2020_Head-and-Neck,Head-and-Neck,HNSCC_6_PBMC,Plasma,Plasma,Cillo2020_Head-and-Neck::HNSCC_6_PBMC
Cillo2020_Head-and-Neck,Head-and-Neck,HNSCC_6_TIL,NK_cell,NK cell,Cillo2020_Head-and-Neck::HNSCC_6_TIL
Cillo2020_Head-and-Neck,Head-and-Neck,HNSCC_6_TIL,B_cell,B cell,Cillo2020_Head-and-Neck::HNSCC_6_TIL
Cillo2020_Head-and-Neck,Head-and-Neck,HNSCC_6_TIL,T_cell,T cell,Cillo2020_Head-and-Neck::HNSCC_6_TIL
Cillo2020_Head-and-Neck,Head-and-Neck,HNSCC_6_TIL,Monocyte,Monocyte,Cillo2020_Head-and-Neck::HNSCC_6_TIL
Cillo2020_Head-and-Neck,Head-and-Neck,HNSCC_6_TIL,Dendritic,Dendritic,Cillo2020_Head-and-Neck::HNSCC_6_TIL
Cillo2020_Head-and-Neck,Head-and-Neck,HNSCC_6_TIL,Plasma,Plasma,Cillo2020_Head-and-Neck::HNSCC_6_TIL
Cillo2020_Head-and-Neck,Head-and-Neck,HNSCC_6_TIL,Mast,Mast,Cillo2020_Head-and-Neck::HNSCC_6_TIL
Cillo2020_Head-and-Neck,Head-and-Neck,HNSCC_6_TIL,Macrophage,Macrophage,Cillo2020_Head-and-Neck::HNSCC_6_TIL
Cillo2020_Head-and-Neck,Head-and-Neck,HNSCC_7_PBMC,T_cell,T cell,Cillo2020_Head-and-Neck::HNSCC_7_PBMC
Cillo2020_Head-and-Neck,Head-and-Neck,HNSCC_7_PBMC,Monocyte,Monocyte,Cillo2020_Head-and-Neck::HNSCC_7_PBMC
Cillo2020_Head-and-Neck,Head-and-Neck,HNSCC_7_PBMC,Macrophage,Macrophage,Cillo2020_Head-and-Neck::HNSCC_7_PBMC
Cillo2020_Head-and-Neck,Head-and-Neck,HNSCC_8_PBMC,Monocyte,Monocyte,Cillo2020_Head-and-Neck::HNSCC_8_PBMC
Cillo2020_Head-and-Neck,Head-and-Neck,HNSCC_8_PBMC,T_cell,T cell,Cillo2020_Head-and-Neck::HNSCC_8_PBMC
Cillo2020_Head-and-Neck,Head-and-Neck,HNSCC_8_PBMC,Macrophage,Macrophage,Cillo2020_Head-and-Neck::HNSCC_8_PBMC
Cillo2020_Head-and-Neck,Head-and-Neck,HNSCC_8_PBMC,B_cell,B cell,Cillo2020_Head-and-Neck::HNSCC_8_PBMC
Cillo2020_Head-and-Neck,Head-and-Neck,HNSCC_8_PBMC,NK_cell,NK cell,Cillo2020_Head-and-Neck::HNSCC_8_PBMC
Cillo2020_Head-and-Neck,Head-and-Neck,HNSCC_8_PBMC,Dendritic,Dendritic,Cillo2020_Head-and-Neck::HNSCC_8_PBMC
Cillo2020_Head-and-Neck,Head-and-Neck,HNSCC_8_PBMC,Plasma,Plasma,Cillo2020_Head-and-Neck::HNSCC_8_PBMC
Cillo2020_Head-and-Neck,Head-and-Neck,HNSCC_8_PBMC,Mast,Mast,Cillo2020_Head-and-Neck::HNSCC_8_PBMC
Cillo2020_Head-and-Neck,Head-and-Neck,HNSCC_9_PBMC,Monocyte,Monocyte,Cillo2020_Head-and-Neck::HNSCC_9_PBMC
Cillo2020_Head-and-Neck,Head-and-Neck,HNSCC_9_PBMC,T_cell,T cell,Cillo2020_Head-and-Neck::HNSCC_9_PBMC
Cillo2020_Head-and-Neck,Head-and-Neck,HNSCC_9_PBMC,NK_cell,NK cell,Cillo2020_Head-and-Neck::HNSCC_9_PBMC
Cillo2020_Head-and-Neck,Head-and-Neck,HNSCC_9_PBMC,Macrophage,Macrophage,Cillo2020_Head-and-Neck::HNSCC_9_PBMC
Cillo2020_Head-and-Neck,Head-and-Neck,HNSCC_9_PBMC,Plasma,Plasma,Cillo2020_Head-and-Neck::HNSCC_9_PBMC
Cillo2020_Head-and-Neck,Head-and-Neck,HNSCC_9_PBMC,B_cell,B cell,Cillo2020_Head-and-Neck::HNSCC_9_PBMC
Cillo2020_Head-and-Neck,Head-and-Neck,HNSCC_9_PBMC,Mast,Mast,Cillo2020_Head-and-Neck::HNSCC_9_PBMC
Cillo2020_Head-and-Neck,Head-and-Neck,HNSCC_9_PBMC,Dendritic,Dendritic,Cillo2020_Head-and-Neck::HNSCC_9_PBMC
Kürten2021_Head-and-Neck,Head-and-Neck,GSM5017022_HN01_CD45p,T_cell,T cell,Kürten2021_Head-and-Neck::GSM5017022_HN01_CD45p
Kürten2021_Head-and-Neck,Head-and-Neck,GSM5017022_HN01_CD45p,Dendritic,Dendritic,Kürten2021_Head-and-Neck::GSM5017022_HN01_CD45p
Kürten2021_Head-and-Neck,Head-and-Neck,GSM5017022_HN01_CD45p,Macrophage,Macrophage,Kürten2021_Head-and-Neck::GSM5017022_HN01_CD45p
Kürten2021_Head-and-Neck,Head-and-Neck,GSM5017022_HN01_CD45p,Malignant,Malignant,Kürten2021_Head-and-Neck::GSM5017022_HN01_CD45p
Kürten2021_Head-and-Neck,Head-and-Neck,GSM5017022_HN01_CD45p,B_cell,B cell,Kürten2021_Head-and-Neck::GSM5017022_HN01_CD45p
Kürten2021_Head-and-Neck,Head-and-Neck,GSM5017022_HN01_CD45p,Plasma,Plasma,Kürten2021_Head-and-Neck::GSM5017022_HN01_CD45p
Kürten2021_Head-and-Neck,Head-and-Neck,GSM5017022_HN01_CD45p,Mast,Mast,Kürten2021_Head-and-Neck::GSM5017022_HN01_CD45p
Kürten2021_Head-and-Neck,Head-and-Neck,GSM5017022_HN01_CD45p,Lymphovascular,Lymphovascular,Kürten2021_Head-and-Neck::GSM5017022_HN01_CD45p
Kürten2021_Head-and-Neck,Head-and-Neck,GSM5017022_HN01_CD45p,Endothelial,Endothelial,Kürten2021_Head-and-Neck::GSM5017022_HN01_CD45p
Kürten2021_Head-and-Neck,Head-and-Neck,GSM5017022_HN01_CD45p,Fibroblast,Fibroblast,Kürten2021_Head-and-Neck::GSM5017022_HN01_CD45p
Kürten2021_Head-and-Neck,Head-and-Neck,GSM5017023_HN01_CD45n,Fibroblast,Fibroblast,Kürten2021_Head-and-Neck::GSM5017023_HN01_CD45n
Kürten2021_Head-and-Neck,Head-and-Neck,GSM5017023_HN01_CD45n,Malignant,Malignant,Kürten2021_Head-and-Neck::GSM5017023_HN01_CD45n
Kürten2021_Head-and-Neck,Head-and-Neck,GSM5017023_HN01_CD45n,Endothelial,Endothelial,Kürten2021_Head-and-Neck::GSM5017023_HN01_CD45n
Kürten2021_Head-and-Neck,Head-and-Neck,GSM5017023_HN01_CD45n,T_cell,T cell,Kürten2021_Head-and-Neck::GSM5017023_HN01_CD45n
Kürten2021_Head-and-Neck,Head-and-Neck,GSM5017023_HN01_CD45n,Lymphovascular,Lymphovascular,Kürten2021_Head-and-Neck::GSM5017023_HN01_CD45n
Kürten2021_Head-and-Neck,Head-and-Neck,GSM5017023_HN01_CD45n,Macrophage,Macrophage,Kürten2021_Head-and-Neck::GSM5017023_HN01_CD45n
Kürten2021_Head-and-Neck,Head-and-Neck,GSM5017023_HN01_CD45n,Dendritic,Dendritic,Kürten2021_Head-and-Neck::GSM5017023_HN01_CD45n
Kürten2021_Head-and-Neck,Head-and-Neck,GSM5017023_HN01_CD45n,B_cell,B cell,Kürten2021_Head-and-Neck::GSM5017023_HN01_CD45n
Kürten2021_Head-and-Neck,Head-and-Neck,GSM5017023_HN01_CD45n,Schwann,Schwann,Kürten2021_Head-and-Neck::GSM5017023_HN01_CD45n
Kürten2021_Head-and-Neck,Head-and-Neck,GSM5017023_HN01_CD45n,Mast,Mast,Kürten2021_Head-and-Neck::GSM5017023_HN01_CD45n
Kürten2021_Head-and-Neck,Head-and-Neck,GSM5017025_HN02_CD45p,T_cell,T cell,Kürten2021_Head-and-Neck::GSM5017025_HN02_CD45p
Kürten2021_Head-and-Neck,Head-and-Neck,GSM5017025_HN02_CD45p,Macrophage,Macrophage,Kürten2021_Head-and-Neck::GSM5017025_HN02_CD45p
Kürten2021_Head-and-Neck,Head-and-Neck,GSM5017025_HN02_CD45p,Dendritic,Dendritic,Kürten2021_Head-and-Neck::GSM5017025_HN02_CD45p
Kürten2021_Head-and-Neck,Head-and-Neck,GSM5017025_HN02_CD45p,B_cell,B cell,Kürten2021_Head-and-Neck::GSM5017025_HN02_CD45p
Kürten2021_Head-and-Neck,Head-and-Neck,GSM5017025_HN02_CD45p,Mast,Mast,Kürten2021_Head-and-Neck::GSM5017025_HN02_CD45p
Kürten2021_Head-and-Neck,Head-and-Neck,GSM5017025_HN02_CD45p,Plasma,Plasma,Kürten2021_Head-and-Neck::GSM5017025_HN02_CD45p
Kürten2021_Head-and-Neck,Head-and-Neck,GSM5017027_HN03_CD45p,T_cell,T cell,Kürten2021_Head-and-Neck::GSM5017027_HN03_CD45p
Kürten2021_Head-and-Neck,Head-and-Neck,GSM5017027_HN03_CD45p,Macrophage,Macrophage,Kürten2021_Head-and-Neck::GSM5017027_HN03_CD45p
Kürten2021_Head-and-Neck,Head-and-Neck,GSM5017027_HN03_CD45p,Plasma,Plasma,Kürten2021_Head-and-Neck::GSM5017027_HN03_CD45p
Kürten2021_Head-and-Neck,Head-and-Neck,GSM5017027_HN03_CD45p,B_cell,B cell,Kürten2021_Head-and-Neck::GSM5017027_HN03_CD45p
Kürten2021_Head-and-Neck,Head-and-Neck,GSM5017027_HN03_CD45p,Epithelial,Epithelial,Kürten2021_Head-and-Neck::GSM5017027_HN03_CD45p
Kürten2021_Head-and-Neck,Head-and-Neck,GSM5017027_HN03_CD45p,Dendritic,Dendritic,Kürten2021_Head-and-Neck::GSM5017027_HN03_CD45p
Kürten2021_Head-and-Neck,Head-and-Neck,GSM5017029_HN04_CD45p,Dendritic,Dendritic,Kürten2021_Head-and-Neck::GSM5017029_HN04_CD45p
Kürten2021_Head-and-Neck,Head-and-Neck,GSM5017029_HN04_CD45p,Plasma,Plasma,Kürten2021_Head-and-Neck::GSM5017029_HN04_CD45p
Kürten2021_Head-and-Neck,Head-and-Neck,GSM5017029_HN04_CD45p,T_cell,T cell,Kürten2021_Head-and-Neck::GSM5017029_HN04_CD45p
Kürten2021_Head-and-Neck,Head-and-Neck,GSM5017029_HN04_CD45p,B_cell,B cell,Kürten2021_Head-and-Neck::GSM5017029_HN04_CD45p
Kürten2021_Head-and-Neck,Head-and-Neck,GSM5017029_HN04_CD45p,Macrophage,Macrophage,Kürten2021_Head-and-Neck::GSM5017029_HN04_CD45p
Kürten2021_Head-and-Neck,Head-and-Neck,GSM5017029_HN04_CD45p,Mast,Mast,Kürten2021_Head-and-Neck::GSM5017029_HN04_CD45p
Kürten2021_Head-and-Neck,Head-and-Neck,GSM5017031_HN05_CD45p,T_cell,T cell,Kürten2021_Head-and-Neck::GSM5017031_HN05_CD45p
Kürten2021_Head-and-Neck,Head-and-Neck,GSM5017031_HN05_CD45p,Dendritic,Dendritic,Kürten2021_Head-and-Neck::GSM5017031_HN05_CD45p
Kürten2021_Head-and-Neck,Head-and-Neck,GSM5017031_HN05_CD45p,Macrophage,Macrophage,Kürten2021_Head-and-Neck::GSM5017031_HN05_CD45p
Kürten2021_Head-and-Neck,Head-and-Neck,GSM5017031_HN05_CD45p,B_cell,B cell,Kürten2021_Head-and-Neck::GSM5017031_HN05_CD45p
Kürten2021_Head-and-Neck,Head-and-Neck,GSM5017031_HN05_CD45p,Plasma,Plasma,Kürten2021_Head-and-Neck::GSM5017031_HN05_CD45p
Kürten2021_Head-and-Neck,Head-and-Neck,GSM5017031_HN05_CD45p,Mast,Mast,Kürten2021_Head-and-Neck::GSM5017031_HN05_CD45p
Kürten2021_Head-and-Neck,Head-and-Neck,GSM5017031_HN05_CD45p,Epithelial,Epithelial,Kürten2021_Head-and-Neck::GSM5017031_HN05_CD45p
Kürten2021_Head-and-Neck,Head-and-Neck,GSM5017032_HN05_CD45n,Macrophage,Macrophage,Kürten2021_Head-and-Neck::GSM5017032_HN05_CD45n
Kürten2021_Head-and-Neck,Head-and-Neck,GSM5017032_HN05_CD45n,T_cell,T cell,Kürten2021_Head-and-Neck::GSM5017032_HN05_CD45n
Kürten2021_Head-and-Neck,Head-and-Neck,GSM5017032_HN05_CD45n,B_cell,B cell,Kürten2021_Head-and-Neck::GSM5017032_HN05_CD45n
Kürten2021_Head-and-Neck,Head-and-Neck,GSM5017032_HN05_CD45n,Lymphovascular,Lymphovascular,Kürten2021_Head-and-Neck::GSM5017032_HN05_CD45n
Kürten2021_Head-and-Neck,Head-and-Neck,GSM5017032_HN05_CD45n,Endothelial,Endothelial,Kürten2021_Head-and-Neck::GSM5017032_HN05_CD45n
Kürten2021_Head-and-Neck,Head-and-Neck,GSM5017032_HN05_CD45n,Fibroblast,Fibroblast,Kürten2021_Head-and-Neck::GSM5017032_HN05_CD45n
Kürten2021_Head-and-Neck,Head-and-Neck,GSM5017032_HN05_CD45n,Plasma,Plasma,Kürten2021_Head-and-Neck::GSM5017032_HN05_CD45n
Kürten2021_Head-and-Neck,Head-and-Neck,GSM5017032_HN05_CD45n,Dendritic,Dendritic,Kürten2021_Head-and-Neck::GSM5017032_HN05_CD45n
Kürten2021_Head-and-Neck,Head-and-Neck,GSM5017032_HN05_CD45n,Schwann,Schwann,Kürten2021_Head-and-Neck::GSM5017032_HN05_CD45n
Kürten2021_Head-and-Neck,Head-and-Neck,GSM5017034_HN06_CD45p,T_cell,T cell,Kürten2021_Head-and-Neck::GSM5017034_HN06_CD45p
Kürten2021_Head-and-Neck,Head-and-Neck,GSM5017034_HN06_CD45p,Dendritic,Dendritic,Kürten2021_Head-and-Neck::GSM5017034_HN06_CD45p
Kürten2021_Head-and-Neck,Head-and-Neck,GSM5017034_HN06_CD45p,B_cell,B cell,Kürten2021_Head-and-Neck::GSM5017034_HN06_CD45p
Kürten2021_Head-and-Neck,Head-and-Neck,GSM5017034_HN06_CD45p,Macrophage,Macrophage,Kürten2021_Head-and-Neck::GSM5017034_HN06_CD45p
Kürten2021_Head-and-Neck,Head-and-Neck,GSM5017034_HN06_CD45p,Plasma,Plasma,Kürten2021_Head-and-Neck::GSM5017034_HN06_CD45p
Kürten2021_Head-and-Neck,Head-and-Neck,GSM5017034_HN06_CD45p,Mast,Mast,Kürten2021_Head-and-Neck::GSM5017034_HN06_CD45p
Kürten2021_Head-and-Neck,Head-and-Neck,GSM5017034_HN06_CD45p,Lymphovascular,Lymphovascular,Kürten2021_Head-and-Neck::GSM5017034_HN06_CD45p
Kürten2021_Head-and-Neck,Head-and-Neck,GSM5017035_HN06_CD45n,Malignant,Malignant,Kürten2021_Head-and-Neck::GSM5017035_HN06_CD45n
Kürten2021_Head-and-Neck,Head-and-Neck,GSM5017035_HN06_CD45n,Endothelial,Endothelial,Kürten2021_Head-and-Neck::GSM5017035_HN06_CD45n
Kürten2021_Head-and-Neck,Head-and-Neck,GSM5017035_HN06_CD45n,Fibroblast,Fibroblast,Kürten2021_Head-and-Neck::GSM5017035_HN06_CD45n
Kürten2021_Head-and-Neck,Head-and-Neck,GSM5017035_HN06_CD45n,Lymphovascular,Lymphovascular,Kürten2021_Head-and-Neck::GSM5017035_HN06_CD45n
Kürten2021_Head-and-Neck,Head-and-Neck,GSM5017035_HN06_CD45n,Macrophage,Macrophage,Kürten2021_Head-and-Neck::GSM5017035_HN06_CD45n
Kürten2021_Head-and-Neck,Head-and-Neck,GSM5017035_HN06_CD45n,T_cell,T cell,Kürten2021_Head-and-Neck::GSM5017035_HN06_CD45n
Kürten2021_Head-and-Neck,Head-and-Neck,GSM5017035_HN06_CD45n,Schwann,Schwann,Kürten2021_Head-and-Neck::GSM5017035_HN06_CD45n
Kürten2021_Head-and-Neck,Head-and-Neck,GSM5017035_HN06_CD45n,Epithelial,Epithelial,Kürten2021_Head-and-Neck::GSM5017035_HN06_CD45n
Kürten2021_Head-and-Neck,Head-and-Neck,GSM5017035_HN06_CD45n,B_cell,B cell,Kürten2021_Head-and-Neck::GSM5017035_HN06_CD45n
Kürten2021_Head-and-Neck,Head-and-Neck,GSM5017037_HN07_CD45p,Macrophage,Macrophage,Kürten2021_Head-and-Neck::GSM5017037_HN07_CD45p
Kürten2021_Head-and-Neck,Head-and-Neck,GSM5017037_HN07_CD45p,T_cell,T cell,Kürten2021_Head-and-Neck::GSM5017037_HN07_CD45p
Kürten2021_Head-and-Neck,Head-and-Neck,GSM5017037_HN07_CD45p,Malignant,Malignant,Kürten2021_Head-and-Neck::GSM5017037_HN07_CD45p
Kürten2021_Head-and-Neck,Head-and-Neck,GSM5017037_HN07_CD45p,Dendritic,Dendritic,Kürten2021_Head-and-Neck::GSM5017037_HN07_CD45p
Kürten2021_Head-and-Neck,Head-and-Neck,GSM5017037_HN07_CD45p,B_cell,B cell,Kürten2021_Head-and-Neck::GSM5017037_HN07_CD45p
Kürten2021_Head-and-Neck,Head-and-Neck,GSM5017037_HN07_CD45p,Mast,Mast,Kürten2021_Head-and-Neck::GSM5017037_HN07_CD45p
Kürten2021_Head-and-Neck,Head-and-Neck,GSM5017037_HN07_CD45p,Plasma,Plasma,Kürten2021_Head-and-Neck::GSM5017037_HN07_CD45p
Kürten2021_Head-and-Neck,Head-and-Neck,GSM5017037_HN07_CD45p,Endothelial,Endothelial,Kürten2021_Head-and-Neck::GSM5017037_HN07_CD45p
Kürten2021_Head-and-Neck,Head-and-Neck,GSM5017037_HN07_CD45p,Fibroblast,Fibroblast,Kürten2021_Head-and-Neck::GSM5017037_HN07_CD45p
Kürten2021_Head-and-Neck,Head-and-Neck,GSM5017038_HN07_CD45n,Fibroblast,Fibroblast,Kürten2021_Head-and-Neck::GSM5017038_HN07_CD45n
Kürten2021_Head-and-Neck,Head-and-Neck,GSM5017038_HN07_CD45n,Malignant,Malignant,Kürten2021_Head-and-Neck::GSM5017038_HN07_CD45n
Kürten2021_Head-and-Neck,Head-and-Neck,GSM5017038_HN07_CD45n,Lymphovascular,Lymphovascular,Kürten2021_Head-and-Neck::GSM5017038_HN07_CD45n
Kürten2021_Head-and-Neck,Head-and-Neck,GSM5017038_HN07_CD45n,T_cell,T cell,Kürten2021_Head-and-Neck::GSM5017038_HN07_CD45n
Kürten2021_Head-and-Neck,Head-and-Neck,GSM5017038_HN07_CD45n,Endothelial,Endothelial,Kürten2021_Head-and-Neck::GSM5017038_HN07_CD45n
Kürten2021_Head-and-Neck,Head-and-Neck,GSM5017038_HN07_CD45n,Macrophage,Macrophage,Kürten2021_Head-and-Neck::GSM5017038_HN07_CD45n
Kürten2021_Head-and-Neck,Head-and-Neck,GSM5017038_HN07_CD45n,Schwann,Schwann,Kürten2021_Head-and-Neck::GSM5017038_HN07_CD45n
Kürten2021_Head-and-Neck,Head-and-Neck,GSM5017038_HN07_CD45n,Myocyte,Myocyte,Kürten2021_Head-and-Neck::GSM5017038_HN07_CD45n
Kürten2021_Head-and-Neck,Head-and-Neck,GSM5017038_HN07_CD45n,Epithelial,Epithelial,Kürten2021_Head-and-Neck::GSM5017038_HN07_CD45n
Kürten2021_Head-and-Neck,Head-and-Neck,GSM5017038_HN07_CD45n,B_cell,B cell,Kürten2021_Head-and-Neck::GSM5017038_HN07_CD45n
Kürten2021_Head-and-Neck,Head-and-Neck,GSM5017038_HN07_CD45n,Plasma,Plasma,Kürten2021_Head-and-Neck::GSM5017038_HN07_CD45n
Kürten2021_Head-and-Neck,Head-and-Neck,GSM5017038_HN07_CD45n,Mast,Mast,Kürten2021_Head-and-Neck::GSM5017038_HN07_CD45n
Kürten2021_Head-and-Neck,Head-and-Neck,GSM5017038_HN07_CD45n,Dendritic,Dendritic,Kürten2021_Head-and-Neck::GSM5017038_HN07_CD45n
Kürten2021_Head-and-Neck,Head-and-Neck,GSM5017040_HN08_CD45p,Macrophage,Macrophage,Kürten2021_Head-and-Neck::GSM5017040_HN08_CD45p
Kürten2021_Head-and-Neck,Head-and-Neck,GSM5017040_HN08_CD45p,T_cell,T cell,Kürten2021_Head-and-Neck::GSM5017040_HN08_CD45p
Kürten2021_Head-and-Neck,Head-and-Neck,GSM5017040_HN08_CD45p,Mast,Mast,Kürten2021_Head-and-Neck::GSM5017040_HN08_CD45p
Kürten2021_Head-and-Neck,Head-and-Neck,GSM5017040_HN08_CD45p,B_cell,B cell,Kürten2021_Head-and-Neck::GSM5017040_HN08_CD45p
Kürten2021_Head-and-Neck,Head-and-Neck,GSM5017040_HN08_CD45p,Dendritic,Dendritic,Kürten2021_Head-and-Neck::GSM5017040_HN08_CD45p
Kürten2021_Head-and-Neck,Head-and-Neck,GSM5017040_HN08_CD45p,Epithelial,Epithelial,Kürten2021_Head-and-Neck::GSM5017040_HN08_CD45p
Kürten2021_Head-and-Neck,Head-and-Neck,GSM5017040_HN08_CD45p,Plasma,Plasma,Kürten2021_Head-and-Neck::GSM5017040_HN08_CD45p
Kürten2021_Head-and-Neck,Head-and-Neck,GSM5017041_HN08_CD45n,T_cell,T cell,Kürten2021_Head-and-Neck::GSM5017041_HN08_CD45n
Kürten2021_Head-and-Neck,Head-and-Neck,GSM5017041_HN08_CD45n,Macrophage,Macrophage,Kürten2021_Head-and-Neck::GSM5017041_HN08_CD45n
Kürten2021_Head-and-Neck,Head-and-Neck,GSM5017041_HN08_CD45n,Epithelial,Epithelial,Kürten2021_Head-and-Neck::GSM5017041_HN08_CD45n
Kürten2021_Head-and-Neck,Head-and-Neck,GSM5017041_HN08_CD45n,Endothelial,Endothelial,Kürten2021_Head-and-Neck::GSM5017041_HN08_CD45n
Kürten2021_Head-and-Neck,Head-and-Neck,GSM5017041_HN08_CD45n,Lymphovascular,Lymphovascular,Kürten2021_Head-and-Neck::GSM5017041_HN08_CD45n
Kürten2021_Head-and-Neck,Head-and-Neck,GSM5017041_HN08_CD45n,Fibroblast,Fibroblast,Kürten2021_Head-and-Neck::GSM5017041_HN08_CD45n
Kürten2021_Head-and-Neck,Head-and-Neck,GSM5017041_HN08_CD45n,Malignant,Malignant,Kürten2021_Head-and-Neck::GSM5017041_HN08_CD45n
Kürten2021_Head-and-Neck,Head-and-Neck,GSM5017041_HN08_CD45n,B_cell,B cell,Kürten2021_Head-and-Neck::GSM5017041_HN08_CD45n
Kürten2021_Head-and-Neck,Head-and-Neck,GSM5017041_HN08_CD45n,Plasma,Plasma,Kürten2021_Head-and-Neck::GSM5017041_HN08_CD45n
Kürten2021_Head-and-Neck,Head-and-Neck,GSM5017041_HN08_CD45n,Dendritic,Dendritic,Kürten2021_Head-and-Neck::GSM5017041_HN08_CD45n
Kürten2021_Head-and-Neck,Head-and-Neck,GSM5017041_HN08_CD45n,Schwann,Schwann,Kürten2021_Head-and-Neck::GSM5017041_HN08_CD45n
Kürten2021_Head-and-Neck,Head-and-Neck,GSM5017043_HN09_CD45p,B_cell,B cell,Kürten2021_Head-and-Neck::GSM5017043_HN09_CD45p
Kürten2021_Head-and-Neck,Head-and-Neck,GSM5017043_HN09_CD45p,T_cell,T cell,Kürten2021_Head-and-Neck::GSM5017043_HN09_CD45p
Kürten2021_Head-and-Neck,Head-and-Neck,GSM5017043_HN09_CD45p,Macrophage,Macrophage,Kürten2021_Head-and-Neck::GSM5017043_HN09_CD45p
Kürten2021_Head-and-Neck,Head-and-Neck,GSM5017043_HN09_CD45p,Dendritic,Dendritic,Kürten2021_Head-and-Neck::GSM5017043_HN09_CD45p
Kürten2021_Head-and-Neck,Head-and-Neck,GSM5017043_HN09_CD45p,Mast,Mast,Kürten2021_Head-and-Neck::GSM5017043_HN09_CD45p
Kürten2021_Head-and-Neck,Head-and-Neck,GSM5017043_HN09_CD45p,Plasma,Plasma,Kürten2021_Head-and-Neck::GSM5017043_HN09_CD45p
Kürten2021_Head-and-Neck,Head-and-Neck,GSM5017044_HN09_CD45n,Lymphovascular,Lymphovascular,Kürten2021_Head-and-Neck::GSM5017044_HN09_CD45n
Kürten2021_Head-and-Neck,Head-and-Neck,GSM5017044_HN09_CD45n,Endothelial,Endothelial,Kürten2021_Head-and-Neck::GSM5017044_HN09_CD45n
Kürten2021_Head-and-Neck,Head-and-Neck,GSM5017044_HN09_CD45n,Fibroblast,Fibroblast,Kürten2021_Head-and-Neck::GSM5017044_HN09_CD45n
Kürten2021_Head-and-Neck,Head-and-Neck,GSM5017044_HN09_CD45n,T_cell,T cell,Kürten2021_Head-and-Neck::GSM5017044_HN09_CD45n
Kürten2021_Head-and-Neck,Head-and-Neck,GSM5017044_HN09_CD45n,Macrophage,Macrophage,Kürten2021_Head-and-Neck::GSM5017044_HN09_CD45n
Kürten2021_Head-and-Neck,Head-and-Neck,GSM5017044_HN09_CD45n,Malignant,Malignant,Kürten2021_Head-and-Neck::GSM5017044_HN09_CD45n
Kürten2021_Head-and-Neck,Head-and-Neck,GSM5017044_HN09_CD45n,B_cell,B cell,Kürten2021_Head-and-Neck::GSM5017044_HN09_CD45n
Kürten2021_Head-and-Neck,Head-and-Neck,GSM5017044_HN09_CD45n,Schwann,Schwann,Kürten2021_Head-and-Neck::GSM5017044_HN09_CD45n
Kürten2021_Head-and-Neck,Head-and-Neck,GSM5017044_HN09_CD45n,Plasma,Plasma,Kürten2021_Head-and-Neck::GSM5017044_HN09_CD45n
Kürten2021_Head-and-Neck,Head-and-Neck,GSM5017044_HN09_CD45n,Dendritic,Dendritic,Kürten2021_Head-and-Neck::GSM5017044_HN09_CD45n
Kürten2021_Head-and-Neck,Head-and-Neck,GSM5017044_HN09_CD45n,Myocyte,Myocyte,Kürten2021_Head-and-Neck::GSM5017044_HN09_CD45n
Kürten2021_Head-and-Neck,Head-and-Neck,GSM5017046_HN10_CD45p,Macrophage,Macrophage,Kürten2021_Head-and-Neck::GSM5017046_HN10_CD45p
Kürten2021_Head-and-Neck,Head-and-Neck,GSM5017046_HN10_CD45p,T_cell,T cell,Kürten2021_Head-and-Neck::GSM5017046_HN10_CD45p
Kürten2021_Head-and-Neck,Head-and-Neck,GSM5017046_HN10_CD45p,Dendritic,Dendritic,Kürten2021_Head-and-Neck::GSM5017046_HN10_CD45p
Kürten2021_Head-and-Neck,Head-and-Neck,GSM5017046_HN10_CD45p,B_cell,B cell,Kürten2021_Head-and-Neck::GSM5017046_HN10_CD45p
Kürten2021_Head-and-Neck,Head-and-Neck,GSM5017046_HN10_CD45p,Mast,Mast,Kürten2021_Head-and-Neck::GSM5017046_HN10_CD45p
Kürten2021_Head-and-Neck,Head-and-Neck,GSM5017046_HN10_CD45p,Plasma,Plasma,Kürten2021_Head-and-Neck::GSM5017046_HN10_CD45p
Kürten2021_Head-and-Neck,Head-and-Neck,GSM5017047_HN10_CD45n,T_cell,T cell,Kürten2021_Head-and-Neck::GSM5017047_HN10_CD45n
Kürten2021_Head-and-Neck,Head-and-Neck,GSM5017047_HN10_CD45n,Macrophage,Macrophage,Kürten2021_Head-and-Neck::GSM5017047_HN10_CD45n
Kürten2021_Head-and-Neck,Head-and-Neck,GSM5017047_HN10_CD45n,Lymphovascular,Lymphovascular,Kürten2021_Head-and-Neck::GSM5017047_HN10_CD45n
Kürten2021_Head-and-Neck,Head-and-Neck,GSM5017047_HN10_CD45n,Malignant,Malignant,Kürten2021_Head-and-Neck::GSM5017047_HN10_CD45n
Kürten2021_Head-and-Neck,Head-and-Neck,GSM5017047_HN10_CD45n,Dendritic,Dendritic,Kürten2021_Head-and-Neck::GSM5017047_HN10_CD45n
Kürten2021_Head-and-Neck,Head-and-Neck,GSM5017047_HN10_CD45n,B_cell,B cell,Kürten2021_Head-and-Neck::GSM5017047_HN10_CD45n
Kürten2021_Head-and-Neck,Head-and-Neck,GSM5017047_HN10_CD45n,Fibroblast,Fibroblast,Kürten2021_Head-and-Neck::GSM5017047_HN10_CD45n
Kürten2021_Head-and-Neck,Head-and-Neck,GSM5017047_HN10_CD45n,Endothelial,Endothelial,Kürten2021_Head-and-Neck::GSM5017047_HN10_CD45n
Kürten2021_Head-and-Neck,Head-and-Neck,GSM5017047_HN10_CD45n,Plasma,Plasma,Kürten2021_Head-and-Neck::GSM5017047_HN10_CD45n
Kürten2021_Head-and-Neck,Head-and-Neck,GSM5017047_HN10_CD45n,Mast,Mast,Kürten2021_Head-and-Neck::GSM5017047_HN10_CD45n
Kürten2021_Head-and-Neck,Head-and-Neck,GSM5017047_HN10_CD45n,Schwann,Schwann,Kürten2021_Head-and-Neck::GSM5017047_HN10_CD45n
Kürten2021_Head-and-Neck,Head-and-Neck,GSM5017049_HN11_CD45p,Macrophage,Macrophage,Kürten2021_Head-and-Neck::GSM5017049_HN11_CD45p
Kürten2021_Head-and-Neck,Head-and-Neck,GSM5017049_HN11_CD45p,T_cell,T cell,Kürten2021_Head-and-Neck::GSM5017049_HN11_CD45p
Kürten2021_Head-and-Neck,Head-and-Neck,GSM5017049_HN11_CD45p,Dendritic,Dendritic,Kürten2021_Head-and-Neck::GSM5017049_HN11_CD45p
Kürten2021_Head-and-Neck,Head-and-Neck,GSM5017049_HN11_CD45p,B_cell,B cell,Kürten2021_Head-and-Neck::GSM5017049_HN11_CD45p
Kürten2021_Head-and-Neck,Head-and-Neck,GSM5017049_HN11_CD45p,Mast,Mast,Kürten2021_Head-and-Neck::GSM5017049_HN11_CD45p
Kürten2021_Head-and-Neck,Head-and-Neck,GSM5017049_HN11_CD45p,Fibroblast,Fibroblast,Kürten2021_Head-and-Neck::GSM5017049_HN11_CD45p
Kürten2021_Head-and-Neck,Head-and-Neck,GSM5017049_HN11_CD45p,Plasma,Plasma,Kürten2021_Head-and-Neck::GSM5017049_HN11_CD45p
Kürten2021_Head-and-Neck,Head-and-Neck,GSM5017049_HN11_CD45p,Malignant,Malignant,Kürten2021_Head-and-Neck::GSM5017049_HN11_CD45p
Kürten2021_Head-and-Neck,Head-and-Neck,GSM5017049_HN11_CD45p,Endothelial,Endothelial,Kürten2021_Head-and-Neck::GSM5017049_HN11_CD45p
Kürten2021_Head-and-Neck,Head-and-Neck,GSM5017050_HN11_CD45n,Epithelial,Epithelial,Kürten2021_Head-and-Neck::GSM5017050_HN11_CD45n
Kürten2021_Head-and-Neck,Head-and-Neck,GSM5017050_HN11_CD45n,T_cell,T cell,Kürten2021_Head-and-Neck::GSM5017050_HN11_CD45n
Kürten2021_Head-and-Neck,Head-and-Neck,GSM5017050_HN11_CD45n,Endothelial,Endothelial,Kürten2021_Head-and-Neck::GSM5017050_HN11_CD45n
Kürten2021_Head-and-Neck,Head-and-Neck,GSM5017050_HN11_CD45n,Fibroblast,Fibroblast,Kürten2021_Head-and-Neck::GSM5017050_HN11_CD45n
Kürten2021_Head-and-Neck,Head-and-Neck,GSM5017050_HN11_CD45n,Lymphovascular,Lymphovascular,Kürten2021_Head-and-Neck::GSM5017050_HN11_CD45n
Kürten2021_Head-and-Neck,Head-and-Neck,GSM5017050_HN11_CD45n,Macrophage,Macrophage,Kürten2021_Head-and-Neck::GSM5017050_HN11_CD45n
Kürten2021_Head-and-Neck,Head-and-Neck,GSM5017050_HN11_CD45n,Malignant,Malignant,Kürten2021_Head-and-Neck::GSM5017050_HN11_CD45n
Kürten2021_Head-and-Neck,Head-and-Neck,GSM5017050_HN11_CD45n,Dendritic,Dendritic,Kürten2021_Head-and-Neck::GSM5017050_HN11_CD45n
Kürten2021_Head-and-Neck,Head-and-Neck,GSM5017050_HN11_CD45n,B_cell,B cell,Kürten2021_Head-and-Neck::GSM5017050_HN11_CD45n
Kürten2021_Head-and-Neck,Head-and-Neck,GSM5017050_HN11_CD45n,Myocyte,Myocyte,Kürten2021_Head-and-Neck::GSM5017050_HN11_CD45n
Kürten2021_Head-and-Neck,Head-and-Neck,GSM5017050_HN11_CD45n,Plasma,Plasma,Kürten2021_Head-and-Neck::GSM5017050_HN11_CD45n
Kürten2021_Head-and-Neck,Head-and-Neck,GSM5017050_HN11_CD45n,Schwann,Schwann,Kürten2021_Head-and-Neck::GSM5017050_HN11_CD45n
Kürten2021_Head-and-Neck,Head-and-Neck,GSM5017050_HN11_CD45n,Mast,Mast,Kürten2021_Head-and-Neck::GSM5017050_HN11_CD45n
Kürten2021_Head-and-Neck,Head-and-Neck,GSM5017052_HN12_CD45p,T_cell,T cell,Kürten2021_Head-and-Neck::GSM5017052_HN12_CD45p
Kürten2021_Head-and-Neck,Head-and-Neck,GSM5017052_HN12_CD45p,B_cell,B cell,Kürten2021_Head-and-Neck::GSM5017052_HN12_CD45p
Kürten2021_Head-and-Neck,Head-and-Neck,GSM5017052_HN12_CD45p,Macrophage,Macrophage,Kürten2021_Head-and-Neck::GSM5017052_HN12_CD45p
Kürten2021_Head-and-Neck,Head-and-Neck,GSM5017052_HN12_CD45p,Dendritic,Dendritic,Kürten2021_Head-and-Neck::GSM5017052_HN12_CD45p
Kürten2021_Head-and-Neck,Head-and-Neck,GSM5017052_HN12_CD45p,Malignant,Malignant,Kürten2021_Head-and-Neck::GSM5017052_HN12_CD45p
Kürten2021_Head-and-Neck,Head-and-Neck,GSM5017052_HN12_CD45p,Plasma,Plasma,Kürten2021_Head-and-Neck::GSM5017052_HN12_CD45p
Kürten2021_Head-and-Neck,Head-and-Neck,GSM5017052_HN12_CD45p,Mast,Mast,Kürten2021_Head-and-Neck::GSM5017052_HN12_CD45p
Kürten2021_Head-and-Neck,Head-and-Neck,GSM5017052_HN12_CD45p,Epithelial,Epithelial,Kürten2021_Head-and-Neck::GSM5017052_HN12_CD45p
Kürten2021_Head-and-Neck,Head-and-Neck,GSM5017053_HN12_CD45n,Malignant,Malignant,Kürten2021_Head-and-Neck::GSM5017053_HN12_CD45n
Kürten2021_Head-and-Neck,Head-and-Neck,GSM5017053_HN12_CD45n,Endothelial,Endothelial,Kürten2021_Head-and-Neck::GSM5017053_HN12_CD45n
Kürten2021_Head-and-Neck,Head-and-Neck,GSM5017053_HN12_CD45n,B_cell,B cell,Kürten2021_Head-and-Neck::GSM5017053_HN12_CD45n
Kürten2021_Head-and-Neck,Head-and-Neck,GSM5017053_HN12_CD45n,Epithelial,Epithelial,Kürten2021_Head-and-Neck::GSM5017053_HN12_CD45n
Kürten2021_Head-and-Neck,Head-and-Neck,GSM5017053_HN12_CD45n,Lymphovascular,Lymphovascular,Kürten2021_Head-and-Neck::GSM5017053_HN12_CD45n
Kürten2021_Head-and-Neck,Head-and-Neck,GSM5017053_HN12_CD45n,T_cell,T cell,Kürten2021_Head-and-Neck::GSM5017053_HN12_CD45n
Kürten2021_Head-and-Neck,Head-and-Neck,GSM5017053_HN12_CD45n,Plasma,Plasma,Kürten2021_Head-and-Neck::GSM5017053_HN12_CD45n
Kürten2021_Head-and-Neck,Head-and-Neck,GSM5017053_HN12_CD45n,Fibroblast,Fibroblast,Kürten2021_Head-and-Neck::GSM5017053_HN12_CD45n
Kürten2021_Head-and-Neck,Head-and-Neck,GSM5017053_HN12_CD45n,Macrophage,Macrophage,Kürten2021_Head-and-Neck::GSM5017053_HN12_CD45n
Kürten2021_Head-and-Neck,Head-and-Neck,GSM5017055_HN13_CD45p,T_cell,T cell,Kürten2021_Head-and-Neck::GSM5017055_HN13_CD45p
Kürten2021_Head-and-Neck,Head-and-Neck,GSM5017055_HN13_CD45p,B_cell,B cell,Kürten2021_Head-and-Neck::GSM5017055_HN13_CD45p
Kürten2021_Head-and-Neck,Head-and-Neck,GSM5017055_HN13_CD45p,Macrophage,Macrophage,Kürten2021_Head-and-Neck::GSM5017055_HN13_CD45p
Kürten2021_Head-and-Neck,Head-and-Neck,GSM5017055_HN13_CD45p,Dendritic,Dendritic,Kürten2021_Head-and-Neck::GSM5017055_HN13_CD45p
Kürten2021_Head-and-Neck,Head-and-Neck,GSM5017055_HN13_CD45p,Plasma,Plasma,Kürten2021_Head-and-Neck::GSM5017055_HN13_CD45p
Kürten2021_Head-and-Neck,Head-and-Neck,GSM5017055_HN13_CD45p,Mast,Mast,Kürten2021_Head-and-Neck::GSM5017055_HN13_CD45p
Kürten2021_Head-and-Neck,Head-and-Neck,GSM5017056_HN13_CD45n,Malignant,Malignant,Kürten2021_Head-and-Neck::GSM5017056_HN13_CD45n
Kürten2021_Head-and-Neck,Head-and-Neck,GSM5017056_HN13_CD45n,Endothelial,Endothelial,Kürten2021_Head-and-Neck::GSM5017056_HN13_CD45n
Kürten2021_Head-and-Neck,Head-and-Neck,GSM5017056_HN13_CD45n,Fibroblast,Fibroblast,Kürten2021_Head-and-Neck::GSM5017056_HN13_CD45n
Kürten2021_Head-and-Neck,Head-and-Neck,GSM5017056_HN13_CD45n,T_cell,T cell,Kürten2021_Head-and-Neck::GSM5017056_HN13_CD45n
Kürten2021_Head-and-Neck,Head-and-Neck,GSM5017056_HN13_CD45n,Epithelial,Epithelial,Kürten2021_Head-and-Neck::GSM5017056_HN13_CD45n
Kürten2021_Head-and-Neck,Head-and-Neck,GSM5017056_HN13_CD45n,Lymphovascular,Lymphovascular,Kürten2021_Head-and-Neck::GSM5017056_HN13_CD45n
Kürten2021_Head-and-Neck,Head-and-Neck,GSM5017058_HN14_CD45p,T_cell,T cell,Kürten2021_Head-and-Neck::GSM5017058_HN14_CD45p
Kürten2021_Head-and-Neck,Head-and-Neck,GSM5017058_HN14_CD45p,Macrophage,Macrophage,Kürten2021_Head-and-Neck::GSM5017058_HN14_CD45p
Kürten2021_Head-and-Neck,Head-and-Neck,GSM5017058_HN14_CD45p,Dendritic,Dendritic,Kürten2021_Head-and-Neck::GSM5017058_HN14_CD45p
Kürten2021_Head-and-Neck,Head-and-Neck,GSM5017058_HN14_CD45p,B_cell,B cell,Kürten2021_Head-and-Neck::GSM5017058_HN14_CD45p
Kürten2021_Head-and-Neck,Head-and-Neck,GSM5017058_HN14_CD45p,Mast,Mast,Kürten2021_Head-and-Neck::GSM5017058_HN14_CD45p
Kürten2021_Head-and-Neck,Head-and-Neck,GSM5017058_HN14_CD45p,Plasma,Plasma,Kürten2021_Head-and-Neck::GSM5017058_HN14_CD45p
Kürten2021_Head-and-Neck,Head-and-Neck,GSM5017059_HN14_CD45n,Malignant,Malignant,Kürten2021_Head-and-Neck::GSM5017059_HN14_CD45n
Kürten2021_Head-and-Neck,Head-and-Neck,GSM5017059_HN14_CD45n,Lymphovascular,Lymphovascular,Kürten2021_Head-and-Neck::GSM5017059_HN14_CD45n
Kürten2021_Head-and-Neck,Head-and-Neck,GSM5017059_HN14_CD45n,Epithelial,Epithelial,Kürten2021_Head-and-Neck::GSM5017059_HN14_CD45n
Kürten2021_Head-and-Neck,Head-and-Neck,GSM5017059_HN14_CD45n,T_cell,T cell,Kürten2021_Head-and-Neck::GSM5017059_HN14_CD45n
Kürten2021_Head-and-Neck,Head-and-Neck,GSM5017059_HN14_CD45n,Endothelial,Endothelial,Kürten2021_Head-and-Neck::GSM5017059_HN14_CD45n
Kürten2021_Head-and-Neck,Head-and-Neck,GSM5017059_HN14_CD45n,Dendritic,Dendritic,Kürten2021_Head-and-Neck::GSM5017059_HN14_CD45n
Kürten2021_Head-and-Neck,Head-and-Neck,GSM5017059_HN14_CD45n,Fibroblast,Fibroblast,Kürten2021_Head-and-Neck::GSM5017059_HN14_CD45n
Kürten2021_Head-and-Neck,Head-and-Neck,GSM5017059_HN14_CD45n,Macrophage,Macrophage,Kürten2021_Head-and-Neck::GSM5017059_HN14_CD45n
Kürten2021_Head-and-Neck,Head-and-Neck,GSM5017059_HN14_CD45n,Schwann,Schwann,Kürten2021_Head-and-Neck::GSM5017059_HN14_CD45n
Kürten2021_Head-and-Neck,Head-and-Neck,GSM5017059_HN14_CD45n,B_cell,B cell,Kürten2021_Head-and-Neck::GSM5017059_HN14_CD45n
Kürten2021_Head-and-Neck,Head-and-Neck,GSM5017061_HN15_CD45p,T_cell,T cell,Kürten2021_Head-and-Neck::GSM5017061_HN15_CD45p
Kürten2021_Head-and-Neck,Head-and-Neck,GSM5017061_HN15_CD45p,B_cell,B cell,Kürten2021_Head-and-Neck::GSM5017061_HN15_CD45p
Kürten2021_Head-and-Neck,Head-and-Neck,GSM5017061_HN15_CD45p,Macrophage,Macrophage,Kürten2021_Head-and-Neck::GSM5017061_HN15_CD45p
Kürten2021_Head-and-Neck,Head-and-Neck,GSM5017061_HN15_CD45p,Dendritic,Dendritic,Kürten2021_Head-and-Neck::GSM5017061_HN15_CD45p
Kürten2021_Head-and-Neck,Head-and-Neck,GSM5017061_HN15_CD45p,Mast,Mast,Kürten2021_Head-and-Neck::GSM5017061_HN15_CD45p
Kürten2021_Head-and-Neck,Head-and-Neck,GSM5017061_HN15_CD45p,Plasma,Plasma,Kürten2021_Head-and-Neck::GSM5017061_HN15_CD45p
Kürten2021_Head-and-Neck,Head-and-Neck,GSM5017062_HN15_CD45n,Lymphovascular,Lymphovascular,Kürten2021_Head-and-Neck::GSM5017062_HN15_CD45n
Kürten2021_Head-and-Neck,Head-and-Neck,GSM5017062_HN15_CD45n,Endothelial,Endothelial,Kürten2021_Head-and-Neck::GSM5017062_HN15_CD45n
Kürten2021_Head-and-Neck,Head-and-Neck,GSM5017062_HN15_CD45n,Fibroblast,Fibroblast,Kürten2021_Head-and-Neck::GSM5017062_HN15_CD45n
Kürten2021_Head-and-Neck,Head-and-Neck,GSM5017062_HN15_CD45n,T_cell,T cell,Kürten2021_Head-and-Neck::GSM5017062_HN15_CD45n
Kürten2021_Head-and-Neck,Head-and-Neck,GSM5017062_HN15_CD45n,Malignant,Malignant,Kürten2021_Head-and-Neck::GSM5017062_HN15_CD45n
Kürten2021_Head-and-Neck,Head-and-Neck,GSM5017062_HN15_CD45n,Macrophage,Macrophage,Kürten2021_Head-and-Neck::GSM5017062_HN15_CD45n
Kürten2021_Head-and-Neck,Head-and-Neck,GSM5017062_HN15_CD45n,Schwann,Schwann,Kürten2021_Head-and-Neck::GSM5017062_HN15_CD45n
Kürten2021_Head-and-Neck,Head-and-Neck,GSM5017062_HN15_CD45n,Dendritic,Dendritic,Kürten2021_Head-and-Neck::GSM5017062_HN15_CD45n
Kürten2021_Head-and-Neck,Head-and-Neck,GSM5017062_HN15_CD45n,Myocyte,Myocyte,Kürten2021_Head-and-Neck::GSM5017062_HN15_CD45n
Kürten2021_Head-and-Neck,Head-and-Neck,GSM5017062_HN15_CD45n,Epithelial,Epithelial,Kürten2021_Head-and-Neck::GSM5017062_HN15_CD45n
Kürten2021_Head-and-Neck,Head-and-Neck,GSM5017062_HN15_CD45n,B_cell,B cell,Kürten2021_Head-and-Neck::GSM5017062_HN15_CD45n
Kürten2021_Head-and-Neck,Head-and-Neck,GSM5017064_HN16_CD45p,T_cell,T cell,Kürten2021_Head-and-Neck::GSM5017064_HN16_CD45p
Kürten2021_Head-and-Neck,Head-and-Neck,GSM5017064_HN16_CD45p,B_cell,B cell,Kürten2021_Head-and-Neck::GSM5017064_HN16_CD45p
Kürten2021_Head-and-Neck,Head-and-Neck,GSM5017064_HN16_CD45p,Macrophage,Macrophage,Kürten2021_Head-and-Neck::GSM5017064_HN16_CD45p
Kürten2021_Head-and-Neck,Head-and-Neck,GSM5017064_HN16_CD45p,Mast,Mast,Kürten2021_Head-and-Neck::GSM5017064_HN16_CD45p
Kürten2021_Head-and-Neck,Head-and-Neck,GSM5017064_HN16_CD45p,Dendritic,Dendritic,Kürten2021_Head-and-Neck::GSM5017064_HN16_CD45p
Kürten2021_Head-and-Neck,Head-and-Neck,GSM5017064_HN16_CD45p,Plasma,Plasma,Kürten2021_Head-and-Neck::GSM5017064_HN16_CD45p
Kürten2021_Head-and-Neck,Head-and-Neck,GSM5017065_HN16_CD45n,Malignant,Malignant,Kürten2021_Head-and-Neck::GSM5017065_HN16_CD45n
Kürten2021_Head-and-Neck,Head-and-Neck,GSM5017065_HN16_CD45n,B_cell,B cell,Kürten2021_Head-and-Neck::GSM5017065_HN16_CD45n
Kürten2021_Head-and-Neck,Head-and-Neck,GSM5017065_HN16_CD45n,Lymphovascular,Lymphovascular,Kürten2021_Head-and-Neck::GSM5017065_HN16_CD45n
Kürten2021_Head-and-Neck,Head-and-Neck,GSM5017065_HN16_CD45n,Fibroblast,Fibroblast,Kürten2021_Head-and-Neck::GSM5017065_HN16_CD45n
Kürten2021_Head-and-Neck,Head-and-Neck,GSM5017065_HN16_CD45n,T_cell,T cell,Kürten2021_Head-and-Neck::GSM5017065_HN16_CD45n
Kürten2021_Head-and-Neck,Head-and-Neck,GSM5017065_HN16_CD45n,Endothelial,Endothelial,Kürten2021_Head-and-Neck::GSM5017065_HN16_CD45n
Kürten2021_Head-and-Neck,Head-and-Neck,GSM5017065_HN16_CD45n,Epithelial,Epithelial,Kürten2021_Head-and-Neck::GSM5017065_HN16_CD45n
Kürten2021_Head-and-Neck,Head-and-Neck,GSM5017065_HN16_CD45n,Schwann,Schwann,Kürten2021_Head-and-Neck::GSM5017065_HN16_CD45n
Kürten2021_Head-and-Neck,Head-and-Neck,GSM5017065_HN16_CD45n,Plasma,Plasma,Kürten2021_Head-and-Neck::GSM5017065_HN16_CD45n
Kürten2021_Head-and-Neck,Head-and-Neck,GSM5017065_HN16_CD45n,Macrophage,Macrophage,Kürten2021_Head-and-Neck::GSM5017065_HN16_CD45n
Kürten2021_Head-and-Neck,Head-and-Neck,GSM5017065_HN16_CD45n,Myocyte,Myocyte,Kürten2021_Head-and-Neck::GSM5017065_HN16_CD45n
Kürten2021_Head-and-Neck,Head-and-Neck,GSM5017065_HN16_CD45n,Mast,Mast,Kürten2021_Head-and-Neck::GSM5017065_HN16_CD45n
Kürten2021_Head-and-Neck,Head-and-Neck,GSM5017067_HN17_CD45p,B_cell,B cell,Kürten2021_Head-and-Neck::GSM5017067_HN17_CD45p
Kürten2021_Head-and-Neck,Head-and-Neck,GSM5017067_HN17_CD45p,T_cell,T cell,Kürten2021_Head-and-Neck::GSM5017067_HN17_CD45p
Kürten2021_Head-and-Neck,Head-and-Neck,GSM5017067_HN17_CD45p,Malignant,Malignant,Kürten2021_Head-and-Neck::GSM5017067_HN17_CD45p
Kürten2021_Head-and-Neck,Head-and-Neck,GSM5017067_HN17_CD45p,Fibroblast,Fibroblast,Kürten2021_Head-and-Neck::GSM5017067_HN17_CD45p
Kürten2021_Head-and-Neck,Head-and-Neck,GSM5017067_HN17_CD45p,Plasma,Plasma,Kürten2021_Head-and-Neck::GSM5017067_HN17_CD45p
Kürten2021_Head-and-Neck,Head-and-Neck,GSM5017067_HN17_CD45p,Epithelial,Epithelial,Kürten2021_Head-and-Neck::GSM5017067_HN17_CD45p
Kürten2021_Head-and-Neck,Head-and-Neck,GSM5017067_HN17_CD45p,Endothelial,Endothelial,Kürten2021_Head-and-Neck::GSM5017067_HN17_CD45p
Kürten2021_Head-and-Neck,Head-and-Neck,GSM5017067_HN17_CD45p,Dendritic,Dendritic,Kürten2021_Head-and-Neck::GSM5017067_HN17_CD45p
Kürten2021_Head-and-Neck,Head-and-Neck,GSM5017067_HN17_CD45p,Mast,Mast,Kürten2021_Head-and-Neck::GSM5017067_HN17_CD45p
Kürten2021_Head-and-Neck,Head-and-Neck,GSM5017067_HN17_CD45p,Macrophage,Macrophage,Kürten2021_Head-and-Neck::GSM5017067_HN17_CD45p
Kürten2021_Head-and-Neck,Head-and-Neck,GSM5017067_HN17_CD45p,Lymphovascular,Lymphovascular,Kürten2021_Head-and-Neck::GSM5017067_HN17_CD45p
Kürten2021_Head-and-Neck,Head-and-Neck,GSM5017068_HN17_CD45n,B_cell,B cell,Kürten2021_Head-and-Neck::GSM5017068_HN17_CD45n
Kürten2021_Head-and-Neck,Head-and-Neck,GSM5017068_HN17_CD45n,T_cell,T cell,Kürten2021_Head-and-Neck::GSM5017068_HN17_CD45n
Kürten2021_Head-and-Neck,Head-and-Neck,GSM5017068_HN17_CD45n,Malignant,Malignant,Kürten2021_Head-and-Neck::GSM5017068_HN17_CD45n
Kürten2021_Head-and-Neck,Head-and-Neck,GSM5017068_HN17_CD45n,Plasma,Plasma,Kürten2021_Head-and-Neck::GSM5017068_HN17_CD45n
Kürten2021_Head-and-Neck,Head-and-Neck,GSM5017068_HN17_CD45n,Fibroblast,Fibroblast,Kürten2021_Head-and-Neck::GSM5017068_HN17_CD45n
Kürten2021_Head-and-Neck,Head-and-Neck,GSM5017068_HN17_CD45n,Epithelial,Epithelial,Kürten2021_Head-and-Neck::GSM5017068_HN17_CD45n
Kürten2021_Head-and-Neck,Head-and-Neck,GSM5017068_HN17_CD45n,Endothelial,Endothelial,Kürten2021_Head-and-Neck::GSM5017068_HN17_CD45n
Kürten2021_Head-and-Neck,Head-and-Neck,GSM5017068_HN17_CD45n,Dendritic,Dendritic,Kürten2021_Head-and-Neck::GSM5017068_HN17_CD45n
Kürten2021_Head-and-Neck,Head-and-Neck,GSM5017068_HN17_CD45n,Mast,Mast,Kürten2021_Head-and-Neck::GSM5017068_HN17_CD45n
Kürten2021_Head-and-Neck,Head-and-Neck,GSM5017068_HN17_CD45n,Lymphovascular,Lymphovascular,Kürten2021_Head-and-Neck::GSM5017068_HN17_CD45n
Kürten2021_Head-and-Neck,Head-and-Neck,GSM5017068_HN17_CD45n,Macrophage,Macrophage,Kürten2021_Head-and-Neck::GSM5017068_HN17_CD45n
Kürten2021_Head-and-Neck,Head-and-Neck,GSM5017070_HN18_CD45p,T_cell,T cell,Kürten2021_Head-and-Neck::GSM5017070_HN18_CD45p
Kürten2021_Head-and-Neck,Head-and-Neck,GSM5017070_HN18_CD45p,B_cell,B cell,Kürten2021_Head-and-Neck::GSM5017070_HN18_CD45p
Kürten2021_Head-and-Neck,Head-and-Neck,GSM5017070_HN18_CD45p,Macrophage,Macrophage,Kürten2021_Head-and-Neck::GSM5017070_HN18_CD45p
Kürten2021_Head-and-Neck,Head-and-Neck,GSM5017070_HN18_CD45p,Dendritic,Dendritic,Kürten2021_Head-and-Neck::GSM5017070_HN18_CD45p
Kürten2021_Head-and-Neck,Head-and-Neck,GSM5017070_HN18_CD45p,Malignant,Malignant,Kürten2021_Head-and-Neck::GSM5017070_HN18_CD45p
Kürten2021_Head-and-Neck,Head-and-Neck,GSM5017070_HN18_CD45p,Plasma,Plasma,Kürten2021_Head-and-Neck::GSM5017070_HN18_CD45p
Kürten2021_Head-and-Neck,Head-and-Neck,GSM5017070_HN18_CD45p,Mast,Mast,Kürten2021_Head-and-Neck::GSM5017070_HN18_CD45p
Kürten2021_Head-and-Neck,Head-and-Neck,GSM5017070_HN18_CD45p,Fibroblast,Fibroblast,Kürten2021_Head-and-Neck::GSM5017070_HN18_CD45p
Kürten2021_Head-and-Neck,Head-and-Neck,GSM5017070_HN18_CD45p,Endothelial,Endothelial,Kürten2021_Head-and-Neck::GSM5017070_HN18_CD45p
Kürten2021_Head-and-Neck,Head-and-Neck,GSM5017071_HN18_CD45n,Malignant,Malignant,Kürten2021_Head-and-Neck::GSM5017071_HN18_CD45n
Kürten2021_Head-and-Neck,Head-and-Neck,GSM5017071_HN18_CD45n,Lymphovascular,Lymphovascular,Kürten2021_Head-and-Neck::GSM5017071_HN18_CD45n
Kürten2021_Head-and-Neck,Head-and-Neck,GSM5017071_HN18_CD45n,Endothelial,Endothelial,Kürten2021_Head-and-Neck::GSM5017071_HN18_CD45n
Kürten2021_Head-and-Neck,Head-and-Neck,GSM5017071_HN18_CD45n,T_cell,T cell,Kürten2021_Head-and-Neck::GSM5017071_HN18_CD45n
Kürten2021_Head-and-Neck,Head-and-Neck,GSM5017071_HN18_CD45n,B_cell,B cell,Kürten2021_Head-and-Neck::GSM5017071_HN18_CD45n
Kürten2021_Head-and-Neck,Head-and-Neck,GSM5017071_HN18_CD45n,Macrophage,Macrophage,Kürten2021_Head-and-Neck::GSM5017071_HN18_CD45n
Kürten2021_Head-and-Neck,Head-and-Neck,GSM5017071_HN18_CD45n,Plasma,Plasma,Kürten2021_Head-and-Neck::GSM5017071_HN18_CD45n
Kürten2021_Head-and-Neck,Head-and-Neck,GSM5017071_HN18_CD45n,Mast,Mast,Kürten2021_Head-and-Neck::GSM5017071_HN18_CD45n
Kürten2021_Head-and-Neck,Head-and-Neck,GSM5017071_HN18_CD45n,Dendritic,Dendritic,Kürten2021_Head-and-Neck::GSM5017071_HN18_CD45n
Kürten2021_Head-and-Neck,Head-and-Neck,GSM5017071_HN18_CD45n,Fibroblast,Fibroblast,Kürten2021_Head-and-Neck::GSM5017071_HN18_CD45n
Puram2017_Head-and-Neck,Head-and-Neck,28,Fibroblast,Fibroblast,Puram2017_Head-and-Neck::28
Puram2017_Head-and-Neck,Head-and-Neck,26,Malignant,Malignant,Puram2017_Head-and-Neck::26
Puram2017_Head-and-Neck,Head-and-Neck,26,Fibroblast,Fibroblast,Puram2017_Head-and-Neck::26
Puram2017_Head-and-Neck,Head-and-Neck,25,Malignant,Malignant,Puram2017_Head-and-Neck::25
Puram2017_Head-and-Neck,Head-and-Neck,25,Fibroblast,Fibroblast,Puram2017_Head-and-Neck::25
Puram2017_Head-and-Neck,Head-and-Neck,25,B_cell,B cell,Puram2017_Head-and-Neck::25
Puram2017_Head-and-Neck,Head-and-Neck,25,Myocyte,Myocyte,Puram2017_Head-and-Neck::25
Puram2017_Head-and-Neck,Head-and-Neck,26,Macrophage,Macrophage,Puram2017_Head-and-Neck::26
Puram2017_Head-and-Neck,Head-and-Neck,28,Malignant,Malignant,Puram2017_Head-and-Neck::28
Puram2017_Head-and-Neck,Head-and-Neck,28,Endothelial,Endothelial,Puram2017_Head-and-Neck::28
Puram2017_Head-and-Neck,Head-and-Neck,25,T_cell,T cell,Puram2017_Head-and-Neck::25
Puram2017_Head-and-Neck,Head-and-Neck,28,B_cell,B cell,Puram2017_Head-and-Neck::28
Puram2017_Head-and-Neck,Head-and-Neck,25,Dendritic,Dendritic,Puram2017_Head-and-Neck::25
Puram2017_Head-and-Neck,Head-and-Neck,26,B_cell,B cell,Puram2017_Head-and-Neck::26
Puram2017_Head-and-Neck,Head-and-Neck,26,Dendritic,Dendritic,Puram2017_Head-and-Neck::26
Puram2017_Head-and-Neck,Head-and-Neck,25,Mast,Mast,Puram2017_Head-and-Neck::25
Puram2017_Head-and-Neck,Head-and-Neck,28,T_cell,T cell,Puram2017_Head-and-Neck::28
Puram2017_Head-and-Neck,Head-and-Neck,25,Macrophage,Macrophage,Puram2017_Head-and-Neck::25
Puram2017_Head-and-Neck,Head-and-Neck,26,T_cell,T cell,Puram2017_Head-and-Neck::26
Puram2017_Head-and-Neck,Head-and-Neck,26,Mast,Mast,Puram2017_Head-and-Neck::26
Puram2017_Head-and-Neck,Head-and-Neck,23,T_cell,T cell,Puram2017_Head-and-Neck::23
Puram2017_Head-and-Neck,Head-and-Neck,28,Myocyte,Myocyte,Puram2017_Head-and-Neck::28
Puram2017_Head-and-Neck,Head-and-Neck,28,Macrophage,Macrophage,Puram2017_Head-and-Neck::28
Puram2017_Head-and-Neck,Head-and-Neck,28,Mast,Mast,Puram2017_Head-and-Neck::28
Puram2017_Head-and-Neck,Head-and-Neck,24,Macrophage,Macrophage,Puram2017_Head-and-Neck::24
Puram2017_Head-and-Neck,Head-and-Neck,24,Fibroblast,Fibroblast,Puram2017_Head-and-Neck::24
Puram2017_Head-and-Neck,Head-and-Neck,24,Mast,Mast,Puram2017_Head-and-Neck::24
Puram2017_Head-and-Neck,Head-and-Neck,24,Malignant,Malignant,Puram2017_Head-and-Neck::24
Puram2017_Head-and-Neck,Head-and-Neck,24,T_cell,T cell,Puram2017_Head-and-Neck::24
Puram2017_Head-and-Neck,Head-and-Neck,25,Endothelial,Endothelial,Puram2017_Head-and-Neck::25
Puram2017_Head-and-Neck,Head-and-Neck,24,Endothelial,Endothelial,Puram2017_Head-and-Neck::24
Puram2017_Head-and-Neck,Head-and-Neck,22,Fibroblast,Fibroblast,Puram2017_Head-and-Neck::22
Puram2017_Head-and-Neck,Head-and-Neck,18,Malignant,Malignant,Puram2017_Head-and-Neck::18
Puram2017_Head-and-Neck,Head-and-Neck,18,Mast,Mast,Puram2017_Head-and-Neck::18
Puram2017_Head-and-Neck,Head-and-Neck,22,Malignant,Malignant,Puram2017_Head-and-Neck::22
Puram2017_Head-and-Neck,Head-and-Neck,18,Fibroblast,Fibroblast,Puram2017_Head-and-Neck::18
Puram2017_Head-and-Neck,Head-and-Neck,22,Mast,Mast,Puram2017_Head-and-Neck::22
Puram2017_Head-and-Neck,Head-and-Neck,22,Dendritic,Dendritic,Puram2017_Head-and-Neck::22
Puram2017_Head-and-Neck,Head-and-Neck,22,Endothelial,Endothelial,Puram2017_Head-and-Neck::22
Puram2017_Head-and-Neck,Head-and-Neck,20,Malignant,Malignant,Puram2017_Head-and-Neck::20
Puram2017_Head-and-Neck,Head-and-Neck,20,Fibroblast,Fibroblast,Puram2017_Head-and-Neck::20
Puram2017_Head-and-Neck,Head-and-Neck,20,Endothelial,Endothelial,Puram2017_Head-and-Neck::20
Puram2017_Head-and-Neck,Head-and-Neck,17,Fibroblast,Fibroblast,Puram2017_Head-and-Neck::17
Puram2017_Head-and-Neck,Head-and-Neck,18,T_cell,T cell,Puram2017_Head-and-Neck::18
Puram2017_Head-and-Neck,Head-and-Neck,17,T_cell,T cell,Puram2017_Head-and-Neck::17
Puram2017_Head-and-Neck,Head-and-Neck,16,Endothelial,Endothelial,Puram2017_Head-and-Neck::16
Puram2017_Head-and-Neck,Head-and-Neck,17,Malignant,Malignant,Puram2017_Head-and-Neck::17
Puram2017_Head-and-Neck,Head-and-Neck,17,Macrophage,Macrophage,Puram2017_Head-and-Neck::17
Puram2017_Head-and-Neck,Head-and-Neck,16,T_cell,T cell,Puram2017_Head-and-Neck::16
Puram2017_Head-and-Neck,Head-and-Neck,16,Fibroblast,Fibroblast,Puram2017_Head-and-Neck::16
Puram2017_Head-and-Neck,Head-and-Neck,18,Endothelial,Endothelial,Puram2017_Head-and-Neck::18
Puram2017_Head-and-Neck,Head-and-Neck,17,Endothelial,Endothelial,Puram2017_Head-and-Neck::17
Puram2017_Head-and-Neck,Head-and-Neck,17,Mast,Mast,Puram2017_Head-and-Neck::17
Puram2017_Head-and-Neck,Head-and-Neck,18,B_cell,B cell,Puram2017_Head-and-Neck::18
Puram2017_Head-and-Neck,Head-and-Neck,16,Malignant,Malignant,Puram2017_Head-and-Neck::16
Puram2017_Head-and-Neck,Head-and-Neck,17,B_cell,B cell,Puram2017_Head-and-Neck::17
Puram2017_Head-and-Neck,Head-and-Neck,16,Mast,Mast,Puram2017_Head-and-Neck::16
Puram2017_Head-and-Neck,Head-and-Neck,16,Macrophage,Macrophage,Puram2017_Head-and-Neck::16
Puram2017_Head-and-Neck,Head-and-Neck,18,Macrophage,Macrophage,Puram2017_Head-and-Neck::18
Puram2017_Head-and-Neck,Head-and-Neck,18,Myocyte,Myocyte,Puram2017_Head-and-Neck::18
Puram2017_Head-and-Neck,Head-and-Neck,16,Dendritic,Dendritic,Puram2017_Head-and-Neck::16
Puram2017_Head-and-Neck,Head-and-Neck,16,Myocyte,Myocyte,Puram2017_Head-and-Neck::16
Puram2017_Head-and-Neck,Head-and-Neck,10,T_cell,T cell,Puram2017_Head-and-Neck::10
Puram2017_Head-and-Neck,Head-and-Neck,9,T_cell,T cell,Puram2017_Head-and-Neck::9
Puram2017_Head-and-Neck,Head-and-Neck,10,Fibroblast,Fibroblast,Puram2017_Head-and-Neck::10
Puram2017_Head-and-Neck,Head-and-Neck,9,Mast,Mast,Puram2017_Head-and-Neck::9
Puram2017_Head-and-Neck,Head-and-Neck,12,Malignant,Malignant,Puram2017_Head-and-Neck::12
Puram2017_Head-and-Neck,Head-and-Neck,10,B_cell,B cell,Puram2017_Head-and-Neck::10
Puram2017_Head-and-Neck,Head-and-Neck,10,Mast,Mast,Puram2017_Head-and-Neck::10
Puram2017_Head-and-Neck,Head-and-Neck,10,Malignant,Malignant,Puram2017_Head-and-Neck::10
Puram2017_Head-and-Neck,Head-and-Neck,9,Macrophage,Macrophage,Puram2017_Head-and-Neck::9
Puram2017_Head-and-Neck,Head-and-Neck,12,Fibroblast,Fibroblast,Puram2017_Head-and-Neck::12
Puram2017_Head-and-Neck,Head-and-Neck,9,Malignant,Malignant,Puram2017_Head-and-Neck::9
Puram2017_Head-and-Neck,Head-and-Neck,12,T_cell,T cell,Puram2017_Head-and-Neck::12
Puram2017_Head-and-Neck,Head-and-Neck,13,Fibroblast,Fibroblast,Puram2017_Head-and-Neck::13
Puram2017_Head-and-Neck,Head-and-Neck,13,T_cell,T cell,Puram2017_Head-and-Neck::13
Puram2017_Head-and-Neck,Head-and-Neck,13,Macrophage,Macrophage,Puram2017_Head-and-Neck::13
Puram2017_Head-and-Neck,Head-and-Neck,10,Endothelial,Endothelial,Puram2017_Head-and-Neck::10
Puram2017_Head-and-Neck,Head-and-Neck,6,Fibroblast,Fibroblast,Puram2017_Head-and-Neck::6
Puram2017_Head-and-Neck,Head-and-Neck,6,Endothelial,Endothelial,Puram2017_Head-and-Neck::6
Puram2017_Head-and-Neck,Head-and-Neck,6,Malignant,Malignant,Puram2017_Head-and-Neck::6
Puram2017_Head-and-Neck,Head-and-Neck,6,Mast,Mast,Puram2017_Head-and-Neck::6
Puram2017_Head-and-Neck,Head-and-Neck,6,Macrophage,Macrophage,Puram2017_Head-and-Neck::6
Puram2017_Head-and-Neck,Head-and-Neck,13,Malignant,Malignant,Puram2017_Head-and-Neck::13
Puram2017_Head-and-Neck,Head-and-Neck,13,Mast,Mast,Puram2017_Head-and-Neck::13
Puram2017_Head-and-Neck,Head-and-Neck,13,B_cell,B cell,Puram2017_Head-and-Neck::13
Puram2017_Head-and-Neck,Head-and-Neck,13,Dendritic,Dendritic,Puram2017_Head-and-Neck::13
Puram2017_Head-and-Neck,Head-and-Neck,13,Endothelial,Endothelial,Puram2017_Head-and-Neck::13
Puram2017_Head-and-Neck,Head-and-Neck,5,Macrophage,Macrophage,Puram2017_Head-and-Neck::5
Puram2017_Head-and-Neck,Head-and-Neck,5,Fibroblast,Fibroblast,Puram2017_Head-and-Neck::5
Puram2017_Head-and-Neck,Head-and-Neck,5,Malignant,Malignant,Puram2017_Head-and-Neck::5
Puram2017_Head-and-Neck,Head-and-Neck,5,Endothelial,Endothelial,Puram2017_Head-and-Neck::5
Puram2017_Head-and-Neck,Head-and-Neck,5,Mast,Mast,Puram2017_Head-and-Neck::5
Puram2017_Head-and-Neck,Head-and-Neck,5,T_cell,T cell,Puram2017_Head-and-Neck::5
Puram2017_Head-and-Neck,Head-and-Neck,7,Malignant,Malignant,Puram2017_Head-and-Neck::7
Puram2017_Head-and-Neck,Head-and-Neck,7,Fibroblast,Fibroblast,Puram2017_Head-and-Neck::7
Puram2017_Head-and-Neck,Head-and-Neck,5,B_cell,B cell,Puram2017_Head-and-Neck::5
Puram2017_Head-and-Neck,Head-and-Neck,8,Fibroblast,Fibroblast,Puram2017_Head-and-Neck::8
Puram2017_Head-and-Neck,Head-and-Neck,8,Endothelial,Endothelial,Puram2017_Head-and-Neck::8
Puram2017_Head-and-Neck,Head-and-Neck,8,Malignant,Malignant,Puram2017_Head-and-Neck::8
Puram2017_Head-and-Neck,Head-and-Neck,8,Macrophage,Macrophage,Puram2017_Head-and-Neck::8
Puram2017_Head-and-Neck,Head-and-Neck,8,T_cell,T cell,Puram2017_Head-and-Neck::8
Puram2017_Head-and-Neck,Head-and-Neck,8,B_cell,B cell,Puram2017_Head-and-Neck::8
Puram2017_Head-and-Neck,Head-and-Neck,8,Mast,Mast,Puram2017_Head-and-Neck::8
Puram2017_Head-and-Neck,Head-and-Neck,6,B_cell,B cell,Puram2017_Head-and-Neck::6
Caron2020_Hematologic,Hematologic,ETV6.RUNX1.1,Malignant,Malignant,Caron2020_Hematologic::ETV6.RUNX1.1
Caron2020_Hematologic,Hematologic,ETV6.RUNX1.1,Erythrocyte,Erythrocyte,Caron2020_Hematologic::ETV6.RUNX1.1
Caron2020_Hematologic,Hematologic,ETV6.RUNX1.1,T_cell,T cell,Caron2020_Hematologic::ETV6.RUNX1.1
Caron2020_Hematologic,Hematologic,ETV6.RUNX1.1,NK_cell,NK cell,Caron2020_Hematologic::ETV6.RUNX1.1
Caron2020_Hematologic,Hematologic,ETV6.RUNX1.1,B_cell,B cell,Caron2020_Hematologic::ETV6.RUNX1.1
Caron2020_Hematologic,Hematologic,ETV6.RUNX1.2,Malignant,Malignant,Caron2020_Hematologic::ETV6.RUNX1.2
Caron2020_Hematologic,Hematologic,ETV6.RUNX1.2,Erythrocyte,Erythrocyte,Caron2020_Hematologic::ETV6.RUNX1.2
Caron2020_Hematologic,Hematologic,ETV6.RUNX1.2,B_cell,B cell,Caron2020_Hematologic::ETV6.RUNX1.2
Caron2020_Hematologic,Hematologic,ETV6.RUNX1.2,T_cell,T cell,Caron2020_Hematologic::ETV6.RUNX1.2
Caron2020_Hematologic,Hematologic,ETV6.RUNX1.2,NK_cell,NK cell,Caron2020_Hematologic::ETV6.RUNX1.2
Caron2020_Hematologic,Hematologic,ETV6.RUNX1.2,Plasma,Plasma,Caron2020_Hematologic::ETV6.RUNX1.2
Caron2020_Hematologic,Hematologic,ETV6.RUNX1.2,Macrophage,Macrophage,Caron2020_Hematologic::ETV6.RUNX1.2
Caron2020_Hematologic,Hematologic,ETV6.RUNX1.2,Monocyte,Monocyte,Caron2020_Hematologic::ETV6.RUNX1.2
Caron2020_Hematologic,Hematologic,ETV6.RUNX1.3,Erythrocyte,Erythrocyte,Caron2020_Hematologic::ETV6.RUNX1.3
Caron2020_Hematologic,Hematologic,ETV6.RUNX1.3,Malignant,Malignant,Caron2020_Hematologic::ETV6.RUNX1.3
Caron2020_Hematologic,Hematologic,ETV6.RUNX1.3,T_cell,T cell,Caron2020_Hematologic::ETV6.RUNX1.3
Caron2020_Hematologic,Hematologic,ETV6.RUNX1.3,Plasma,Plasma,Caron2020_Hematologic::ETV6.RUNX1.3
Caron2020_Hematologic,Hematologic,ETV6.RUNX1.3,NK_cell,NK cell,Caron2020_Hematologic::ETV6.RUNX1.3
Caron2020_Hematologic,Hematologic,ETV6.RUNX1.3,B_cell,B cell,Caron2020_Hematologic::ETV6.RUNX1.3
Caron2020_Hematologic,Hematologic,ETV6.RUNX1.3,Monocyte,Monocyte,Caron2020_Hematologic::ETV6.RUNX1.3
Caron2020_Hematologic,Hematologic,ETV6.RUNX1.4,Malignant,Malignant,Caron2020_Hematologic::ETV6.RUNX1.4
Caron2020_Hematologic,Hematologic,ETV6.RUNX1.4,Erythrocyte,Erythrocyte,Caron2020_Hematologic::ETV6.RUNX1.4
Caron2020_Hematologic,Hematologic,ETV6.RUNX1.4,T_cell,T cell,Caron2020_Hematologic::ETV6.RUNX1.4
Caron2020_Hematologic,Hematologic,ETV6.RUNX1.4,Monocyte,Monocyte,Caron2020_Hematologic::ETV6.RUNX1.4
Caron2020_Hematologic,Hematologic,ETV6.RUNX1.4,NK_cell,NK cell,Caron2020_Hematologic::ETV6.RUNX1.4
Caron2020_Hematologic,Hematologic,ETV6.RUNX1.4,Macrophage,Macrophage,Caron2020_Hematologic::ETV6.RUNX1.4
Caron2020_Hematologic,Hematologic,ETV6.RUNX1.4,B_cell,B cell,Caron2020_Hematologic::ETV6.RUNX1.4
Caron2020_Hematologic,Hematologic,ETV6.RUNX1.4,Plasma,Plasma,Caron2020_Hematologic::ETV6.RUNX1.4
Caron2020_Hematologic,Hematologic,HHD.1,Malignant,Malignant,Caron2020_Hematologic::HHD.1
Caron2020_Hematologic,Hematologic,HHD.1,T_cell,T cell,Caron2020_Hematologic::HHD.1
Caron2020_Hematologic,Hematologic,HHD.1,NK_cell,NK cell,Caron2020_Hematologic::HHD.1
Caron2020_Hematologic,Hematologic,HHD.1,Monocyte,Monocyte,Caron2020_Hematologic::HHD.1
Caron2020_Hematologic,Hematologic,HHD.1,B_cell,B cell,Caron2020_Hematologic::HHD.1
Caron2020_Hematologic,Hematologic,HHD.1,Macrophage,Macrophage,Caron2020_Hematologic::HHD.1
Caron2020_Hematologic,Hematologic,HHD.1,Plasma,Plasma,Caron2020_Hematologic::HHD.1
Caron2020_Hematologic,Hematologic,HHD.2,Malignant,Malignant,Caron2020_Hematologic::HHD.2
Caron2020_Hematologic,Hematologic,HHD.2,NK_cell,NK cell,Caron2020_Hematologic::HHD.2
Caron2020_Hematologic,Hematologic,HHD.2,T_cell,T cell,Caron2020_Hematologic::HHD.2
Caron2020_Hematologic,Hematologic,HHD.2,Erythrocyte,Erythrocyte,Caron2020_Hematologic::HHD.2
Caron2020_Hematologic,Hematologic,HHD.2,Plasma,Plasma,Caron2020_Hematologic::HHD.2
Caron2020_Hematologic,Hematologic,HHD.2,B_cell,B cell,Caron2020_Hematologic::HHD.2
Caron2020_Hematologic,Hematologic,HHD.2,Monocyte,Monocyte,Caron2020_Hematologic::HHD.2
Caron2020_Hematologic,Hematologic,PBMMC.2,Erythrocyte,Erythrocyte,Caron2020_Hematologic::PBMMC.2
Caron2020_Hematologic,Hematologic,PBMMC.2,T_cell,T cell,Caron2020_Hematologic::PBMMC.2
Caron2020_Hematologic,Hematologic,PBMMC.2,Neutrophil,Neutrophil,Caron2020_Hematologic::PBMMC.2
Caron2020_Hematologic,Hematologic,PBMMC.2,B_cell,B cell,Caron2020_Hematologic::PBMMC.2
Caron2020_Hematologic,Hematologic,PBMMC.2,Macrophage,Macrophage,Caron2020_Hematologic::PBMMC.2
Caron2020_Hematologic,Hematologic,PBMMC.2,Plasma,Plasma,Caron2020_Hematologic::PBMMC.2
Caron2020_Hematologic,Hematologic,PBMMC.2,NK_cell,NK cell,Caron2020_Hematologic::PBMMC.2
Caron2020_Hematologic,Hematologic,PBMMC.2,Monocyte,Monocyte,Caron2020_Hematologic::PBMMC.2
Caron2020_Hematologic,Hematologic,PBMMC.3,Macrophage,Macrophage,Caron2020_Hematologic::PBMMC.3
Caron2020_Hematologic,Hematologic,PBMMC.3,Neutrophil,Neutrophil,Caron2020_Hematologic::PBMMC.3
Caron2020_Hematologic,Hematologic,PBMMC.3,Erythrocyte,Erythrocyte,Caron2020_Hematologic::PBMMC.3
Caron2020_Hematologic,Hematologic,PBMMC.3,B_cell,B cell,Caron2020_Hematologic::PBMMC.3
Caron2020_Hematologic,Hematologic,PBMMC.3,T_cell,T cell,Caron2020_Hematologic::PBMMC.3
Caron2020_Hematologic,Hematologic,PBMMC.3,Plasma,Plasma,Caron2020_Hematologic::PBMMC.3
Caron2020_Hematologic,Hematologic,PBMMC.3,NK_cell,NK cell,Caron2020_Hematologic::PBMMC.3
Caron2020_Hematologic,Hematologic,PBMMC.3,Monocyte,Monocyte,Caron2020_Hematologic::PBMMC.3
Caron2020_Hematologic,Hematologic,PRE-T.1,Malignant,Malignant,Caron2020_Hematologic::PRE-T.1
Caron2020_Hematologic,Hematologic,PRE-T.1,Macrophage,Macrophage,Caron2020_Hematologic::PRE-T.1
Caron2020_Hematologic,Hematologic,PRE-T.1,NK_cell,NK cell,Caron2020_Hematologic::PRE-T.1
Caron2020_Hematologic,Hematologic,PRE-T.1,T_cell,T cell,Caron2020_Hematologic::PRE-T.1
Caron2020_Hematologic,Hematologic,PRE-T.1,B_cell,B cell,Caron2020_Hematologic::PRE-T.1
Caron2020_Hematologic,Hematologic,PRE-T.1,Monocyte,Monocyte,Caron2020_Hematologic::PRE-T.1
Caron2020_Hematologic,Hematologic,PRE-T.1,Erythrocyte,Erythrocyte,Caron2020_Hematologic::PRE-T.1
Caron2020_Hematologic,Hematologic,PRE-T.2,Malignant,Malignant,Caron2020_Hematologic::PRE-T.2
Caron2020_Hematologic,Hematologic,PRE-T.2,Macrophage,Macrophage,Caron2020_Hematologic::PRE-T.2
Caron2020_Hematologic,Hematologic,PRE-T.2,Neutrophil,Neutrophil,Caron2020_Hematologic::PRE-T.2
Caron2020_Hematologic,Hematologic,PRE-T.2,T_cell,T cell,Caron2020_Hematologic::PRE-T.2
Caron2020_Hematologic,Hematologic,PRE-T.2,B_cell,B cell,Caron2020_Hematologic::PRE-T.2
Caron2020_Hematologic,Hematologic,PRE-T.2,NK_cell,NK cell,Caron2020_Hematologic::PRE-T.2
Caron2020_Hematologic,Hematologic,PRE-T.2,Erythrocyte,Erythrocyte,Caron2020_Hematologic::PRE-T.2
Caron2020_Hematologic,Hematologic,PRE-T.2,Plasma,Plasma,Caron2020_Hematologic::PRE-T.2
Caron2020_Hematologic,Hematologic,PRE-T.2,Monocyte,Monocyte,Caron2020_Hematologic::PRE-T.2
Cohen2021_Hematologic,Hematologic,Kydar01_Post,Malignant,Malignant,Cohen2021_Hematologic::Kydar01_Post
Cohen2021_Hematologic,Hematologic,Kydar02,Malignant,Malignant,Cohen2021_Hematologic::Kydar02
Cohen2021_Hematologic,Hematologic,Kydar02_Post,Malignant,Malignant,Cohen2021_Hematologic::Kydar02_Post
Cohen2021_Hematologic,Hematologic,Kydar02_Post2,Malignant,Malignant,Cohen2021_Hematologic::Kydar02_Post2
Cohen2021_Hematologic,Hematologic,Kydar04,Malignant,Malignant,Cohen2021_Hematologic::Kydar04
Cohen2021_Hematologic,Hematologic,Kydar04_Post,Malignant,Malignant,Cohen2021_Hematologic::Kydar04_Post
Cohen2021_Hematologic,Hematologic,Kydar05_Post,Malignant,Malignant,Cohen2021_Hematologic::Kydar05_Post
Cohen2021_Hematologic,Hematologic,Kydar06,Malignant,Malignant,Cohen2021_Hematologic::Kydar06
Cohen2021_Hematologic,Hematologic,Kydar07,Malignant,Malignant,Cohen2021_Hematologic::Kydar07
Cohen2021_Hematologic,Hematologic,Kydar07_Post,Malignant,Malignant,Cohen2021_Hematologic::Kydar07_Post
Cohen2021_Hematologic,Hematologic,Kydar07_Post2,Malignant,Malignant,Cohen2021_Hematologic::Kydar07_Post2
Cohen2021_Hematologic,Hematologic,Kydar08,Malignant,Malignant,Cohen2021_Hematologic::Kydar08
Cohen2021_Hematologic,Hematologic,Kydar08_Post,Malignant,Malignant,Cohen2021_Hematologic::Kydar08_Post
Cohen2021_Hematologic,Hematologic,Kydar09_Post,Malignant,Malignant,Cohen2021_Hematologic::Kydar09_Post
Cohen2021_Hematologic,Hematologic,Kydar10,Malignant,Malignant,Cohen2021_Hematologic::Kydar10
Cohen2021_Hematologic,Hematologic,Kydar10_Post,Malignant,Malignant,Cohen2021_Hematologic::Kydar10_Post
Cohen2021_Hematologic,Hematologic,Kydar10_Post2,Malignant,Malignant,Cohen2021_Hematologic::Kydar10_Post2
Cohen2021_Hematologic,Hematologic,Kydar11,Malignant,Malignant,Cohen2021_Hematologic::Kydar11
Cohen2021_Hematologic,Hematologic,Kydar11_Post,Malignant,Malignant,Cohen2021_Hematologic::Kydar11_Post
Cohen2021_Hematologic,Hematologic,Kydar11_Post2,Malignant,Malignant,Cohen2021_Hematologic::Kydar11_Post2
Cohen2021_Hematologic,Hematologic,Kydar12,Malignant,Malignant,Cohen2021_Hematologic::Kydar12
Cohen2021_Hematologic,Hematologic,Kydar12_Post,Malignant,Malignant,Cohen2021_Hematologic::Kydar12_Post
Cohen2021_Hematologic,Hematologic,Kydar12_Post2,Malignant,Malignant,Cohen2021_Hematologic::Kydar12_Post2
Cohen2021_Hematologic,Hematologic,Kydar13,Malignant,Malignant,Cohen2021_Hematologic::Kydar13
Cohen2021_Hematologic,Hematologic,Kydar14,Malignant,Malignant,Cohen2021_Hematologic::Kydar14
Cohen2021_Hematologic,Hematologic,Kydar15,Malignant,Malignant,Cohen2021_Hematologic::Kydar15
Cohen2021_Hematologic,Hematologic,Kydar15_Post2,Malignant,Malignant,Cohen2021_Hematologic::Kydar15_Post2
Cohen2021_Hematologic,Hematologic,Kydar16,Malignant,Malignant,Cohen2021_Hematologic::Kydar16
Cohen2021_Hematologic,Hematologic,Kydar17,Malignant,Malignant,Cohen2021_Hematologic::Kydar17
Cohen2021_Hematologic,Hematologic,Kydar18,Malignant,Malignant,Cohen2021_Hematologic::Kydar18
Cohen2021_Hematologic,Hematologic,Kydar19,Malignant,Malignant,Cohen2021_Hematologic::Kydar19
Cohen2021_Hematologic,Hematologic,Kydar19_Post,Malignant,Malignant,Cohen2021_Hematologic::Kydar19_Post
Cohen2021_Hematologic,Hematologic,Kydar19_Post2,Malignant,Malignant,Cohen2021_Hematologic::Kydar19_Post2
Cohen2021_Hematologic,Hematologic,Kydar20,Malignant,Malignant,Cohen2021_Hematologic::Kydar20
Cohen2021_Hematologic,Hematologic,Kydar20_Post2,Malignant,Malignant,Cohen2021_Hematologic::Kydar20_Post2
Cohen2021_Hematologic,Hematologic,Kydar21,Malignant,Malignant,Cohen2021_Hematologic::Kydar21
Cohen2021_Hematologic,Hematologic,Kydar21_Post2,Malignant,Malignant,Cohen2021_Hematologic::Kydar21_Post2
Cohen2021_Hematologic,Hematologic,Kydar21_Post,Malignant,Malignant,Cohen2021_Hematologic::Kydar21_Post
Cohen2021_Hematologic,Hematologic,Kydar22,Malignant,Malignant,Cohen2021_Hematologic::Kydar22
Cohen2021_Hematologic,Hematologic,Kydar23,Malignant,Malignant,Cohen2021_Hematologic::Kydar23
Cohen2021_Hematologic,Hematologic,Kydar23_Post,Malignant,Malignant,Cohen2021_Hematologic::Kydar23_Post
Cohen2021_Hematologic,Hematologic,Kydar23_Post2,Malignant,Malignant,Cohen2021_Hematologic::Kydar23_Post2
Cohen2021_Hematologic,Hematologic,Kydar24,Malignant,Malignant,Cohen2021_Hematologic::Kydar24
Cohen2021_Hematologic,Hematologic,Kydar24_Post,Malignant,Malignant,Cohen2021_Hematologic::Kydar24_Post
Cohen2021_Hematologic,Hematologic,Kydar25,Malignant,Malignant,Cohen2021_Hematologic::Kydar25
Cohen2021_Hematologic,Hematologic,Kydar25_Post,Malignant,Malignant,Cohen2021_Hematologic::Kydar25_Post
Cohen2021_Hematologic,Hematologic,Kydar26,Malignant,Malignant,Cohen2021_Hematologic::Kydar26
Cohen2021_Hematologic,Hematologic,Kydar27,Malignant,Malignant,Cohen2021_Hematologic::Kydar27
Cohen2021_Hematologic,Hematologic,Kydar27_Post,Malignant,Malignant,Cohen2021_Hematologic::Kydar27_Post
Cohen2021_Hematologic,Hematologic,Kydar28_Post,Malignant,Malignant,Cohen2021_Hematologic::Kydar28_Post
Cohen2021_Hematologic,Hematologic,Kydar29_Post,Malignant,Malignant,Cohen2021_Hematologic::Kydar29_Post
Cohen2021_Hematologic,Hematologic,Kydar30,Malignant,Malignant,Cohen2021_Hematologic::Kydar30
Cohen2021_Hematologic,Hematologic,Kydar30_Post,Malignant,Malignant,Cohen2021_Hematologic::Kydar30_Post
Cohen2021_Hematologic,Hematologic,Kydar31,Malignant,Malignant,Cohen2021_Hematologic::Kydar31
Cohen2021_Hematologic,Hematologic,Kydar31_Post,Malignant,Malignant,Cohen2021_Hematologic::Kydar31_Post
Cohen2021_Hematologic,Hematologic,Kydar32,Malignant,Malignant,Cohen2021_Hematologic::Kydar32
Cohen2021_Hematologic,Hematologic,Kydar33,Malignant,Malignant,Cohen2021_Hematologic::Kydar33
Cohen2021_Hematologic,Hematologic,Kydar34,Malignant,Malignant,Cohen2021_Hematologic::Kydar34
Cohen2021_Hematologic,Hematologic,Kydar34_Post,Malignant,Malignant,Cohen2021_Hematologic::Kydar34_Post
Cohen2021_Hematologic,Hematologic,Kydar35,Malignant,Malignant,Cohen2021_Hematologic::Kydar35
Cohen2021_Hematologic,Hematologic,Kydar36,Malignant,Malignant,Cohen2021_Hematologic::Kydar36
Cohen2021_Hematologic,Hematologic,Kydar36_Post,Malignant,Malignant,Cohen2021_Hematologic::Kydar36_Post
Cohen2021_Hematologic,Hematologic,Kydar37_Post,Malignant,Malignant,Cohen2021_Hematologic::Kydar37_Post
Cohen2021_Hematologic,Hematologic,Kydar38,Malignant,Malignant,Cohen2021_Hematologic::Kydar38
Cohen2021_Hematologic,Hematologic,Kydar38_Post,Malignant,Malignant,Cohen2021_Hematologic::Kydar38_Post
Cohen2021_Hematologic,Hematologic,Kydar39,Malignant,Malignant,Cohen2021_Hematologic::Kydar39
Cohen2021_Hematologic,Hematologic,Kydar39_Post,Malignant,Malignant,Cohen2021_Hematologic::Kydar39_Post
Cohen2021_Hematologic,Hematologic,Kydar40,Malignant,Malignant,Cohen2021_Hematologic::Kydar40
Cohen2021_Hematologic,Hematologic,Kydar40_Post,Malignant,Malignant,Cohen2021_Hematologic::Kydar40_Post
Cohen2021_Hematologic,Hematologic,Kydar41,Malignant,Malignant,Cohen2021_Hematologic::Kydar41
Cohen2021_Hematologic,Hematologic,KydarNDMM01,Malignant,Malignant,Cohen2021_Hematologic::KydarNDMM01
Cohen2021_Hematologic,Hematologic,KydarNDMM02,Malignant,Malignant,Cohen2021_Hematologic::KydarNDMM02
Cohen2021_Hematologic,Hematologic,KydarNDMM03,Malignant,Malignant,Cohen2021_Hematologic::KydarNDMM03
Galen2019_Hematologic,Hematologic,AML1012-D0,Myeloid,Myeloid,Galen2019_Hematologic::AML1012-D0
Galen2019_Hematologic,Hematologic,AML1012-D0,Malignant,Malignant,Galen2019_Hematologic::AML1012-D0
Galen2019_Hematologic,Hematologic,AML1012-D0,Undifferentiated,Undifferentiated,Galen2019_Hematologic::AML1012-D0
Galen2019_Hematologic,Hematologic,AML1012-D0,Erythrocyte,Erythrocyte,Galen2019_Hematologic::AML1012-D0
Galen2019_Hematologic,Hematologic,AML1012-D0,T_cell,T cell,Galen2019_Hematologic::AML1012-D0
Galen2019_Hematologic,Hematologic,AML1012-D0,Plasma,Plasma,Galen2019_Hematologic::AML1012-D0
Galen2019_Hematologic,Hematologic,AML1012-D0,B_cell,B cell,Galen2019_Hematologic::AML1012-D0
Galen2019_Hematologic,Hematologic,AML1012-D0,NK_cell,NK cell,Galen2019_Hematologic::AML1012-D0
Galen2019_Hematologic,Hematologic,AML210A-D0,NK_cell,NK cell,Galen2019_Hematologic::AML210A-D0
Galen2019_Hematologic,Hematologic,AML210A-D0,Plasma,Plasma,Galen2019_Hematologic::AML210A-D0
Galen2019_Hematologic,Hematologic,AML210A-D0,Myeloid,Myeloid,Galen2019_Hematologic::AML210A-D0
Galen2019_Hematologic,Hematologic,AML210A-D0,Malignant,Malignant,Galen2019_Hematologic::AML210A-D0
Galen2019_Hematologic,Hematologic,AML210A-D0,Erythrocyte,Erythrocyte,Galen2019_Hematologic::AML210A-D0
Galen2019_Hematologic,Hematologic,AML210A-D0,T_cell,T cell,Galen2019_Hematologic::AML210A-D0
Galen2019_Hematologic,Hematologic,AML210A-D0,B_cell,B cell,Galen2019_Hematologic::AML210A-D0
Galen2019_Hematologic,Hematologic,AML210A-D0,Undifferentiated,Undifferentiated,Galen2019_Hematologic::AML210A-D0
Galen2019_Hematologic,Hematologic,AML314-D0,Erythrocyte,Erythrocyte,Galen2019_Hematologic::AML314-D0
Galen2019_Hematologic,Hematologic,AML314-D0,Undifferentiated,Undifferentiated,Galen2019_Hematologic::AML314-D0
Galen2019_Hematologic,Hematologic,AML314-D0,T_cell,T cell,Galen2019_Hematologic::AML314-D0
Galen2019_Hematologic,Hematologic,AML314-D0,B_cell,B cell,Galen2019_Hematologic::AML314-D0
Galen2019_Hematologic,Hematologic,AML314-D0,NK_cell,NK cell,Galen2019_Hematologic::AML314-D0
Galen2019_Hematologic,Hematologic,AML314-D0,Myeloid,Myeloid,Galen2019_Hematologic::AML314-D0
Galen2019_Hematologic,Hematologic,AML314-D31,Undifferentiated,Undifferentiated,Galen2019_Hematologic::AML314-D31
Galen2019_Hematologic,Hematologic,AML314-D31,Myeloid,Myeloid,Galen2019_Hematologic::AML314-D31
Galen2019_Hematologic,Hematologic,AML314-D31,T_cell,T cell,Galen2019_Hematologic::AML314-D31
Galen2019_Hematologic,Hematologic,AML314-D31,Erythrocyte,Erythrocyte,Galen2019_Hematologic::AML314-D31
Galen2019_Hematologic,Hematologic,AML314-D31,NK_cell,NK cell,Galen2019_Hematologic::AML314-D31
Galen2019_Hematologic,Hematologic,AML314-D31,Plasma,Plasma,Galen2019_Hematologic::AML314-D31
Galen2019_Hematologic,Hematologic,AML314-D31,B_cell,B cell,Galen2019_Hematologic::AML314-D31
Galen2019_Hematologic,Hematologic,AML328-D0,NK_cell,NK cell,Galen2019_Hematologic::AML328-D0
Galen2019_Hematologic,Hematologic,AML328-D0,Malignant,Malignant,Galen2019_Hematologic::AML328-D0
Galen2019_Hematologic,Hematologic,AML328-D0,T_cell,T cell,Galen2019_Hematologic::AML328-D0
Galen2019_Hematologic,Hematologic,AML328-D0,Myeloid,Myeloid,Galen2019_Hematologic::AML328-D0
Galen2019_Hematologic,Hematologic,AML328-D0,Undifferentiated,Undifferentiated,Galen2019_Hematologic::AML328-D0
Galen2019_Hematologic,Hematologic,AML328-D0,Erythrocyte,Erythrocyte,Galen2019_Hematologic::AML328-D0
Galen2019_Hematologic,Hematologic,AML328-D0,Plasma,Plasma,Galen2019_Hematologic::AML328-D0
Galen2019_Hematologic,Hematologic,AML328-D0,B_cell,B cell,Galen2019_Hematologic::AML328-D0
Galen2019_Hematologic,Hematologic,AML328-D29,Malignant,Malignant,Galen2019_Hematologic::AML328-D29
Galen2019_Hematologic,Hematologic,AML328-D29,Erythrocyte,Erythrocyte,Galen2019_Hematologic::AML328-D29
Galen2019_Hematologic,Hematologic,AML328-D29,NK_cell,NK cell,Galen2019_Hematologic::AML328-D29
Galen2019_Hematologic,Hematologic,AML328-D29,T_cell,T cell,Galen2019_Hematologic::AML328-D29
Galen2019_Hematologic,Hematologic,AML328-D29,Myeloid,Myeloid,Galen2019_Hematologic::AML328-D29
Galen2019_Hematologic,Hematologic,AML328-D29,Undifferentiated,Undifferentiated,Galen2019_Hematologic::AML328-D29
Galen2019_Hematologic,Hematologic,AML328-D29,B_cell,B cell,Galen2019_Hematologic::AML328-D29
Galen2019_Hematologic,Hematologic,AML328-D29,Plasma,Plasma,Galen2019_Hematologic::AML328-D29
Galen2019_Hematologic,Hematologic,AML328-D113,T_cell,T cell,Galen2019_Hematologic::AML328-D113
Galen2019_Hematologic,Hematologic,AML328-D113,Erythrocyte,Erythrocyte,Galen2019_Hematologic::AML328-D113
Galen2019_Hematologic,Hematologic,AML328-D113,Malignant,Malignant,Galen2019_Hematologic::AML328-D113
Galen2019_Hematologic,Hematologic,AML328-D113,NK_cell,NK cell,Galen2019_Hematologic::AML328-D113
Galen2019_Hematologic,Hematologic,AML328-D113,Undifferentiated,Undifferentiated,Galen2019_Hematologic::AML328-D113
Galen2019_Hematologic,Hematologic,AML328-D113,Myeloid,Myeloid,Galen2019_Hematologic::AML328-D113
Galen2019_Hematologic,Hematologic,AML328-D113,B_cell,B cell,Galen2019_Hematologic::AML328-D113
Galen2019_Hematologic,Hematologic,AML328-D113,Plasma,Plasma,Galen2019_Hematologic::AML328-D113
Galen2019_Hematologic,Hematologic,AML328-D171,T_cell,T cell,Galen2019_Hematologic::AML328-D171
Galen2019_Hematologic,Hematologic,AML328-D171,Malignant,Malignant,Galen2019_Hematologic::AML328-D171
Galen2019_Hematologic,Hematologic,AML328-D171,NK_cell,NK cell,Galen2019_Hematologic::AML328-D171
Galen2019_Hematologic,Hematologic,AML328-D171,Erythrocyte,Erythrocyte,Galen2019_Hematologic::AML328-D171
Galen2019_Hematologic,Hematologic,AML328-D171,Undifferentiated,Undifferentiated,Galen2019_Hematologic::AML328-D171
Galen2019_Hematologic,Hematologic,AML328-D171,B_cell,B cell,Galen2019_Hematologic::AML328-D171
Galen2019_Hematologic,Hematologic,AML328-D171,Plasma,Plasma,Galen2019_Hematologic::AML328-D171
Galen2019_Hematologic,Hematologic,AML329-D0,Myeloid,Myeloid,Galen2019_Hematologic::AML329-D0
Galen2019_Hematologic,Hematologic,AML329-D0,Malignant,Malignant,Galen2019_Hematologic::AML329-D0
Galen2019_Hematologic,Hematologic,AML329-D0,T_cell,T cell,Galen2019_Hematologic::AML329-D0
Galen2019_Hematologic,Hematologic,AML329-D0,Erythrocyte,Erythrocyte,Galen2019_Hematologic::AML329-D0
Galen2019_Hematologic,Hematologic,AML329-D0,Undifferentiated,Undifferentiated,Galen2019_Hematologic::AML329-D0
Galen2019_Hematologic,Hematologic,AML329-D0,NK_cell,NK cell,Galen2019_Hematologic::AML329-D0
Galen2019_Hematologic,Hematologic,AML329-D0,B_cell,B cell,Galen2019_Hematologic::AML329-D0
Galen2019_Hematologic,Hematologic,AML329-D0,Plasma,Plasma,Galen2019_Hematologic::AML329-D0
Galen2019_Hematologic,Hematologic,AML329-D20,Myeloid,Myeloid,Galen2019_Hematologic::AML329-D20
Galen2019_Hematologic,Hematologic,AML329-D20,T_cell,T cell,Galen2019_Hematologic::AML329-D20
Galen2019_Hematologic,Hematologic,AML329-D20,Undifferentiated,Undifferentiated,Galen2019_Hematologic::AML329-D20
Galen2019_Hematologic,Hematologic,AML329-D20,Malignant,Malignant,Galen2019_Hematologic::AML329-D20
Galen2019_Hematologic,Hematologic,AML329-D20,B_cell,B cell,Galen2019_Hematologic::AML329-D20
Galen2019_Hematologic,Hematologic,AML329-D20,NK_cell,NK cell,Galen2019_Hematologic::AML329-D20
Galen2019_Hematologic,Hematologic,AML329-D20,Erythrocyte,Erythrocyte,Galen2019_Hematologic::AML329-D20
Galen2019_Hematologic,Hematologic,AML329-D20,Plasma,Plasma,Galen2019_Hematologic::AML329-D20
Galen2019_Hematologic,Hematologic,AML329-D37,Myeloid,Myeloid,Galen2019_Hematologic::AML329-D37
Galen2019_Hematologic,Hematologic,AML329-D37,Undifferentiated,Undifferentiated,Galen2019_Hematologic::AML329-D37
Galen2019_Hematologic,Hematologic,AML329-D37,T_cell,T cell,Galen2019_Hematologic::AML329-D37
Galen2019_Hematologic,Hematologic,AML329-D37,Erythrocyte,Erythrocyte,Galen2019_Hematologic::AML329-D37
Galen2019_Hematologic,Hematologic,AML329-D37,Malignant,Malignant,Galen2019_Hematologic::AML329-D37
Galen2019_Hematologic,Hematologic,AML329-D37,Plasma,Plasma,Galen2019_Hematologic::AML329-D37
Galen2019_Hematologic,Hematologic,AML329-D37,NK_cell,NK cell,Galen2019_Hematologic::AML329-D37
Galen2019_Hematologic,Hematologic,AML329-D37,B_cell,B cell,Galen2019_Hematologic::AML329-D37
Galen2019_Hematologic,Hematologic,AML371-D0,Myeloid,Myeloid,Galen2019_Hematologic::AML371-D0
Galen2019_Hematologic,Hematologic,AML371-D0,Erythrocyte,Erythrocyte,Galen2019_Hematologic::AML371-D0
Galen2019_Hematologic,Hematologic,AML371-D0,Undifferentiated,Undifferentiated,Galen2019_Hematologic::AML371-D0
Galen2019_Hematologic,Hematologic,AML371-D0,T_cell,T cell,Galen2019_Hematologic::AML371-D0
Galen2019_Hematologic,Hematologic,AML371-D0,Plasma,Plasma,Galen2019_Hematologic::AML371-D0
Galen2019_Hematologic,Hematologic,AML371-D0,B_cell,B cell,Galen2019_Hematologic::AML371-D0
Galen2019_Hematologic,Hematologic,AML371-D0,NK_cell,NK cell,Galen2019_Hematologic::AML371-D0
Galen2019_Hematologic,Hematologic,AML371-D34,Myeloid,Myeloid,Galen2019_Hematologic::AML371-D34
Galen2019_Hematologic,Hematologic,AML371-D34,Erythrocyte,Erythrocyte,Galen2019_Hematologic::AML371-D34
Galen2019_Hematologic,Hematologic,AML371-D34,T_cell,T cell,Galen2019_Hematologic::AML371-D34
Galen2019_Hematologic,Hematologic,AML371-D34,Undifferentiated,Undifferentiated,Galen2019_Hematologic::AML371-D34
Galen2019_Hematologic,Hematologic,AML371-D34,Plasma,Plasma,Galen2019_Hematologic::AML371-D34
Galen2019_Hematologic,Hematologic,AML371-D34,NK_cell,NK cell,Galen2019_Hematologic::AML371-D34
Galen2019_Hematologic,Hematologic,AML371-D34,B_cell,B cell,Galen2019_Hematologic::AML371-D34
Galen2019_Hematologic,Hematologic,AML419A-D0,Malignant,Malignant,Galen2019_Hematologic::AML419A-D0
Galen2019_Hematologic,Hematologic,AML419A-D0,B_cell,B cell,Galen2019_Hematologic::AML419A-D0
Galen2019_Hematologic,Hematologic,AML419A-D0,Myeloid,Myeloid,Galen2019_Hematologic::AML419A-D0
Galen2019_Hematologic,Hematologic,AML419A-D0,T_cell,T cell,Galen2019_Hematologic::AML419A-D0
Galen2019_Hematologic,Hematologic,AML419A-D0,Undifferentiated,Undifferentiated,Galen2019_Hematologic::AML419A-D0
Galen2019_Hematologic,Hematologic,AML419A-D0,Plasma,Plasma,Galen2019_Hematologic::AML419A-D0
Galen2019_Hematologic,Hematologic,AML419A-D0,Erythrocyte,Erythrocyte,Galen2019_Hematologic::AML419A-D0
Galen2019_Hematologic,Hematologic,AML419A-D0,NK_cell,NK cell,Galen2019_Hematologic::AML419A-D0
Galen2019_Hematologic,Hematologic,AML420B-D0,T_cell,T cell,Galen2019_Hematologic::AML420B-D0
Galen2019_Hematologic,Hematologic,AML420B-D0,Malignant,Malignant,Galen2019_Hematologic::AML420B-D0
Galen2019_Hematologic,Hematologic,AML420B-D0,Myeloid,Myeloid,Galen2019_Hematologic::AML420B-D0
Galen2019_Hematologic,Hematologic,AML420B-D0,NK_cell,NK cell,Galen2019_Hematologic::AML420B-D0
Galen2019_Hematologic,Hematologic,AML420B-D0,Plasma,Plasma,Galen2019_Hematologic::AML420B-D0
Galen2019_Hematologic,Hematologic,AML420B-D0,Erythrocyte,Erythrocyte,Galen2019_Hematologic::AML420B-D0
Galen2019_Hematologic,Hematologic,AML420B-D0,Undifferentiated,Undifferentiated,Galen2019_Hematologic::AML420B-D0
Galen2019_Hematologic,Hematologic,AML420B-D0,B_cell,B cell,Galen2019_Hematologic::AML420B-D0
Galen2019_Hematologic,Hematologic,AML420B-D14,Plasma,Plasma,Galen2019_Hematologic::AML420B-D14
Galen2019_Hematologic,Hematologic,AML420B-D14,T_cell,T cell,Galen2019_Hematologic::AML420B-D14
Galen2019_Hematologic,Hematologic,AML420B-D14,NK_cell,NK cell,Galen2019_Hematologic::AML420B-D14
Galen2019_Hematologic,Hematologic,AML420B-D14,B_cell,B cell,Galen2019_Hematologic::AML420B-D14
Galen2019_Hematologic,Hematologic,AML420B-D14,Myeloid,Myeloid,Galen2019_Hematologic::AML420B-D14
Galen2019_Hematologic,Hematologic,AML420B-D14,Malignant,Malignant,Galen2019_Hematologic::AML420B-D14
Galen2019_Hematologic,Hematologic,AML420B-D35,T_cell,T cell,Galen2019_Hematologic::AML420B-D35
Galen2019_Hematologic,Hematologic,AML420B-D35,Myeloid,Myeloid,Galen2019_Hematologic::AML420B-D35
Galen2019_Hematologic,Hematologic,AML420B-D35,Erythrocyte,Erythrocyte,Galen2019_Hematologic::AML420B-D35
Galen2019_Hematologic,Hematologic,AML420B-D35,Plasma,Plasma,Galen2019_Hematologic::AML420B-D35
Galen2019_Hematologic,Hematologic,AML420B-D35,NK_cell,NK cell,Galen2019_Hematologic::AML420B-D35
Galen2019_Hematologic,Hematologic,AML420B-D35,Malignant,Malignant,Galen2019_Hematologic::AML420B-D35
Galen2019_Hematologic,Hematologic,AML420B-D35,Undifferentiated,Undifferentiated,Galen2019_Hematologic::AML420B-D35
Galen2019_Hematologic,Hematologic,AML420B-D35,B_cell,B cell,Galen2019_Hematologic::AML420B-D35
Galen2019_Hematologic,Hematologic,AML475-D0,Malignant,Malignant,Galen2019_Hematologic::AML475-D0
Galen2019_Hematologic,Hematologic,AML475-D0,T_cell,T cell,Galen2019_Hematologic::AML475-D0
Galen2019_Hematologic,Hematologic,AML475-D0,Myeloid,Myeloid,Galen2019_Hematologic::AML475-D0
Galen2019_Hematologic,Hematologic,AML475-D0,NK_cell,NK cell,Galen2019_Hematologic::AML475-D0
Galen2019_Hematologic,Hematologic,AML475-D0,Undifferentiated,Undifferentiated,Galen2019_Hematologic::AML475-D0
Galen2019_Hematologic,Hematologic,AML475-D0,Erythrocyte,Erythrocyte,Galen2019_Hematologic::AML475-D0
Galen2019_Hematologic,Hematologic,AML475-D0,B_cell,B cell,Galen2019_Hematologic::AML475-D0
Galen2019_Hematologic,Hematologic,AML475-D29,Erythrocyte,Erythrocyte,Galen2019_Hematologic::AML475-D29
Galen2019_Hematologic,Hematologic,AML475-D29,NK_cell,NK cell,Galen2019_Hematologic::AML475-D29
Galen2019_Hematologic,Hematologic,AML475-D29,Myeloid,Myeloid,Galen2019_Hematologic::AML475-D29
Galen2019_Hematologic,Hematologic,AML475-D29,T_cell,T cell,Galen2019_Hematologic::AML475-D29
Galen2019_Hematologic,Hematologic,AML475-D29,Undifferentiated,Undifferentiated,Galen2019_Hematologic::AML475-D29
Galen2019_Hematologic,Hematologic,AML475-D29,Plasma,Plasma,Galen2019_Hematologic::AML475-D29
Galen2019_Hematologic,Hematologic,AML475-D29,Malignant,Malignant,Galen2019_Hematologic::AML475-D29
Galen2019_Hematologic,Hematologic,AML475-D29,B_cell,B cell,Galen2019_Hematologic::AML475-D29
Galen2019_Hematologic,Hematologic,AML556-D0,Malignant,Malignant,Galen2019_Hematologic::AML556-D0
Galen2019_Hematologic,Hematologic,AML556-D0,Plasma,Plasma,Galen2019_Hematologic::AML556-D0
Galen2019_Hematologic,Hematologic,AML556-D0,Undifferentiated,Undifferentiated,Galen2019_Hematologic::AML556-D0
Galen2019_Hematologic,Hematologic,AML556-D0,NK_cell,NK cell,Galen2019_Hematologic::AML556-D0
Galen2019_Hematologic,Hematologic,AML556-D0,Erythrocyte,Erythrocyte,Galen2019_Hematologic::AML556-D0
Galen2019_Hematologic,Hematologic,AML556-D0,B_cell,B cell,Galen2019_Hematologic::AML556-D0
Galen2019_Hematologic,Hematologic,AML556-D0,T_cell,T cell,Galen2019_Hematologic::AML556-D0
Galen2019_Hematologic,Hematologic,AML556-D0,Myeloid,Myeloid,Galen2019_Hematologic::AML556-D0
Galen2019_Hematologic,Hematologic,AML556-D15,NK_cell,NK cell,Galen2019_Hematologic::AML556-D15
Galen2019_Hematologic,Hematologic,AML556-D15,T_cell,T cell,Galen2019_Hematologic::AML556-D15
Galen2019_Hematologic,Hematologic,AML556-D15,Plasma,Plasma,Galen2019_Hematologic::AML556-D15
Galen2019_Hematologic,Hematologic,AML556-D15,Undifferentiated,Undifferentiated,Galen2019_Hematologic::AML556-D15
Galen2019_Hematologic,Hematologic,AML556-D15,Myeloid,Myeloid,Galen2019_Hematologic::AML556-D15
Galen2019_Hematologic,Hematologic,AML556-D15,Erythrocyte,Erythrocyte,Galen2019_Hematologic::AML556-D15
Galen2019_Hematologic,Hematologic,AML556-D15,B_cell,B cell,Galen2019_Hematologic::AML556-D15
Galen2019_Hematologic,Hematologic,AML556-D31,Myeloid,Myeloid,Galen2019_Hematologic::AML556-D31
Galen2019_Hematologic,Hematologic,AML556-D31,Plasma,Plasma,Galen2019_Hematologic::AML556-D31
Galen2019_Hematologic,Hematologic,AML556-D31,Erythrocyte,Erythrocyte,Galen2019_Hematologic::AML556-D31
Galen2019_Hematologic,Hematologic,AML556-D31,Undifferentiated,Undifferentiated,Galen2019_Hematologic::AML556-D31
Galen2019_Hematologic,Hematologic,AML556-D31,NK_cell,NK cell,Galen2019_Hematologic::AML556-D31
Galen2019_Hematologic,Hematologic,AML556-D31,Malignant,Malignant,Galen2019_Hematologic::AML556-D31
Galen2019_Hematologic,Hematologic,AML556-D31,B_cell,B cell,Galen2019_Hematologic::AML556-D31
Galen2019_Hematologic,Hematologic,AML556-D31,T_cell,T cell,Galen2019_Hematologic::AML556-D31
Galen2019_Hematologic,Hematologic,AML707B-D0,Undifferentiated,Undifferentiated,Galen2019_Hematologic::AML707B-D0
Galen2019_Hematologic,Hematologic,AML707B-D0,Malignant,Malignant,Galen2019_Hematologic::AML707B-D0
Galen2019_Hematologic,Hematologic,AML707B-D0,Myeloid,Myeloid,Galen2019_Hematologic::AML707B-D0
Galen2019_Hematologic,Hematologic,AML707B-D0,Erythrocyte,Erythrocyte,Galen2019_Hematologic::AML707B-D0
Galen2019_Hematologic,Hematologic,AML707B-D0,B_cell,B cell,Galen2019_Hematologic::AML707B-D0
Galen2019_Hematologic,Hematologic,AML707B-D0,T_cell,T cell,Galen2019_Hematologic::AML707B-D0
Galen2019_Hematologic,Hematologic,AML707B-D0,Plasma,Plasma,Galen2019_Hematologic::AML707B-D0
Galen2019_Hematologic,Hematologic,AML707B-D0,NK_cell,NK cell,Galen2019_Hematologic::AML707B-D0
Galen2019_Hematologic,Hematologic,AML707B-D18,T_cell,T cell,Galen2019_Hematologic::AML707B-D18
Galen2019_Hematologic,Hematologic,AML707B-D18,NK_cell,NK cell,Galen2019_Hematologic::AML707B-D18
Galen2019_Hematologic,Hematologic,AML707B-D18,Malignant,Malignant,Galen2019_Hematologic::AML707B-D18
Galen2019_Hematologic,Hematologic,AML707B-D18,Plasma,Plasma,Galen2019_Hematologic::AML707B-D18
Galen2019_Hematologic,Hematologic,AML707B-D18,Undifferentiated,Undifferentiated,Galen2019_Hematologic::AML707B-D18
Galen2019_Hematologic,Hematologic,AML707B-D18,Myeloid,Myeloid,Galen2019_Hematologic::AML707B-D18
Galen2019_Hematologic,Hematologic,AML707B-D18,B_cell,B cell,Galen2019_Hematologic::AML707B-D18
Galen2019_Hematologic,Hematologic,AML707B-D18,Erythrocyte,Erythrocyte,Galen2019_Hematologic::AML707B-D18
Galen2019_Hematologic,Hematologic,AML707B-D41,Myeloid,Myeloid,Galen2019_Hematologic::AML707B-D41
Galen2019_Hematologic,Hematologic,AML707B-D41,Erythrocyte,Erythrocyte,Galen2019_Hematologic::AML707B-D41
Galen2019_Hematologic,Hematologic,AML707B-D41,T_cell,T cell,Galen2019_Hematologic::AML707B-D41
Galen2019_Hematologic,Hematologic,AML707B-D41,Undifferentiated,Undifferentiated,Galen2019_Hematologic::AML707B-D41
Galen2019_Hematologic,Hematologic,AML707B-D41,Malignant,Malignant,Galen2019_Hematologic::AML707B-D41
Galen2019_Hematologic,Hematologic,AML707B-D41,NK_cell,NK cell,Galen2019_Hematologic::AML707B-D41
Galen2019_Hematologic,Hematologic,AML707B-D41,B_cell,B cell,Galen2019_Hematologic::AML707B-D41
Galen2019_Hematologic,Hematologic,AML707B-D97,NK_cell,NK cell,Galen2019_Hematologic::AML707B-D97
Galen2019_Hematologic,Hematologic,AML707B-D97,T_cell,T cell,Galen2019_Hematologic::AML707B-D97
Galen2019_Hematologic,Hematologic,AML707B-D97,Myeloid,Myeloid,Galen2019_Hematologic::AML707B-D97
Galen2019_Hematologic,Hematologic,AML707B-D97,Erythrocyte,Erythrocyte,Galen2019_Hematologic::AML707B-D97
Galen2019_Hematologic,Hematologic,AML707B-D97,B_cell,B cell,Galen2019_Hematologic::AML707B-D97
Galen2019_Hematologic,Hematologic,AML707B-D97,Undifferentiated,Undifferentiated,Galen2019_Hematologic::AML707B-D97
Galen2019_Hematologic,Hematologic,AML707B-D97,Malignant,Malignant,Galen2019_Hematologic::AML707B-D97
Galen2019_Hematologic,Hematologic,AML707B-D113,Myeloid,Myeloid,Galen2019_Hematologic::AML707B-D113
Galen2019_Hematologic,Hematologic,AML707B-D113,T_cell,T cell,Galen2019_Hematologic::AML707B-D113
Galen2019_Hematologic,Hematologic,AML707B-D113,Erythrocyte,Erythrocyte,Galen2019_Hematologic::AML707B-D113
Galen2019_Hematologic,Hematologic,AML707B-D113,B_cell,B cell,Galen2019_Hematologic::AML707B-D113
Galen2019_Hematologic,Hematologic,AML707B-D113,NK_cell,NK cell,Galen2019_Hematologic::AML707B-D113
Galen2019_Hematologic,Hematologic,AML707B-D113,Malignant,Malignant,Galen2019_Hematologic::AML707B-D113
Galen2019_Hematologic,Hematologic,AML707B-D113,Undifferentiated,Undifferentiated,Galen2019_Hematologic::AML707B-D113
Galen2019_Hematologic,Hematologic,AML707B-D113,Plasma,Plasma,Galen2019_Hematologic::AML707B-D113
Galen2019_Hematologic,Hematologic,AML722B-D0,NK_cell,NK cell,Galen2019_Hematologic::AML722B-D0
Galen2019_Hematologic,Hematologic,AML722B-D0,Undifferentiated,Undifferentiated,Galen2019_Hematologic::AML722B-D0
Galen2019_Hematologic,Hematologic,AML722B-D0,Myeloid,Myeloid,Galen2019_Hematologic::AML722B-D0
Galen2019_Hematologic,Hematologic,AML722B-D0,T_cell,T cell,Galen2019_Hematologic::AML722B-D0
Galen2019_Hematologic,Hematologic,AML722B-D0,Erythrocyte,Erythrocyte,Galen2019_Hematologic::AML722B-D0
Galen2019_Hematologic,Hematologic,AML722B-D49,T_cell,T cell,Galen2019_Hematologic::AML722B-D49
Galen2019_Hematologic,Hematologic,AML722B-D49,Myeloid,Myeloid,Galen2019_Hematologic::AML722B-D49
Galen2019_Hematologic,Hematologic,AML722B-D49,Erythrocyte,Erythrocyte,Galen2019_Hematologic::AML722B-D49
Galen2019_Hematologic,Hematologic,AML722B-D49,Undifferentiated,Undifferentiated,Galen2019_Hematologic::AML722B-D49
Galen2019_Hematologic,Hematologic,AML722B-D49,NK_cell,NK cell,Galen2019_Hematologic::AML722B-D49
Galen2019_Hematologic,Hematologic,AML870-D0,Malignant,Malignant,Galen2019_Hematologic::AML870-D0
Galen2019_Hematologic,Hematologic,AML870-D0,B_cell,B cell,Galen2019_Hematologic::AML870-D0
Galen2019_Hematologic,Hematologic,AML870-D0,Erythrocyte,Erythrocyte,Galen2019_Hematologic::AML870-D0
Galen2019_Hematologic,Hematologic,AML870-D0,NK_cell,NK cell,Galen2019_Hematologic::AML870-D0
Galen2019_Hematologic,Hematologic,AML870-D0,Undifferentiated,Undifferentiated,Galen2019_Hematologic::AML870-D0
Galen2019_Hematologic,Hematologic,AML870-D0,T_cell,T cell,Galen2019_Hematologic::AML870-D0
Galen2019_Hematologic,Hematologic,AML870-D14,T_cell,T cell,Galen2019_Hematologic::AML870-D14
Galen2019_Hematologic,Hematologic,AML870-D14,Undifferentiated,Undifferentiated,Galen2019_Hematologic::AML870-D14
Galen2019_Hematologic,Hematologic,AML870-D14,Malignant,Malignant,Galen2019_Hematologic::AML870-D14
Galen2019_Hematologic,Hematologic,AML870-D14,NK_cell,NK cell,Galen2019_Hematologic::AML870-D14
Galen2019_Hematologic,Hematologic,AML870-D14,Erythrocyte,Erythrocyte,Galen2019_Hematologic::AML870-D14
Galen2019_Hematologic,Hematologic,AML916-D0,Malignant,Malignant,Galen2019_Hematologic::AML916-D0
Galen2019_Hematologic,Hematologic,AML916-D0,Myeloid,Myeloid,Galen2019_Hematologic::AML916-D0
Galen2019_Hematologic,Hematologic,AML916-D0,B_cell,B cell,Galen2019_Hematologic::AML916-D0
Galen2019_Hematologic,Hematologic,AML916-D0,Undifferentiated,Undifferentiated,Galen2019_Hematologic::AML916-D0
Galen2019_Hematologic,Hematologic,AML916-D0,T_cell,T cell,Galen2019_Hematologic::AML916-D0
Galen2019_Hematologic,Hematologic,AML916-D0,Erythrocyte,Erythrocyte,Galen2019_Hematologic::AML916-D0
Galen2019_Hematologic,Hematologic,AML921A-D0,Malignant,Malignant,Galen2019_Hematologic::AML921A-D0
Galen2019_Hematologic,Hematologic,AML921A-D0,Myeloid,Myeloid,Galen2019_Hematologic::AML921A-D0
Galen2019_Hematologic,Hematologic,AML921A-D0,T_cell,T cell,Galen2019_Hematologic::AML921A-D0
Galen2019_Hematologic,Hematologic,AML921A-D0,Undifferentiated,Undifferentiated,Galen2019_Hematologic::AML921A-D0
Galen2019_Hematologic,Hematologic,AML921A-D0,B_cell,B cell,Galen2019_Hematologic::AML921A-D0
Galen2019_Hematologic,Hematologic,AML921A-D0,NK_cell,NK cell,Galen2019_Hematologic::AML921A-D0
Galen2019_Hematologic,Hematologic,AML921A-D0,Erythrocyte,Erythrocyte,Galen2019_Hematologic::AML921A-D0
Galen2019_Hematologic,Hematologic,AML921A-D0,Plasma,Plasma,Galen2019_Hematologic::AML921A-D0
Galen2019_Hematologic,Hematologic,AML997-D0,Undifferentiated,Undifferentiated,Galen2019_Hematologic::AML997-D0
Galen2019_Hematologic,Hematologic,AML997-D0,Myeloid,Myeloid,Galen2019_Hematologic::AML997-D0
Galen2019_Hematologic,Hematologic,AML997-D0,T_cell,T cell,Galen2019_Hematologic::AML997-D0
Galen2019_Hematologic,Hematologic,AML997-D0,Erythrocyte,Erythrocyte,Galen2019_Hematologic::AML997-D0
Galen2019_Hematologic,Hematologic,AML997-D0,Plasma,Plasma,Galen2019_Hematologic::AML997-D0
Galen2019_Hematologic,Hematologic,AML997-D35,Erythrocyte,Erythrocyte,Galen2019_Hematologic::AML997-D35
Galen2019_Hematologic,Hematologic,AML997-D35,NK_cell,NK cell,Galen2019_Hematologic::AML997-D35
Galen2019_Hematologic,Hematologic,AML997-D35,T_cell,T cell,Galen2019_Hematologic::AML997-D35
Galen2019_Hematologic,Hematologic,AML997-D35,Myeloid,Myeloid,Galen2019_Hematologic::AML997-D35
Galen2019_Hematologic,Hematologic,AML997-D35,Plasma,Plasma,Galen2019_Hematologic::AML997-D35
Galen2019_Hematologic,Hematologic,AML997-D35,Undifferentiated,Undifferentiated,Galen2019_Hematologic::AML997-D35
Galen2019_Hematologic,Hematologic,OCI-AML3,Malignant,Malignant,Galen2019_Hematologic::OCI-AML3
Galen2019_Hematologic,Hematologic,MUTZ3,Malignant,Malignant,Galen2019_Hematologic::MUTZ3
Gaydosik2019_Hematologic,Hematologic,CTCL-2,Keratinocyte,Keratinocyte,Gaydosik2019_Hematologic::CTCL-2
Gaydosik2019_Hematologic,Hematologic,CTCL-2,T_cell,T cell,Gaydosik2019_Hematologic::CTCL-2
Gaydosik2019_Hematologic,Hematologic,CTCL-2,Epithelial,Epithelial,Gaydosik2019_Hematologic::CTCL-2
Gaydosik2019_Hematologic,Hematologic,CTCL-2,Macrophage,Macrophage,Gaydosik2019_Hematologic::CTCL-2
Gaydosik2019_Hematologic,Hematologic,CTCL-2,Fibroblast,Fibroblast,Gaydosik2019_Hematologic::CTCL-2
Gaydosik2019_Hematologic,Hematologic,CTCL-2,Pericyte,Pericyte,Gaydosik2019_Hematologic::CTCL-2
Gaydosik2019_Hematologic,Hematologic,CTCL-2,Endothelial,Endothelial,Gaydosik2019_Hematologic::CTCL-2
Gaydosik2019_Hematologic,Hematologic,CTCL-2,Melanocyte,Melanocyte,Gaydosik2019_Hematologic::CTCL-2
Gaydosik2019_Hematologic,Hematologic,CTCL-5,Endothelial,Endothelial,Gaydosik2019_Hematologic::CTCL-5
Gaydosik2019_Hematologic,Hematologic,CTCL-5,T_cell,T cell,Gaydosik2019_Hematologic::CTCL-5
Gaydosik2019_Hematologic,Hematologic,CTCL-5,NK_cell,NK cell,Gaydosik2019_Hematologic::CTCL-5
Gaydosik2019_Hematologic,Hematologic,CTCL-5,Macrophage,Macrophage,Gaydosik2019_Hematologic::CTCL-5
Gaydosik2019_Hematologic,Hematologic,CTCL-5,Keratinocyte,Keratinocyte,Gaydosik2019_Hematologic::CTCL-5
Gaydosik2019_Hematologic,Hematologic,CTCL-5,Fibroblast,Fibroblast,Gaydosik2019_Hematologic::CTCL-5
Gaydosik2019_Hematologic,Hematologic,CTCL-5,Pericyte,Pericyte,Gaydosik2019_Hematologic::CTCL-5
Gaydosik2019_Hematologic,Hematologic,CTCL-5,Melanocyte,Melanocyte,Gaydosik2019_Hematologic::CTCL-5
Gaydosik2019_Hematologic,Hematologic,CTCL-5,Epithelial,Epithelial,Gaydosik2019_Hematologic::CTCL-5
Gaydosik2019_Hematologic,Hematologic,CTCL-6,T_cell,T cell,Gaydosik2019_Hematologic::CTCL-6
Gaydosik2019_Hematologic,Hematologic,CTCL-6,Endothelial,Endothelial,Gaydosik2019_Hematologic::CTCL-6
Gaydosik2019_Hematologic,Hematologic,CTCL-6,Macrophage,Macrophage,Gaydosik2019_Hematologic::CTCL-6
Gaydosik2019_Hematologic,Hematologic,CTCL-6,Keratinocyte,Keratinocyte,Gaydosik2019_Hematologic::CTCL-6
Gaydosik2019_Hematologic,Hematologic,CTCL-6,Fibroblast,Fibroblast,Gaydosik2019_Hematologic::CTCL-6
Gaydosik2019_Hematologic,Hematologic,CTCL-6,NK_cell,NK cell,Gaydosik2019_Hematologic::CTCL-6
Gaydosik2019_Hematologic,Hematologic,CTCL-6,Pericyte,Pericyte,Gaydosik2019_Hematologic::CTCL-6
Gaydosik2019_Hematologic,Hematologic,CTCL-6,Melanocyte,Melanocyte,Gaydosik2019_Hematologic::CTCL-6
Gaydosik2019_Hematologic,Hematologic,CTCL-6,Epithelial,Epithelial,Gaydosik2019_Hematologic::CTCL-6
Gaydosik2019_Hematologic,Hematologic,CTCL-6,Smooth_muscle,Smooth muscle,Gaydosik2019_Hematologic::CTCL-6
Gaydosik2019_Hematologic,Hematologic,CTCL-8,T_cell,T cell,Gaydosik2019_Hematologic::CTCL-8
Gaydosik2019_Hematologic,Hematologic,CTCL-8,Keratinocyte,Keratinocyte,Gaydosik2019_Hematologic::CTCL-8
Gaydosik2019_Hematologic,Hematologic,CTCL-8,Fibroblast,Fibroblast,Gaydosik2019_Hematologic::CTCL-8
Gaydosik2019_Hematologic,Hematologic,CTCL-8,Pericyte,Pericyte,Gaydosik2019_Hematologic::CTCL-8
Gaydosik2019_Hematologic,Hematologic,CTCL-8,Endothelial,Endothelial,Gaydosik2019_Hematologic::CTCL-8
Gaydosik2019_Hematologic,Hematologic,CTCL-8,Melanocyte,Melanocyte,Gaydosik2019_Hematologic::CTCL-8
Gaydosik2019_Hematologic,Hematologic,CTCL-8,Macrophage,Macrophage,Gaydosik2019_Hematologic::CTCL-8
Gaydosik2019_Hematologic,Hematologic,CTCL-8,Smooth_muscle,Smooth muscle,Gaydosik2019_Hematologic::CTCL-8
Gaydosik2019_Hematologic,Hematologic,CTCL-8,Epithelial,Epithelial,Gaydosik2019_Hematologic::CTCL-8
Gaydosik2019_Hematologic,Hematologic,CTCL-12,Endothelial,Endothelial,Gaydosik2019_Hematologic::CTCL-12
Gaydosik2019_Hematologic,Hematologic,CTCL-12,Keratinocyte,Keratinocyte,Gaydosik2019_Hematologic::CTCL-12
Gaydosik2019_Hematologic,Hematologic,CTCL-12,Macrophage,Macrophage,Gaydosik2019_Hematologic::CTCL-12
Gaydosik2019_Hematologic,Hematologic,CTCL-12,T_cell,T cell,Gaydosik2019_Hematologic::CTCL-12
Gaydosik2019_Hematologic,Hematologic,CTCL-12,Epithelial,Epithelial,Gaydosik2019_Hematologic::CTCL-12
Gaydosik2019_Hematologic,Hematologic,CTCL-12,Fibroblast,Fibroblast,Gaydosik2019_Hematologic::CTCL-12
Gaydosik2019_Hematologic,Hematologic,CTCL-12,Pericyte,Pericyte,Gaydosik2019_Hematologic::CTCL-12
Gaydosik2019_Hematologic,Hematologic,CTCL-12,Melanocyte,Melanocyte,Gaydosik2019_Hematologic::CTCL-12
Gaydosik2019_Hematologic,Hematologic,HC-1,Epithelial,Epithelial,Gaydosik2019_Hematologic::HC-1
Gaydosik2019_Hematologic,Hematologic,HC-1,Pericyte,Pericyte,Gaydosik2019_Hematologic::HC-1
Gaydosik2019_Hematologic,Hematologic,HC-1,Smooth_muscle,Smooth muscle,Gaydosik2019_Hematologic::HC-1
Gaydosik2019_Hematologic,Hematologic,HC-1,Fibroblast,Fibroblast,Gaydosik2019_Hematologic::HC-1
Gaydosik2019_Hematologic,Hematologic,HC-1,Endothelial,Endothelial,Gaydosik2019_Hematologic::HC-1
Gaydosik2019_Hematologic,Hematologic,HC-1,Keratinocyte,Keratinocyte,Gaydosik2019_Hematologic::HC-1
Gaydosik2019_Hematologic,Hematologic,HC-1,Melanocyte,Melanocyte,Gaydosik2019_Hematologic::HC-1
Gaydosik2019_Hematologic,Hematologic,HC-1,T_cell,T cell,Gaydosik2019_Hematologic::HC-1
Gaydosik2019_Hematologic,Hematologic,HC-1,Macrophage,Macrophage,Gaydosik2019_Hematologic::HC-1
Gaydosik2019_Hematologic,Hematologic,HC-2,Fibroblast,Fibroblast,Gaydosik2019_Hematologic::HC-2
Gaydosik2019_Hematologic,Hematologic,HC-2,Keratinocyte,Keratinocyte,Gaydosik2019_Hematologic::HC-2
Gaydosik2019_Hematologic,Hematologic,HC-2,Smooth_muscle,Smooth muscle,Gaydosik2019_Hematologic::HC-2
Gaydosik2019_Hematologic,Hematologic,HC-2,Pericyte,Pericyte,Gaydosik2019_Hematologic::HC-2
Gaydosik2019_Hematologic,Hematologic,HC-2,Macrophage,Macrophage,Gaydosik2019_Hematologic::HC-2
Gaydosik2019_Hematologic,Hematologic,HC-2,Endothelial,Endothelial,Gaydosik2019_Hematologic::HC-2
Gaydosik2019_Hematologic,Hematologic,HC-2,Melanocyte,Melanocyte,Gaydosik2019_Hematologic::HC-2
Gaydosik2019_Hematologic,Hematologic,HC-2,Epithelial,Epithelial,Gaydosik2019_Hematologic::HC-2
Gaydosik2019_Hematologic,Hematologic,HC-2,T_cell,T cell,Gaydosik2019_Hematologic::HC-2
Gaydosik2019_Hematologic,Hematologic,HC-2,NK_cell,NK cell,Gaydosik2019_Hematologic::HC-2
Gaydosik2019_Hematologic,Hematologic,HC-3,Macrophage,Macrophage,Gaydosik2019_Hematologic::HC-3
Gaydosik2019_Hematologic,Hematologic,HC-3,Keratinocyte,Keratinocyte,Gaydosik2019_Hematologic::HC-3
Gaydosik2019_Hematologic,Hematologic,HC-3,Fibroblast,Fibroblast,Gaydosik2019_Hematologic::HC-3
Gaydosik2019_Hematologic,Hematologic,HC-3,Epithelial,Epithelial,Gaydosik2019_Hematologic::HC-3
Gaydosik2019_Hematologic,Hematologic,HC-3,Endothelial,Endothelial,Gaydosik2019_Hematologic::HC-3
Gaydosik2019_Hematologic,Hematologic,HC-3,Pericyte,Pericyte,Gaydosik2019_Hematologic::HC-3
Gaydosik2019_Hematologic,Hematologic,HC-3,Smooth_muscle,Smooth muscle,Gaydosik2019_Hematologic::HC-3
Gaydosik2019_Hematologic,Hematologic,HC-3,T_cell,T cell,Gaydosik2019_Hematologic::HC-3
Gaydosik2019_Hematologic,Hematologic,HC-3,Melanocyte,Melanocyte,Gaydosik2019_Hematologic::HC-3
Gaydosik2019_Hematologic,Hematologic,HC-4,Pericyte,Pericyte,Gaydosik2019_Hematologic::HC-4
Gaydosik2019_Hematologic,Hematologic,HC-4,Fibroblast,Fibroblast,Gaydosik2019_Hematologic::HC-4
Gaydosik2019_Hematologic,Hematologic,HC-4,Keratinocyte,Keratinocyte,Gaydosik2019_Hematologic::HC-4
Gaydosik2019_Hematologic,Hematologic,HC-4,Smooth_muscle,Smooth muscle,Gaydosik2019_Hematologic::HC-4
Gaydosik2019_Hematologic,Hematologic,HC-4,Endothelial,Endothelial,Gaydosik2019_Hematologic::HC-4
Gaydosik2019_Hematologic,Hematologic,HC-4,T_cell,T cell,Gaydosik2019_Hematologic::HC-4
Gaydosik2019_Hematologic,Hematologic,HC-4,Melanocyte,Melanocyte,Gaydosik2019_Hematologic::HC-4
Gaydosik2019_Hematologic,Hematologic,HC-4,Macrophage,Macrophage,Gaydosik2019_Hematologic::HC-4
Gaydosik2019_Hematologic,Hematologic,HC-4,Epithelial,Epithelial,Gaydosik2019_Hematologic::HC-4
Giustacchini2017_Hematologic,Hematologic,OX1931_progr,Malignant,Malignant,Giustacchini2017_Hematologic::OX1931_progr
Giustacchini2017_Hematologic,Hematologic,CML1266,Malignant,Malignant,Giustacchini2017_Hematologic::CML1266
Giustacchini2017_Hematologic,Hematologic,CML1203,Malignant,Malignant,Giustacchini2017_Hematologic::CML1203
Giustacchini2017_Hematologic,Hematologic,K562_T315,Malignant,Malignant,Giustacchini2017_Hematologic::K562_T315
Giustacchini2017_Hematologic,Hematologic,K562,Malignant,Malignant,Giustacchini2017_Hematologic::K562
Giustacchini2017_Hematologic,Hematologic,OX967,Malignant,Malignant,Giustacchini2017_Hematologic::OX967
Giustacchini2017_Hematologic,Hematologic,OX824,Malignant,Malignant,Giustacchini2017_Hematologic::OX824
Giustacchini2017_Hematologic,Hematologic,OX714,Malignant,Malignant,Giustacchini2017_Hematologic::OX714
Giustacchini2017_Hematologic,Hematologic,OX710,Malignant,Malignant,Giustacchini2017_Hematologic::OX710
Giustacchini2017_Hematologic,Hematologic,CML691,Malignant,Malignant,Giustacchini2017_Hematologic::CML691
Giustacchini2017_Hematologic,Hematologic,OX664,Malignant,Malignant,Giustacchini2017_Hematologic::OX664
Giustacchini2017_Hematologic,Hematologic,OX2286,Malignant,Malignant,Giustacchini2017_Hematologic::OX2286
Giustacchini2017_Hematologic,Hematologic,OX2038,Malignant,Malignant,Giustacchini2017_Hematologic::OX2038
Giustacchini2017_Hematologic,Hematologic,OX1674,Malignant,Malignant,Giustacchini2017_Hematologic::OX1674
Giustacchini2017_Hematologic,Hematologic,OX1302,Malignant,Malignant,Giustacchini2017_Hematologic::OX1302
Giustacchini2017_Hematologic,Hematologic,OX1249,Malignant,Malignant,Giustacchini2017_Hematologic::OX1249
Giustacchini2017_Hematologic,Hematologic,CML960,Malignant,Malignant,Giustacchini2017_Hematologic::CML960
Giustacchini2017_Hematologic,Hematologic,CML940,Malignant,Malignant,Giustacchini2017_Hematologic::CML940
Giustacchini2017_Hematologic,Hematologic,CML656,Malignant,Malignant,Giustacchini2017_Hematologic::CML656
Giustacchini2017_Hematologic,Hematologic,CML655,Malignant,Malignant,Giustacchini2017_Hematologic::CML655
Giustacchini2017_Hematologic,Hematologic,CML25,Malignant,Malignant,Giustacchini2017_Hematologic::CML25
Giustacchini2017_Hematologic,Hematologic,CML22,Malignant,Malignant,Giustacchini2017_Hematologic::CML22
Giustacchini2017_Hematologic,Hematologic,CML15,Malignant,Malignant,Giustacchini2017_Hematologic::CML15
Giustacchini2017_Hematologic,Hematologic,NBM_petter,Macrophage,Macrophage,Giustacchini2017_Hematologic::NBM_petter
Giustacchini2017_Hematologic,Hematologic,NBM_NC,Macrophage,Macrophage,Giustacchini2017_Hematologic::NBM_NC
Giustacchini2017_Hematologic,Hematologic,NBM_lonza_age_22,Macrophage,Macrophage,Giustacchini2017_Hematologic::NBM_lonza_age_22
Giustacchini2017_Hematologic,Hematologic,NBM_91_with_ERCC,Macrophage,Macrophage,Giustacchini2017_Hematologic::NBM_91_with_ERCC
Giustacchini2017_Hematologic,Hematologic,NBM_91,Macrophage,Macrophage,Giustacchini2017_Hematologic::NBM_91
Giustacchini2017_Hematologic,Hematologic,NBM_89,Macrophage,Macrophage,Giustacchini2017_Hematologic::NBM_89
Giustacchini2017_Hematologic,Hematologic,OX1931,Malignant,Malignant,Giustacchini2017_Hematologic::OX1931
Giustacchini2017_Hematologic,Hematologic,OX753,Malignant,Malignant,Giustacchini2017_Hematologic::OX753
Giustacchini2017_Hematologic,Hematologic,OX750,Malignant,Malignant,Giustacchini2017_Hematologic::OX750
Giustacchini2017_Hematologic,Hematologic,OX703,Malignant,Malignant,Giustacchini2017_Hematologic::OX703
Giustacchini2017_Hematologic,Hematologic,OX2343,Malignant,Malignant,Giustacchini2017_Hematologic::OX2343
Giustacchini2017_Hematologic,Hematologic,OX2125,Malignant,Malignant,Giustacchini2017_Hematologic::OX2125
Giustacchini2017_Hematologic,Hematologic,OX1902,Malignant,Malignant,Giustacchini2017_Hematologic::OX1902
Giustacchini2017_Hematologic,Hematologic,OX1705,Malignant,Malignant,Giustacchini2017_Hematologic::OX1705
Giustacchini2017_Hematologic,Hematologic,OX1570,Malignant,Malignant,Giustacchini2017_Hematologic::OX1570
Giustacchini2017_Hematologic,Hematologic,OX1528,Malignant,Malignant,Giustacchini2017_Hematologic::OX1528
Giustacchini2017_Hematologic,Hematologic,OX1407,Malignant,Malignant,Giustacchini2017_Hematologic::OX1407
Giustacchini2017_Hematologic,Hematologic,OX1083,Malignant,Malignant,Giustacchini2017_Hematologic::OX1083
Giustacchini2017_Hematologic,Hematologic,OX1071,Malignant,Malignant,Giustacchini2017_Hematologic::OX1071
Ledergor2018_Hematologic,Hematologic,hip01,B_cell,B cell,Ledergor2018_Hematologic::hip01
Ledergor2018_Hematologic,Hematologic,hip02,B_cell,B cell,Ledergor2018_Hematologic::hip02
Ledergor2018_Hematologic,Hematologic,hip03,B_cell,B cell,Ledergor2018_Hematologic::hip03
Ledergor2018_Hematologic,Hematologic,hip04,B_cell,B cell,Ledergor2018_Hematologic::hip04
Ledergor2018_Hematologic,Hematologic,hip05,B_cell,B cell,Ledergor2018_Hematologic::hip05
Ledergor2018_Hematologic,Hematologic,SMM03,Malignant,Malignant,Ledergor2018_Hematologic::SMM03
Ledergor2018_Hematologic,Hematologic,SMM03,B_cell,B cell,Ledergor2018_Hematologic::SMM03
Ledergor2018_Hematologic,Hematologic,AL01,B_cell,B cell,Ledergor2018_Hematologic::AL01
Ledergor2018_Hematologic,Hematologic,SMM05,Malignant,Malignant,Ledergor2018_Hematologic::SMM05
Ledergor2018_Hematologic,Hematologic,SMM05,B_cell,B cell,Ledergor2018_Hematologic::SMM05
Ledergor2018_Hematologic,Hematologic,hip07,B_cell,B cell,Ledergor2018_Hematologic::hip07
Ledergor2018_Hematologic,Hematologic,hip06,B_cell,B cell,Ledergor2018_Hematologic::hip06
Ledergor2018_Hematologic,Hematologic,AL02,B_cell,B cell,Ledergor2018_Hematologic::AL02
Ledergor2018_Hematologic,Hematologic,MGUS05,B_cell,B cell,Ledergor2018_Hematologic::MGUS05
Ledergor2018_Hematologic,Hematologic,MGUS04,B_cell,B cell,Ledergor2018_Hematologic::MGUS04
Ledergor2018_Hematologic,Hematologic,SMM01,Malignant,Malignant,Ledergor2018_Hematologic::SMM01
Ledergor2018_Hematologic,Hematologic,SMM01,B_cell,B cell,Ledergor2018_Hematologic::SMM01
Ledergor2018_Hematologic,Hematologic,AL03,B_cell,B cell,Ledergor2018_Hematologic::AL03
Ledergor2018_Hematologic,Hematologic,MGUS02,B_cell,B cell,Ledergor2018_Hematologic::MGUS02
Ledergor2018_Hematologic,Hematologic,MM01,B_cell,B cell,Ledergor2018_Hematologic::MM01
Ledergor2018_Hematologic,Hematologic,MM01,Malignant,Malignant,Ledergor2018_Hematologic::MM01
Ledergor2018_Hematologic,Hematologic,MM04,B_cell,B cell,Ledergor2018_Hematologic::MM04
Ledergor2018_Hematologic,Hematologic,MM04,Malignant,Malignant,Ledergor2018_Hematologic::MM04
Ledergor2018_Hematologic,Hematologic,SMM02,Malignant,Malignant,Ledergor2018_Hematologic::SMM02
Ledergor2018_Hematologic,Hematologic,SMM02,B_cell,B cell,Ledergor2018_Hematologic::SMM02
Ledergor2018_Hematologic,Hematologic,SMM06,Malignant,Malignant,Ledergor2018_Hematologic::SMM06
Ledergor2018_Hematologic,Hematologic,SMM06,B_cell,B cell,Ledergor2018_Hematologic::SMM06
Ledergor2018_Hematologic,Hematologic,MM11,Malignant,Malignant,Ledergor2018_Hematologic::MM11
Ledergor2018_Hematologic,Hematologic,MM11,B_cell,B cell,Ledergor2018_Hematologic::MM11
Ledergor2018_Hematologic,Hematologic,MGUS01,B_cell,B cell,Ledergor2018_Hematologic::MGUS01
Ledergor2018_Hematologic,Hematologic,hip08,B_cell,B cell,Ledergor2018_Hematologic::hip08
Ledergor2018_Hematologic,Hematologic,MM07,Malignant,Malignant,Ledergor2018_Hematologic::MM07
Ledergor2018_Hematologic,Hematologic,SMM04,Malignant,Malignant,Ledergor2018_Hematologic::SMM04
Ledergor2018_Hematologic,Hematologic,SMM04,B_cell,B cell,Ledergor2018_Hematologic::SMM04
Ledergor2018_Hematologic,Hematologic,MM08,Malignant,Malignant,Ledergor2018_Hematologic::MM08
Ledergor2018_Hematologic,Hematologic,MM08,B_cell,B cell,Ledergor2018_Hematologic::MM08
Ledergor2018_Hematologic,Hematologic,MM03,Malignant,Malignant,Ledergor2018_Hematologic::MM03
Ledergor2018_Hematologic,Hematologic,MM03,B_cell,B cell,Ledergor2018_Hematologic::MM03
Ledergor2018_Hematologic,Hematologic,MM10,Malignant,Malignant,Ledergor2018_Hematologic::MM10
Ledergor2018_Hematologic,Hematologic,MM10,B_cell,B cell,Ledergor2018_Hematologic::MM10
Ledergor2018_Hematologic,Hematologic,MGUS03,B_cell,B cell,Ledergor2018_Hematologic::MGUS03
Ledergor2018_Hematologic,Hematologic,MGUS06,B_cell,B cell,Ledergor2018_Hematologic::MGUS06
Ledergor2018_Hematologic,Hematologic,MGUS07,B_cell,B cell,Ledergor2018_Hematologic::MGUS07
Ledergor2018_Hematologic,Hematologic,MM02,Malignant,Malignant,Ledergor2018_Hematologic::MM02
Ledergor2018_Hematologic,Hematologic,MM02,B_cell,B cell,Ledergor2018_Hematologic::MM02
Ledergor2018_Hematologic,Hematologic,hip10,B_cell,B cell,Ledergor2018_Hematologic::hip10
Ledergor2018_Hematologic,Hematologic,MM09,Malignant,Malignant,Ledergor2018_Hematologic::MM09
Ledergor2018_Hematologic,Hematologic,MM09,B_cell,B cell,Ledergor2018_Hematologic::MM09
Ledergor2018_Hematologic,Hematologic,AL04,B_cell,B cell,Ledergor2018_Hematologic::AL04
Ledergor2018_Hematologic,Hematologic,hip09,B_cell,B cell,Ledergor2018_Hematologic::hip09
Ledergor2018_Hematologic,Hematologic,MM05,Malignant,Malignant,Ledergor2018_Hematologic::MM05
Ledergor2018_Hematologic,Hematologic,MM05,B_cell,B cell,Ledergor2018_Hematologic::MM05
Ledergor2018_Hematologic,Hematologic,MM06,Malignant,Malignant,Ledergor2018_Hematologic::MM06
Ledergor2018_Hematologic,Hematologic,MM06,B_cell,B cell,Ledergor2018_Hematologic::MM06
Ledergor2018_Hematologic,Hematologic,hip11,B_cell,B cell,Ledergor2018_Hematologic::hip11
Ledergor2018_Hematologic,Hematologic,MM12,Malignant,Malignant,Ledergor2018_Hematologic::MM12
Ledergor2018_Hematologic,Hematologic,MM12,B_cell,B cell,Ledergor2018_Hematologic::MM12
Liu2021_Hematologic,Hematologic,27522_Primary,T_cell,T cell,Liu2021_Hematologic::27522_Primary
Liu2021_Hematologic,Hematologic,27522_Primary,Malignant,Malignant,Liu2021_Hematologic::27522_Primary
Liu2021_Hematologic,Hematologic,27522_Primary,Monocyte,Monocyte,Liu2021_Hematologic::27522_Primary
Liu2021_Hematologic,Hematologic,27522_Primary,B_cell,B cell,Liu2021_Hematologic::27522_Primary
Liu2021_Hematologic,Hematologic,27522_Primary,Dendritic,Dendritic,Liu2021_Hematologic::27522_Primary
Liu2021_Hematologic,Hematologic,27522_Remission,Monocyte,Monocyte,Liu2021_Hematologic::27522_Remission
Liu2021_Hematologic,Hematologic,27522_Remission,Malignant,Malignant,Liu2021_Hematologic::27522_Remission
Liu2021_Hematologic,Hematologic,27522_Remission,T_cell,T cell,Liu2021_Hematologic::27522_Remission
Liu2021_Hematologic,Hematologic,27522_Remission,Dendritic,Dendritic,Liu2021_Hematologic::27522_Remission
Liu2021_Hematologic,Hematologic,27522_Remission,B_cell,B cell,Liu2021_Hematologic::27522_Remission
Liu2021_Hematologic,Hematologic,27522_Relapse-1,Monocyte,Monocyte,Liu2021_Hematologic::27522_Relapse-1
Liu2021_Hematologic,Hematologic,27522_Relapse-1,T_cell,T cell,Liu2021_Hematologic::27522_Relapse-1
Liu2021_Hematologic,Hematologic,27522_Relapse-1,Malignant,Malignant,Liu2021_Hematologic::27522_Relapse-1
Liu2021_Hematologic,Hematologic,27522_Relapse-1,NK_cell,NK cell,Liu2021_Hematologic::27522_Relapse-1
Liu2021_Hematologic,Hematologic,27522_Relapse-1,B_cell,B cell,Liu2021_Hematologic::27522_Relapse-1
Liu2021_Hematologic,Hematologic,27522_Relapse-2,T_cell,T cell,Liu2021_Hematologic::27522_Relapse-2
Liu2021_Hematologic,Hematologic,27522_Relapse-2,Monocyte,Monocyte,Liu2021_Hematologic::27522_Relapse-2
Liu2021_Hematologic,Hematologic,27522_Relapse-2,NK_cell,NK cell,Liu2021_Hematologic::27522_Relapse-2
Liu2021_Hematologic,Hematologic,27522_Relapse-2,B_cell,B cell,Liu2021_Hematologic::27522_Relapse-2
Liu2021_Hematologic,Hematologic,27522_Relapse-2,Malignant,Malignant,Liu2021_Hematologic::27522_Relapse-2
Liu2021_Hematologic,Hematologic,27522_Relapse-2,Dendritic,Dendritic,Liu2021_Hematologic::27522_Relapse-2
Liu2021_Hematologic,Hematologic,37692_Primary,Monocyte,Monocyte,Liu2021_Hematologic::37692_Primary
Liu2021_Hematologic,Hematologic,37692_Primary,T_cell,T cell,Liu2021_Hematologic::37692_Primary
Liu2021_Hematologic,Hematologic,37692_Primary,Malignant,Malignant,Liu2021_Hematologic::37692_Primary
Liu2021_Hematologic,Hematologic,37692_Primary,NK_cell,NK cell,Liu2021_Hematologic::37692_Primary
Liu2021_Hematologic,Hematologic,37692_Primary,B_cell,B cell,Liu2021_Hematologic::37692_Primary
Liu2021_Hematologic,Hematologic,47491_SMM,Malignant,Malignant,Liu2021_Hematologic::47491_SMM
Liu2021_Hematologic,Hematologic,47491_SMM,T_cell,T cell,Liu2021_Hematologic::47491_SMM
Liu2021_Hematologic,Hematologic,47491_SMM,Monocyte,Monocyte,Liu2021_Hematologic::47491_SMM
Liu2021_Hematologic,Hematologic,47491_SMM,NK_cell,NK cell,Liu2021_Hematologic::47491_SMM
Liu2021_Hematologic,Hematologic,47491_SMM,B_cell,B cell,Liu2021_Hematologic::47491_SMM
Liu2021_Hematologic,Hematologic,47491_Primary,Monocyte,Monocyte,Liu2021_Hematologic::47491_Primary
Liu2021_Hematologic,Hematologic,47491_Primary,T_cell,T cell,Liu2021_Hematologic::47491_Primary
Liu2021_Hematologic,Hematologic,47491_Primary,Dendritic,Dendritic,Liu2021_Hematologic::47491_Primary
Liu2021_Hematologic,Hematologic,47491_Primary,NK_cell,NK cell,Liu2021_Hematologic::47491_Primary
Liu2021_Hematologic,Hematologic,47491_Primary,Malignant,Malignant,Liu2021_Hematologic::47491_Primary
Liu2021_Hematologic,Hematologic,47491_Primary,B_cell,B cell,Liu2021_Hematologic::47491_Primary
Liu2021_Hematologic,Hematologic,56203_Primary,Monocyte,Monocyte,Liu2021_Hematologic::56203_Primary
Liu2021_Hematologic,Hematologic,56203_Primary,Malignant,Malignant,Liu2021_Hematologic::56203_Primary
Liu2021_Hematologic,Hematologic,56203_Primary,T_cell,T cell,Liu2021_Hematologic::56203_Primary
Liu2021_Hematologic,Hematologic,56203_Primary,NK_cell,NK cell,Liu2021_Hematologic::56203_Primary
Liu2021_Hematologic,Hematologic,56203_Primary,B_cell,B cell,Liu2021_Hematologic::56203_Primary
Liu2021_Hematologic,Hematologic,56203_Primary,Dendritic,Dendritic,Liu2021_Hematologic::56203_Primary
Liu2021_Hematologic,Hematologic,56203_Relapse-1,T_cell,T cell,Liu2021_Hematologic::56203_Relapse-1
Liu2021_Hematologic,Hematologic,56203_Relapse-1,Malignant,Malignant,Liu2021_Hematologic::56203_Relapse-1
Liu2021_Hematologic,Hematologic,56203_Relapse-1,Monocyte,Monocyte,Liu2021_Hematologic::56203_Relapse-1
Liu2021_Hematologic,Hematologic,56203_Relapse-1,NK_cell,NK cell,Liu2021_Hematologic::56203_Relapse-1
Liu2021_Hematologic,Hematologic,56203_Relapse-1,Dendritic,Dendritic,Liu2021_Hematologic::56203_Relapse-1
Liu2021_Hematologic,Hematologic,56203_Relapse-1,B_cell,B cell,Liu2021_Hematologic::56203_Relapse-1
Liu2021_Hematologic,Hematologic,57075_Pre-transplant,T_cell,T cell,Liu2021_Hematologic::57075_Pre-transplant
Liu2021_Hematologic,Hematologic,57075_Pre-transplant,Monocyte,Monocyte,Liu2021_Hematologic::57075_Pre-transplant
Liu2021_Hematologic,Hematologic,57075_Relapse-1,Malignant,Malignant,Liu2021_Hematologic::57075_Relapse-1
Liu2021_Hematologic,Hematologic,57075_Relapse-1,B_cell,B cell,Liu2021_Hematologic::57075_Relapse-1
Liu2021_Hematologic,Hematologic,57075_Relapse-1,T_cell,T cell,Liu2021_Hematologic::57075_Relapse-1
Liu2021_Hematologic,Hematologic,57075_Relapse-1,NK_cell,NK cell,Liu2021_Hematologic::57075_Relapse-1
Liu2021_Hematologic,Hematologic,57075_Relapse-1,Monocyte,Monocyte,Liu2021_Hematologic::57075_Relapse-1
Liu2021_Hematologic,Hematologic,57075_Relapse-1,Dendritic,Dendritic,Liu2021_Hematologic::57075_Relapse-1
Liu2021_Hematologic,Hematologic,58408_SMM,Monocyte,Monocyte,Liu2021_Hematologic::58408_SMM
Liu2021_Hematologic,Hematologic,58408_SMM,T_cell,T cell,Liu2021_Hematologic::58408_SMM
Liu2021_Hematologic,Hematologic,58408_SMM,Malignant,Malignant,Liu2021_Hematologic::58408_SMM
Liu2021_Hematologic,Hematologic,58408_SMM,B_cell,B cell,Liu2021_Hematologic::58408_SMM
Liu2021_Hematologic,Hematologic,58408_SMM,NK_cell,NK cell,Liu2021_Hematologic::58408_SMM
Liu2021_Hematologic,Hematologic,58408_Primary,T_cell,T cell,Liu2021_Hematologic::58408_Primary
Liu2021_Hematologic,Hematologic,58408_Primary,B_cell,B cell,Liu2021_Hematologic::58408_Primary
Liu2021_Hematologic,Hematologic,58408_Primary,Monocyte,Monocyte,Liu2021_Hematologic::58408_Primary
Liu2021_Hematologic,Hematologic,58408_Primary,Malignant,Malignant,Liu2021_Hematologic::58408_Primary
Liu2021_Hematologic,Hematologic,58408_Primary,NK_cell,NK cell,Liu2021_Hematologic::58408_Primary
Liu2021_Hematologic,Hematologic,59114_Primary,T_cell,T cell,Liu2021_Hematologic::59114_Primary
Liu2021_Hematologic,Hematologic,59114_Primary,NK_cell,NK cell,Liu2021_Hematologic::59114_Primary
Liu2021_Hematologic,Hematologic,59114_Primary,Monocyte,Monocyte,Liu2021_Hematologic::59114_Primary
Liu2021_Hematologic,Hematologic,59114_Primary,B_cell,B cell,Liu2021_Hematologic::59114_Primary
Liu2021_Hematologic,Hematologic,59114_Primary,Malignant,Malignant,Liu2021_Hematologic::59114_Primary
Liu2021_Hematologic,Hematologic,59114_Pre-transplant,NK_cell,NK cell,Liu2021_Hematologic::59114_Pre-transplant
Liu2021_Hematologic,Hematologic,59114_Pre-transplant,T_cell,T cell,Liu2021_Hematologic::59114_Pre-transplant
Liu2021_Hematologic,Hematologic,59114_Pre-transplant,Monocyte,Monocyte,Liu2021_Hematologic::59114_Pre-transplant
Liu2021_Hematologic,Hematologic,59114_Pre-transplant,Dendritic,Dendritic,Liu2021_Hematologic::59114_Pre-transplant
Liu2021_Hematologic,Hematologic,59114_Post-transplant,Monocyte,Monocyte,Liu2021_Hematologic::59114_Post-transplant
Liu2021_Hematologic,Hematologic,59114_Post-transplant,B_cell,B cell,Liu2021_Hematologic::59114_Post-transplant
Liu2021_Hematologic,Hematologic,59114_Post-transplant,T_cell,T cell,Liu2021_Hematologic::59114_Post-transplant
Liu2021_Hematologic,Hematologic,59114_Post-transplant,NK_cell,NK cell,Liu2021_Hematologic::59114_Post-transplant
Liu2021_Hematologic,Hematologic,59114_Post-transplant,Dendritic,Dendritic,Liu2021_Hematologic::59114_Post-transplant
Liu2021_Hematologic,Hematologic,59114_Relapse-1,T_cell,T cell,Liu2021_Hematologic::59114_Relapse-1
Liu2021_Hematologic,Hematologic,59114_Relapse-1,Monocyte,Monocyte,Liu2021_Hematologic::59114_Relapse-1
Liu2021_Hematologic,Hematologic,59114_Relapse-1,Malignant,Malignant,Liu2021_Hematologic::59114_Relapse-1
Liu2021_Hematologic,Hematologic,59114_Relapse-1,B_cell,B cell,Liu2021_Hematologic::59114_Relapse-1
Liu2021_Hematologic,Hematologic,59114_Relapse-1,NK_cell,NK cell,Liu2021_Hematologic::59114_Relapse-1
Liu2021_Hematologic,Hematologic,59114_Relapse-1,Dendritic,Dendritic,Liu2021_Hematologic::59114_Relapse-1
Liu2021_Hematologic,Hematologic,59114_Relapse-2,T_cell,T cell,Liu2021_Hematologic::59114_Relapse-2
Liu2021_Hematologic,Hematologic,59114_Relapse-2,NK_cell,NK cell,Liu2021_Hematologic::59114_Relapse-2
Liu2021_Hematologic,Hematologic,59114_Relapse-2,Monocyte,Monocyte,Liu2021_Hematologic::59114_Relapse-2
Liu2021_Hematologic,Hematologic,59114_Relapse-2,Dendritic,Dendritic,Liu2021_Hematologic::59114_Relapse-2
Liu2021_Hematologic,Hematologic,60359_Primary,T_cell,T cell,Liu2021_Hematologic::60359_Primary
Liu2021_Hematologic,Hematologic,60359_Primary,Monocyte,Monocyte,Liu2021_Hematologic::60359_Primary
Liu2021_Hematologic,Hematologic,60359_Primary,Malignant,Malignant,Liu2021_Hematologic::60359_Primary
Liu2021_Hematologic,Hematologic,60359_Primary,NK_cell,NK cell,Liu2021_Hematologic::60359_Primary
Liu2021_Hematologic,Hematologic,60359_Primary,B_cell,B cell,Liu2021_Hematologic::60359_Primary
Liu2021_Hematologic,Hematologic,60359_Primary,Dendritic,Dendritic,Liu2021_Hematologic::60359_Primary
Liu2021_Hematologic,Hematologic,60359_Relapse-1,T_cell,T cell,Liu2021_Hematologic::60359_Relapse-1
Liu2021_Hematologic,Hematologic,60359_Relapse-1,B_cell,B cell,Liu2021_Hematologic::60359_Relapse-1
Liu2021_Hematologic,Hematologic,60359_Relapse-1,Monocyte,Monocyte,Liu2021_Hematologic::60359_Relapse-1
Liu2021_Hematologic,Hematologic,60359_Relapse-1,NK_cell,NK cell,Liu2021_Hematologic::60359_Relapse-1
Liu2021_Hematologic,Hematologic,60359_Relapse-1,Malignant,Malignant,Liu2021_Hematologic::60359_Relapse-1
Liu2021_Hematologic,Hematologic,60359_Relapse-1,Dendritic,Dendritic,Liu2021_Hematologic::60359_Relapse-1
Liu2021_Hematologic,Hematologic,77570_Primary,Malignant,Malignant,Liu2021_Hematologic::77570_Primary
Liu2021_Hematologic,Hematologic,77570_Primary,T_cell,T cell,Liu2021_Hematologic::77570_Primary
Liu2021_Hematologic,Hematologic,77570_Primary,Monocyte,Monocyte,Liu2021_Hematologic::77570_Primary
Liu2021_Hematologic,Hematologic,77570_Primary,NK_cell,NK cell,Liu2021_Hematologic::77570_Primary
Liu2021_Hematologic,Hematologic,77570_Primary,B_cell,B cell,Liu2021_Hematologic::77570_Primary
Liu2021_Hematologic,Hematologic,77570_Primary,Dendritic,Dendritic,Liu2021_Hematologic::77570_Primary
Liu2021_Hematologic,Hematologic,81012_Primary,T_cell,T cell,Liu2021_Hematologic::81012_Primary
Liu2021_Hematologic,Hematologic,81012_Primary,NK_cell,NK cell,Liu2021_Hematologic::81012_Primary
Liu2021_Hematologic,Hematologic,81012_Primary,B_cell,B cell,Liu2021_Hematologic::81012_Primary
Liu2021_Hematologic,Hematologic,81012_Primary,Malignant,Malignant,Liu2021_Hematologic::81012_Primary
Liu2021_Hematologic,Hematologic,81012_Primary,Monocyte,Monocyte,Liu2021_Hematologic::81012_Primary
Liu2021_Hematologic,Hematologic,81012_Relapse-1,Monocyte,Monocyte,Liu2021_Hematologic::81012_Relapse-1
Liu2021_Hematologic,Hematologic,81012_Relapse-1,NK_cell,NK cell,Liu2021_Hematologic::81012_Relapse-1
Liu2021_Hematologic,Hematologic,81012_Relapse-1,Malignant,Malignant,Liu2021_Hematologic::81012_Relapse-1
Liu2021_Hematologic,Hematologic,81012_Relapse-1,T_cell,T cell,Liu2021_Hematologic::81012_Relapse-1
Liu2021_Hematologic,Hematologic,83942_Primary,Malignant,Malignant,Liu2021_Hematologic::83942_Primary
Liu2021_Hematologic,Hematologic,83942_Primary,T_cell,T cell,Liu2021_Hematologic::83942_Primary
Liu2021_Hematologic,Hematologic,83942_Primary,NK_cell,NK cell,Liu2021_Hematologic::83942_Primary
Liu2021_Hematologic,Hematologic,83942_Primary,Monocyte,Monocyte,Liu2021_Hematologic::83942_Primary
Rendeiro2020_Hematologic,Hematologic,CLL6_d0,Malignant,Malignant,Rendeiro2020_Hematologic::CLL6_d0
Rendeiro2020_Hematologic,Hematologic,CLL6_d0,T_NK_cell,T NK cell,Rendeiro2020_Hematologic::CLL6_d0
Rendeiro2020_Hematologic,Hematologic,CLL6_d0,Macrophage,Macrophage,Rendeiro2020_Hematologic::CLL6_d0
Rendeiro2020_Hematologic,Hematologic,CLL6_d0,T_cell,T cell,Rendeiro2020_Hematologic::CLL6_d0
Rendeiro2020_Hematologic,Hematologic,CLL6_d30,Malignant,Malignant,Rendeiro2020_Hematologic::CLL6_d30
Rendeiro2020_Hematologic,Hematologic,CLL6_d30,T_NK_cell,T NK cell,Rendeiro2020_Hematologic::CLL6_d30
Rendeiro2020_Hematologic,Hematologic,CLL6_d30,Macrophage,Macrophage,Rendeiro2020_Hematologic::CLL6_d30
Rendeiro2020_Hematologic,Hematologic,CLL6_d30,T_cell,T cell,Rendeiro2020_Hematologic::CLL6_d30
Rendeiro2020_Hematologic,Hematologic,CLL6_d120,Malignant,Malignant,Rendeiro2020_Hematologic::CLL6_d120
Rendeiro2020_Hematologic,Hematologic,CLL6_d120,T_cell,T cell,Rendeiro2020_Hematologic::CLL6_d120
Rendeiro2020_Hematologic,Hematologic,CLL6_d120,T_NK_cell,T NK cell,Rendeiro2020_Hematologic::CLL6_d120
Rendeiro2020_Hematologic,Hematologic,CLL6_d120,Macrophage,Macrophage,Rendeiro2020_Hematologic::CLL6_d120
Rendeiro2020_Hematologic,Hematologic,CLL6_d280,Macrophage,Macrophage,Rendeiro2020_Hematologic::CLL6_d280
Rendeiro2020_Hematologic,Hematologic,CLL6_d280,T_NK_cell,T NK cell,Rendeiro2020_Hematologic::CLL6_d280
Rendeiro2020_Hematologic,Hematologic,CLL6_d280,Malignant,Malignant,Rendeiro2020_Hematologic::CLL6_d280
Rendeiro2020_Hematologic,Hematologic,CLL6_d280,T_cell,T cell,Rendeiro2020_Hematologic::CLL6_d280
Rendeiro2020_Hematologic,Hematologic,CLL8_d0,Malignant,Malignant,Rendeiro2020_Hematologic::CLL8_d0
Rendeiro2020_Hematologic,Hematologic,CLL8_d0,Macrophage,Macrophage,Rendeiro2020_Hematologic::CLL8_d0
Rendeiro2020_Hematologic,Hematologic,CLL8_d0,T_NK_cell,T NK cell,Rendeiro2020_Hematologic::CLL8_d0
Rendeiro2020_Hematologic,Hematologic,CLL8_d30,T_NK_cell,T NK cell,Rendeiro2020_Hematologic::CLL8_d30
Rendeiro2020_Hematologic,Hematologic,CLL8_d30,Malignant,Malignant,Rendeiro2020_Hematologic::CLL8_d30
Rendeiro2020_Hematologic,Hematologic,CLL8_d30,Macrophage,Macrophage,Rendeiro2020_Hematologic::CLL8_d30
Rendeiro2020_Hematologic,Hematologic,CLL8_d120,T_NK_cell,T NK cell,Rendeiro2020_Hematologic::CLL8_d120
Rendeiro2020_Hematologic,Hematologic,CLL8_d120,Macrophage,Macrophage,Rendeiro2020_Hematologic::CLL8_d120
Rendeiro2020_Hematologic,Hematologic,CLL1_d0,Malignant,Malignant,Rendeiro2020_Hematologic::CLL1_d0
Rendeiro2020_Hematologic,Hematologic,CLL1_d0,T_NK_cell,T NK cell,Rendeiro2020_Hematologic::CLL1_d0
Rendeiro2020_Hematologic,Hematologic,CLL1_d0,Macrophage,Macrophage,Rendeiro2020_Hematologic::CLL1_d0
Rendeiro2020_Hematologic,Hematologic,CLL1_d120,T_NK_cell,T NK cell,Rendeiro2020_Hematologic::CLL1_d120
Rendeiro2020_Hematologic,Hematologic,CLL1_d120,Malignant,Malignant,Rendeiro2020_Hematologic::CLL1_d120
Rendeiro2020_Hematologic,Hematologic,CLL5_d0,Malignant,Malignant,Rendeiro2020_Hematologic::CLL5_d0
Rendeiro2020_Hematologic,Hematologic,CLL5_d0,T_cell,T cell,Rendeiro2020_Hematologic::CLL5_d0
Rendeiro2020_Hematologic,Hematologic,CLL5_d0,T_NK_cell,T NK cell,Rendeiro2020_Hematologic::CLL5_d0
Rendeiro2020_Hematologic,Hematologic,CLL5_d0,NK_cell,NK cell,Rendeiro2020_Hematologic::CLL5_d0
Rendeiro2020_Hematologic,Hematologic,CLL5_d0,Macrophage,Macrophage,Rendeiro2020_Hematologic::CLL5_d0
Rendeiro2020_Hematologic,Hematologic,CLL5_d30,Malignant,Malignant,Rendeiro2020_Hematologic::CLL5_d30
Rendeiro2020_Hematologic,Hematologic,CLL5_d30,Macrophage,Macrophage,Rendeiro2020_Hematologic::CLL5_d30
Rendeiro2020_Hematologic,Hematologic,CLL5_d30,T_NK_cell,T NK cell,Rendeiro2020_Hematologic::CLL5_d30
Rendeiro2020_Hematologic,Hematologic,CLL5_d30,NK_cell,NK cell,Rendeiro2020_Hematologic::CLL5_d30
Rendeiro2020_Hematologic,Hematologic,CLL5_d30,T_cell,T cell,Rendeiro2020_Hematologic::CLL5_d30
Rendeiro2020_Hematologic,Hematologic,CLL5_d150,T_NK_cell,T NK cell,Rendeiro2020_Hematologic::CLL5_d150
Rendeiro2020_Hematologic,Hematologic,CLL5_d150,Macrophage,Macrophage,Rendeiro2020_Hematologic::CLL5_d150
Rendeiro2020_Hematologic,Hematologic,CLL5_d150,T_cell,T cell,Rendeiro2020_Hematologic::CLL5_d150
Rendeiro2020_Hematologic,Hematologic,CLL5_d150,NK_cell,NK cell,Rendeiro2020_Hematologic::CLL5_d150
Rendeiro2020_Hematologic,Hematologic,CLL5_d150,Malignant,Malignant,Rendeiro2020_Hematologic::CLL5_d150
Riether2020_Hematologic,Hematologic,009SCRBL,Lin-CD34+ stem/progenitor,Lin-CD34+ stem/progenitor,Riether2020_Hematologic::009SCRBL
Riether2020_Hematologic,Hematologic,009C1D1BL,Lin-CD34+ stem/progenitor,Lin-CD34+ stem/progenitor,Riether2020_Hematologic::009C1D1BL
Riether2020_Hematologic,Hematologic,007SCRBL,Lin-CD34+ stem/progenitor,Lin-CD34+ stem/progenitor,Riether2020_Hematologic::007SCRBL
Riether2020_Hematologic,Hematologic,007C1D1BL,Lin-CD34+ stem/progenitor,Lin-CD34+ stem/progenitor,Riether2020_Hematologic::007C1D1BL
Roider2020_Hematologic,Hematologic,DLBCL1,Malignant,Malignant,Roider2020_Hematologic::DLBCL1
Roider2020_Hematologic,Hematologic,DLBCL1,T_cell,T cell,Roider2020_Hematologic::DLBCL1
Roider2020_Hematologic,Hematologic,DLBCL2,T_cell,T cell,Roider2020_Hematologic::DLBCL2
Roider2020_Hematologic,Hematologic,DLBCL2,Malignant,Malignant,Roider2020_Hematologic::DLBCL2
Roider2020_Hematologic,Hematologic,DLBCL2,Myeloid,Myeloid,Roider2020_Hematologic::DLBCL2
Roider2020_Hematologic,Hematologic,DLBCL3,Malignant,Malignant,Roider2020_Hematologic::DLBCL3
Roider2020_Hematologic,Hematologic,DLBCL3,T_cell,T cell,Roider2020_Hematologic::DLBCL3
Roider2020_Hematologic,Hematologic,DLBCL3,Myeloid,Myeloid,Roider2020_Hematologic::DLBCL3
Roider2020_Hematologic,Hematologic,tFL1,T_cell,T cell,Roider2020_Hematologic::tFL1
Roider2020_Hematologic,Hematologic,tFL1,B_cell,B cell,Roider2020_Hematologic::tFL1
Roider2020_Hematologic,Hematologic,tFL1,Malignant,Malignant,Roider2020_Hematologic::tFL1
Roider2020_Hematologic,Hematologic,tFL1,Myeloid,Myeloid,Roider2020_Hematologic::tFL1
Roider2020_Hematologic,Hematologic,tFL2,Malignant,Malignant,Roider2020_Hematologic::tFL2
Roider2020_Hematologic,Hematologic,tFL2,T_cell,T cell,Roider2020_Hematologic::tFL2
Roider2020_Hematologic,Hematologic,FL1,Malignant,Malignant,Roider2020_Hematologic::FL1
Roider2020_Hematologic,Hematologic,FL1,T_cell,T cell,Roider2020_Hematologic::FL1
Roider2020_Hematologic,Hematologic,FL2,Malignant,Malignant,Roider2020_Hematologic::FL2
Roider2020_Hematologic,Hematologic,FL2,T_cell,T cell,Roider2020_Hematologic::FL2
Roider2020_Hematologic,Hematologic,FL3,Malignant,Malignant,Roider2020_Hematologic::FL3
Roider2020_Hematologic,Hematologic,FL3,T_cell,T cell,Roider2020_Hematologic::FL3
Roider2020_Hematologic,Hematologic,FL3,Myeloid,Myeloid,Roider2020_Hematologic::FL3
Roider2020_Hematologic,Hematologic,FL3,B_cell,B cell,Roider2020_Hematologic::FL3
Roider2020_Hematologic,Hematologic,FL4,Malignant,Malignant,Roider2020_Hematologic::FL4
Roider2020_Hematologic,Hematologic,FL4,T_cell,T cell,Roider2020_Hematologic::FL4
Roider2020_Hematologic,Hematologic,FL4,B_cell,B cell,Roider2020_Hematologic::FL4
Roider2020_Hematologic,Hematologic,rLN1,B_cell,B cell,Roider2020_Hematologic::rLN1
Roider2020_Hematologic,Hematologic,rLN1,T_cell,T cell,Roider2020_Hematologic::rLN1
Roider2020_Hematologic,Hematologic,rLN1,Myeloid,Myeloid,Roider2020_Hematologic::rLN1
Roider2020_Hematologic,Hematologic,rLN2,T_cell,T cell,Roider2020_Hematologic::rLN2
Roider2020_Hematologic,Hematologic,rLN2,B_cell,B cell,Roider2020_Hematologic::rLN2
Roider2020_Hematologic,Hematologic,rLN2,Myeloid,Myeloid,Roider2020_Hematologic::rLN2
Roider2020_Hematologic,Hematologic,rLN3,B_cell,B cell,Roider2020_Hematologic::rLN3
Roider2020_Hematologic,Hematologic,rLN3,T_cell,T cell,Roider2020_Hematologic::rLN3
Roider2020_Hematologic,Hematologic,rLN3,Myeloid,Myeloid,Roider2020_Hematologic::rLN3
Steen2021_Hematologic,Hematologic,DLBCL002B,B_cell,B cell,Steen2021_Hematologic::DLBCL002B
Steen2021_Hematologic,Hematologic,DLBCL002B,Malignant,Malignant,Steen2021_Hematologic::DLBCL002B
Steen2021_Hematologic,Hematologic,DLBCL002B,Macrophage,Macrophage,Steen2021_Hematologic::DLBCL002B
Steen2021_Hematologic,Hematologic,DLBCL002B,NK_cell,NK cell,Steen2021_Hematologic::DLBCL002B
Steen2021_Hematologic,Hematologic,DLBCL002B,T_cell,T cell,Steen2021_Hematologic::DLBCL002B
Steen2021_Hematologic,Hematologic,DLBCL002B,Plasma,Plasma,Steen2021_Hematologic::DLBCL002B
Steen2021_Hematologic,Hematologic,DLBCL002NB,T_cell,T cell,Steen2021_Hematologic::DLBCL002NB
Steen2021_Hematologic,Hematologic,DLBCL002NB,Plasma,Plasma,Steen2021_Hematologic::DLBCL002NB
Steen2021_Hematologic,Hematologic,DLBCL002NB,Macrophage,Macrophage,Steen2021_Hematologic::DLBCL002NB
Steen2021_Hematologic,Hematologic,DLBCL002NB,NK_cell,NK cell,Steen2021_Hematologic::DLBCL002NB
Steen2021_Hematologic,Hematologic,DLBCL002NB,B_cell,B cell,Steen2021_Hematologic::DLBCL002NB
Steen2021_Hematologic,Hematologic,DLBCL007B,Malignant,Malignant,Steen2021_Hematologic::DLBCL007B
Steen2021_Hematologic,Hematologic,DLBCL007B,B_cell,B cell,Steen2021_Hematologic::DLBCL007B
Steen2021_Hematologic,Hematologic,DLBCL007B,T_cell,T cell,Steen2021_Hematologic::DLBCL007B
Steen2021_Hematologic,Hematologic,DLBCL007B,Macrophage,Macrophage,Steen2021_Hematologic::DLBCL007B
Steen2021_Hematologic,Hematologic,DLBCL007NB,T_cell,T cell,Steen2021_Hematologic::DLBCL007NB
Steen2021_Hematologic,Hematologic,DLBCL007NB,Macrophage,Macrophage,Steen2021_Hematologic::DLBCL007NB
Steen2021_Hematologic,Hematologic,DLBCL007NB,NK_cell,NK cell,Steen2021_Hematologic::DLBCL007NB
Steen2021_Hematologic,Hematologic,DLBCL007NB,B_cell,B cell,Steen2021_Hematologic::DLBCL007NB
Steen2021_Hematologic,Hematologic,DLBCL008B,T_cell,T cell,Steen2021_Hematologic::DLBCL008B
Steen2021_Hematologic,Hematologic,DLBCL008B,Malignant,Malignant,Steen2021_Hematologic::DLBCL008B
Steen2021_Hematologic,Hematologic,DLBCL008B,Macrophage,Macrophage,Steen2021_Hematologic::DLBCL008B
Steen2021_Hematologic,Hematologic,DLBCL008B,Plasma,Plasma,Steen2021_Hematologic::DLBCL008B
Steen2021_Hematologic,Hematologic,DLBCL008NB,T_cell,T cell,Steen2021_Hematologic::DLBCL008NB
Steen2021_Hematologic,Hematologic,DLBCL008NB,Macrophage,Macrophage,Steen2021_Hematologic::DLBCL008NB
Steen2021_Hematologic,Hematologic,DLBCL008NB,NK_cell,NK cell,Steen2021_Hematologic::DLBCL008NB
Steen2021_Hematologic,Hematologic,DLBCL008NB,Plasma,Plasma,Steen2021_Hematologic::DLBCL008NB
Steen2021_Hematologic,Hematologic,DLBCL008NB,B_cell,B cell,Steen2021_Hematologic::DLBCL008NB
Steen2021_Hematologic,Hematologic,DLBCL111B,Malignant,Malignant,Steen2021_Hematologic::DLBCL111B
Steen2021_Hematologic,Hematologic,DLBCL111B,B_cell,B cell,Steen2021_Hematologic::DLBCL111B
Steen2021_Hematologic,Hematologic,DLBCL111B,T_cell,T cell,Steen2021_Hematologic::DLBCL111B
Steen2021_Hematologic,Hematologic,DLBCL111B,Macrophage,Macrophage,Steen2021_Hematologic::DLBCL111B
Steen2021_Hematologic,Hematologic,DLBCL111NB,T_cell,T cell,Steen2021_Hematologic::DLBCL111NB
Steen2021_Hematologic,Hematologic,DLBCL111NB,NK_cell,NK cell,Steen2021_Hematologic::DLBCL111NB
Steen2021_Hematologic,Hematologic,DLBCL111NB,Macrophage,Macrophage,Steen2021_Hematologic::DLBCL111NB
Steen2021_Hematologic,Hematologic,DLBCL111NB,B_cell,B cell,Steen2021_Hematologic::DLBCL111NB
Steen2021_Hematologic,Hematologic,T2B,B_cell,B cell,Steen2021_Hematologic::T2B
Steen2021_Hematologic,Hematologic,T2B,Plasma,Plasma,Steen2021_Hematologic::T2B
Steen2021_Hematologic,Hematologic,T2NB,T_cell,T cell,Steen2021_Hematologic::T2NB
Zhang2019_Hematologic,Hematologic,FL1018T1,Malignant,Malignant,Zhang2019_Hematologic::FL1018T1
Zhang2019_Hematologic,Hematologic,FL1018T1,T_cell,T cell,Zhang2019_Hematologic::FL1018T1
Zhang2019_Hematologic,Hematologic,FL1018T1,B_cell,B cell,Zhang2019_Hematologic::FL1018T1
Zhang2019_Hematologic,Hematologic,FL1018T2,Malignant,Malignant,Zhang2019_Hematologic::FL1018T2
Zhang2019_Hematologic,Hematologic,FL1018T2,T_cell,T cell,Zhang2019_Hematologic::FL1018T2
Zhang2019_Hematologic,Hematologic,FL1018T2,B_cell,B cell,Zhang2019_Hematologic::FL1018T2
Zhang2019_Hematologic,Hematologic,FL2001T1,Malignant,Malignant,Zhang2019_Hematologic::FL2001T1
Zhang2019_Hematologic,Hematologic,FL2001T1,B_cell,B cell,Zhang2019_Hematologic::FL2001T1
Zhang2019_Hematologic,Hematologic,FL2001T1,T_cell,T cell,Zhang2019_Hematologic::FL2001T1
Zhang2019_Hematologic,Hematologic,FL2001T2,Malignant,Malignant,Zhang2019_Hematologic::FL2001T2
Zhang2019_Hematologic,Hematologic,FL2001T2,B_cell,B cell,Zhang2019_Hematologic::FL2001T2
Zhang2019_Hematologic,Hematologic,FL2001T2,T_cell,T cell,Zhang2019_Hematologic::FL2001T2
Bi2021_Kidney,Kidney,P55,T_cell,T cell,Bi2021_Kidney::P55
Bi2021_Kidney,Kidney,P55,Macrophage,Macrophage,Bi2021_Kidney::P55
Bi2021_Kidney,Kidney,P55,NK_cell,NK cell,Bi2021_Kidney::P55
Bi2021_Kidney,Kidney,P55,Malignant,Malignant,Bi2021_Kidney::P55
Bi2021_Kidney,Kidney,P55,Endothelial,Endothelial,Bi2021_Kidney::P55
Bi2021_Kidney,Kidney,P55,Myeloid,Myeloid,Bi2021_Kidney::P55
Bi2021_Kidney,Kidney,P55,Monocyte,Monocyte,Bi2021_Kidney::P55
Bi2021_Kidney,Kidney,P55,B_cell,B cell,Bi2021_Kidney::P55
Bi2021_Kidney,Kidney,P55,Dendritic,Dendritic,Bi2021_Kidney::P55
Bi2021_Kidney,Kidney,P55,Mast,Mast,Bi2021_Kidney::P55
Bi2021_Kidney,Kidney,P76,Myeloid,Myeloid,Bi2021_Kidney::P76
Bi2021_Kidney,Kidney,P76,Macrophage,Macrophage,Bi2021_Kidney::P76
Bi2021_Kidney,Kidney,P76,T_cell,T cell,Bi2021_Kidney::P76
Bi2021_Kidney,Kidney,P76,Malignant,Malignant,Bi2021_Kidney::P76
Bi2021_Kidney,Kidney,P76,NK_cell,NK cell,Bi2021_Kidney::P76
Bi2021_Kidney,Kidney,P76,Monocyte,Monocyte,Bi2021_Kidney::P76
Bi2021_Kidney,Kidney,P76,Endothelial,Endothelial,Bi2021_Kidney::P76
Bi2021_Kidney,Kidney,P76,Dendritic,Dendritic,Bi2021_Kidney::P76
Bi2021_Kidney,Kidney,P76,B_cell,B cell,Bi2021_Kidney::P76
Bi2021_Kidney,Kidney,P76,Plasma,Plasma,Bi2021_Kidney::P76
Bi2021_Kidney,Kidney,P76,Mast,Mast,Bi2021_Kidney::P76
Bi2021_Kidney,Kidney,P90,NK_cell,NK cell,Bi2021_Kidney::P90
Bi2021_Kidney,Kidney,P90,Malignant,Malignant,Bi2021_Kidney::P90
Bi2021_Kidney,Kidney,P90,Macrophage,Macrophage,Bi2021_Kidney::P90
Bi2021_Kidney,Kidney,P90,Myeloid,Myeloid,Bi2021_Kidney::P90
Bi2021_Kidney,Kidney,P90,Monocyte,Monocyte,Bi2021_Kidney::P90
Bi2021_Kidney,Kidney,P90,Dendritic,Dendritic,Bi2021_Kidney::P90
Bi2021_Kidney,Kidney,P90,T_cell,T cell,Bi2021_Kidney::P90
Bi2021_Kidney,Kidney,P90,B_cell,B cell,Bi2021_Kidney::P90
Bi2021_Kidney,Kidney,P90,Mast,Mast,Bi2021_Kidney::P90
Bi2021_Kidney,Kidney,P90,Plasma,Plasma,Bi2021_Kidney::P90
Bi2021_Kidney,Kidney,P906,Malignant,Malignant,Bi2021_Kidney::P906
Bi2021_Kidney,Kidney,P906,NK_cell,NK cell,Bi2021_Kidney::P906
Bi2021_Kidney,Kidney,P906,T_cell,T cell,Bi2021_Kidney::P906
Bi2021_Kidney,Kidney,P906,Myeloid,Myeloid,Bi2021_Kidney::P906
Bi2021_Kidney,Kidney,P906,B_cell,B cell,Bi2021_Kidney::P906
Bi2021_Kidney,Kidney,P906,Macrophage,Macrophage,Bi2021_Kidney::P906
Bi2021_Kidney,Kidney,P906,Endothelial,Endothelial,Bi2021_Kidney::P906
Bi2021_Kidney,Kidney,P906,Fibroblast,Fibroblast,Bi2021_Kidney::P906
Bi2021_Kidney,Kidney,P906,Monocyte,Monocyte,Bi2021_Kidney::P906
Bi2021_Kidney,Kidney,P906,Plasma,Plasma,Bi2021_Kidney::P906
Bi2021_Kidney,Kidney,P906,Dendritic,Dendritic,Bi2021_Kidney::P906
Bi2021_Kidney,Kidney,P912,T_cell,T cell,Bi2021_Kidney::P912
Bi2021_Kidney,Kidney,P912,B_cell,B cell,Bi2021_Kidney::P912
Bi2021_Kidney,Kidney,P912,Malignant,Malignant,Bi2021_Kidney::P912
Bi2021_Kidney,Kidney,P912,Monocyte,Monocyte,Bi2021_Kidney::P912
Bi2021_Kidney,Kidney,P912,Macrophage,Macrophage,Bi2021_Kidney::P912
Bi2021_Kidney,Kidney,P912,Myeloid,Myeloid,Bi2021_Kidney::P912
Bi2021_Kidney,Kidney,P912,Plasma,Plasma,Bi2021_Kidney::P912
Bi2021_Kidney,Kidney,P912,Dendritic,Dendritic,Bi2021_Kidney::P912
Bi2021_Kidney,Kidney,P912,NK_cell,NK cell,Bi2021_Kidney::P912
Bi2021_Kidney,Kidney,P912,Endothelial,Endothelial,Bi2021_Kidney::P912
Bi2021_Kidney,Kidney,P912,Fibroblast,Fibroblast,Bi2021_Kidney::P912
Bi2021_Kidney,Kidney,P913,T_cell,T cell,Bi2021_Kidney::P913
Bi2021_Kidney,Kidney,P913,Plasma,Plasma,Bi2021_Kidney::P913
Bi2021_Kidney,Kidney,P913,Malignant,Malignant,Bi2021_Kidney::P913
Bi2021_Kidney,Kidney,P913,B_cell,B cell,Bi2021_Kidney::P913
Bi2021_Kidney,Kidney,P913,Endothelial,Endothelial,Bi2021_Kidney::P913
Bi2021_Kidney,Kidney,P913,Macrophage,Macrophage,Bi2021_Kidney::P913
Bi2021_Kidney,Kidney,P913,NK_cell,NK cell,Bi2021_Kidney::P913
Bi2021_Kidney,Kidney,P913,Monocyte,Monocyte,Bi2021_Kidney::P913
Bi2021_Kidney,Kidney,P913,Fibroblast,Fibroblast,Bi2021_Kidney::P913
Bi2021_Kidney,Kidney,P913,Myeloid,Myeloid,Bi2021_Kidney::P913
Bi2021_Kidney,Kidney,P913,Dendritic,Dendritic,Bi2021_Kidney::P913
Bi2021_Kidney,Kidney,P913,Mast,Mast,Bi2021_Kidney::P913
Bi2021_Kidney,Kidney,P915,T_cell,T cell,Bi2021_Kidney::P915
Bi2021_Kidney,Kidney,P915,Macrophage,Macrophage,Bi2021_Kidney::P915
Bi2021_Kidney,Kidney,P915,NK_cell,NK cell,Bi2021_Kidney::P915
Bi2021_Kidney,Kidney,P915,Malignant,Malignant,Bi2021_Kidney::P915
Bi2021_Kidney,Kidney,P915,Endothelial,Endothelial,Bi2021_Kidney::P915
Bi2021_Kidney,Kidney,P915,B_cell,B cell,Bi2021_Kidney::P915
Bi2021_Kidney,Kidney,P915,Myeloid,Myeloid,Bi2021_Kidney::P915
Bi2021_Kidney,Kidney,P915,Dendritic,Dendritic,Bi2021_Kidney::P915
Bi2021_Kidney,Kidney,P915,Monocyte,Monocyte,Bi2021_Kidney::P915
Bi2021_Kidney,Kidney,P915,Plasma,Plasma,Bi2021_Kidney::P915
Bi2021_Kidney,Kidney,P915,Fibroblast,Fibroblast,Bi2021_Kidney::P915
Bi2021_Kidney,Kidney,P916,Malignant,Malignant,Bi2021_Kidney::P916
Bi2021_Kidney,Kidney,P916,T_cell,T cell,Bi2021_Kidney::P916
Bi2021_Kidney,Kidney,P916,Macrophage,Macrophage,Bi2021_Kidney::P916
Bi2021_Kidney,Kidney,P916,B_cell,B cell,Bi2021_Kidney::P916
Bi2021_Kidney,Kidney,P916,Monocyte,Monocyte,Bi2021_Kidney::P916
Bi2021_Kidney,Kidney,P916,NK_cell,NK cell,Bi2021_Kidney::P916
Bi2021_Kidney,Kidney,P916,Fibroblast,Fibroblast,Bi2021_Kidney::P916
Bi2021_Kidney,Kidney,P916,Endothelial,Endothelial,Bi2021_Kidney::P916
Bi2021_Kidney,Kidney,P916,Plasma,Plasma,Bi2021_Kidney::P916
Bi2021_Kidney,Kidney,P916,Myeloid,Myeloid,Bi2021_Kidney::P916
Bi2021_Kidney,Kidney,P916,Dendritic,Dendritic,Bi2021_Kidney::P916
Krishna2021_Kidney,Kidney,UT1_Center,T_cell,T cell,Krishna2021_Kidney::UT1_Center
Krishna2021_Kidney,Kidney,UT1_Center,NK_cell,NK cell,Krishna2021_Kidney::UT1_Center
Krishna2021_Kidney,Kidney,UT1_Center,Endothelial,Endothelial,Krishna2021_Kidney::UT1_Center
Krishna2021_Kidney,Kidney,UT1_Center,Epithelial,Epithelial,Krishna2021_Kidney::UT1_Center
Krishna2021_Kidney,Kidney,UT1_Center,Macrophage,Macrophage,Krishna2021_Kidney::UT1_Center
Krishna2021_Kidney,Kidney,UT1_Center,Monocyte,Monocyte,Krishna2021_Kidney::UT1_Center
Krishna2021_Kidney,Kidney,UT1_Center,Myofibroblast,Myofibroblast,Krishna2021_Kidney::UT1_Center
Krishna2021_Kidney,Kidney,UT1_Center,Dendritic,Dendritic,Krishna2021_Kidney::UT1_Center
Krishna2021_Kidney,Kidney,UT1_Center,Mast,Mast,Krishna2021_Kidney::UT1_Center
Krishna2021_Kidney,Kidney,UT1_Center,Malignant,Malignant,Krishna2021_Kidney::UT1_Center
Krishna2021_Kidney,Kidney,UT1_Center,B_cell,B cell,Krishna2021_Kidney::UT1_Center
Krishna2021_Kidney,Kidney,UT1_Center,Myeloid,Myeloid,Krishna2021_Kidney::UT1_Center
Krishna2021_Kidney,Kidney,UT1_Upper,Endothelial,Endothelial,Krishna2021_Kidney::UT1_Upper
Krishna2021_Kidney,Kidney,UT1_Upper,Dendritic,Dendritic,Krishna2021_Kidney::UT1_Upper
Krishna2021_Kidney,Kidney,UT1_Upper,NK_cell,NK cell,Krishna2021_Kidney::UT1_Upper
Krishna2021_Kidney,Kidney,UT1_Upper,T_cell,T cell,Krishna2021_Kidney::UT1_Upper
Krishna2021_Kidney,Kidney,UT1_Upper,Monocyte,Monocyte,Krishna2021_Kidney::UT1_Upper
Krishna2021_Kidney,Kidney,UT1_Upper,Macrophage,Macrophage,Krishna2021_Kidney::UT1_Upper
Krishna2021_Kidney,Kidney,UT1_Upper,B_cell,B cell,Krishna2021_Kidney::UT1_Upper
Krishna2021_Kidney,Kidney,UT1_Upper,Myofibroblast,Myofibroblast,Krishna2021_Kidney::UT1_Upper
Krishna2021_Kidney,Kidney,UT1_Upper,Epithelial,Epithelial,Krishna2021_Kidney::UT1_Upper
Krishna2021_Kidney,Kidney,UT1_Upper,Mast,Mast,Krishna2021_Kidney::UT1_Upper
Krishna2021_Kidney,Kidney,UT1_Upper,Malignant,Malignant,Krishna2021_Kidney::UT1_Upper
Krishna2021_Kidney,Kidney,UT1_Lower,Macrophage,Macrophage,Krishna2021_Kidney::UT1_Lower
Krishna2021_Kidney,Kidney,UT1_Lower,Dendritic,Dendritic,Krishna2021_Kidney::UT1_Lower
Krishna2021_Kidney,Kidney,UT1_Lower,Endothelial,Endothelial,Krishna2021_Kidney::UT1_Lower
Krishna2021_Kidney,Kidney,UT1_Lower,T_cell,T cell,Krishna2021_Kidney::UT1_Lower
Krishna2021_Kidney,Kidney,UT1_Lower,Myofibroblast,Myofibroblast,Krishna2021_Kidney::UT1_Lower
Krishna2021_Kidney,Kidney,UT1_Lower,Monocyte,Monocyte,Krishna2021_Kidney::UT1_Lower
Krishna2021_Kidney,Kidney,UT1_Lower,NK_cell,NK cell,Krishna2021_Kidney::UT1_Lower
Krishna2021_Kidney,Kidney,UT1_Lower,Malignant,Malignant,Krishna2021_Kidney::UT1_Lower
Krishna2021_Kidney,Kidney,UT1_Lower,B_cell,B cell,Krishna2021_Kidney::UT1_Lower
Krishna2021_Kidney,Kidney,UT1_Lower,Mast,Mast,Krishna2021_Kidney::UT1_Lower
Krishna2021_Kidney,Kidney,UT1_Lower,Epithelial,Epithelial,Krishna2021_Kidney::UT1_Lower
Krishna2021_Kidney,Kidney,UT2_Center,Malignant,Malignant,Krishna2021_Kidney::UT2_Center
Krishna2021_Kidney,Kidney,UT2_Center,T_cell,T cell,Krishna2021_Kidney::UT2_Center
Krishna2021_Kidney,Kidney,UT2_Center,Dendritic,Dendritic,Krishna2021_Kidney::UT2_Center
Krishna2021_Kidney,Kidney,UT2_Center,Epithelial,Epithelial,Krishna2021_Kidney::UT2_Center
Krishna2021_Kidney,Kidney,UT2_Center,Macrophage,Macrophage,Krishna2021_Kidney::UT2_Center
Krishna2021_Kidney,Kidney,UT2_Center,NK_cell,NK cell,Krishna2021_Kidney::UT2_Center
Krishna2021_Kidney,Kidney,UT2_Center,Myofibroblast,Myofibroblast,Krishna2021_Kidney::UT2_Center
Krishna2021_Kidney,Kidney,UT2_Center,B_cell,B cell,Krishna2021_Kidney::UT2_Center
Krishna2021_Kidney,Kidney,UT2_Center,Monocyte,Monocyte,Krishna2021_Kidney::UT2_Center
Krishna2021_Kidney,Kidney,UT2_Center,Mast,Mast,Krishna2021_Kidney::UT2_Center
Krishna2021_Kidney,Kidney,UT2_Center,Endothelial,Endothelial,Krishna2021_Kidney::UT2_Center
Krishna2021_Kidney,Kidney,UT2_Far,Dendritic,Dendritic,Krishna2021_Kidney::UT2_Far
Krishna2021_Kidney,Kidney,UT2_Far,Malignant,Malignant,Krishna2021_Kidney::UT2_Far
Krishna2021_Kidney,Kidney,UT2_Far,Monocyte,Monocyte,Krishna2021_Kidney::UT2_Far
Krishna2021_Kidney,Kidney,UT2_Far,T_cell,T cell,Krishna2021_Kidney::UT2_Far
Krishna2021_Kidney,Kidney,UT2_Far,Macrophage,Macrophage,Krishna2021_Kidney::UT2_Far
Krishna2021_Kidney,Kidney,UT2_Far,NK_cell,NK cell,Krishna2021_Kidney::UT2_Far
Krishna2021_Kidney,Kidney,UT2_Far,Endothelial,Endothelial,Krishna2021_Kidney::UT2_Far
Krishna2021_Kidney,Kidney,UT2_Far,Epithelial,Epithelial,Krishna2021_Kidney::UT2_Far
Krishna2021_Kidney,Kidney,UT2_Far,Myofibroblast,Myofibroblast,Krishna2021_Kidney::UT2_Far
Krishna2021_Kidney,Kidney,UT2_Far,B_cell,B cell,Krishna2021_Kidney::UT2_Far
Krishna2021_Kidney,Kidney,UT2_Far,Mast,Mast,Krishna2021_Kidney::UT2_Far
Krishna2021_Kidney,Kidney,UT2_Far,Myeloid,Myeloid,Krishna2021_Kidney::UT2_Far
Krishna2021_Kidney,Kidney,UT2_Near,T_cell,T cell,Krishna2021_Kidney::UT2_Near
Krishna2021_Kidney,Kidney,UT2_Near,Monocyte,Monocyte,Krishna2021_Kidney::UT2_Near
Krishna2021_Kidney,Kidney,UT2_Near,Myofibroblast,Myofibroblast,Krishna2021_Kidney::UT2_Near
Krishna2021_Kidney,Kidney,UT2_Near,Epithelial,Epithelial,Krishna2021_Kidney::UT2_Near
Krishna2021_Kidney,Kidney,UT2_Near,Mast,Mast,Krishna2021_Kidney::UT2_Near
Krishna2021_Kidney,Kidney,UT2_Near,Malignant,Malignant,Krishna2021_Kidney::UT2_Near
Krishna2021_Kidney,Kidney,UT2_Near,Macrophage,Macrophage,Krishna2021_Kidney::UT2_Near
Krishna2021_Kidney,Kidney,UT2_Near,NK_cell,NK cell,Krishna2021_Kidney::UT2_Near
Krishna2021_Kidney,Kidney,UT2_Near,Dendritic,Dendritic,Krishna2021_Kidney::UT2_Near
Krishna2021_Kidney,Kidney,UT2_Near,Endothelial,Endothelial,Krishna2021_Kidney::UT2_Near
Krishna2021_Kidney,Kidney,UT2_Normal,NK_cell,NK cell,Krishna2021_Kidney::UT2_Normal
Krishna2021_Kidney,Kidney,UT2_Normal,T_cell,T cell,Krishna2021_Kidney::UT2_Normal
Krishna2021_Kidney,Kidney,UT2_Normal,Monocyte,Monocyte,Krishna2021_Kidney::UT2_Normal
Krishna2021_Kidney,Kidney,UT2_Normal,Endothelial,Endothelial,Krishna2021_Kidney::UT2_Normal
Krishna2021_Kidney,Kidney,UT2_Normal,Dendritic,Dendritic,Krishna2021_Kidney::UT2_Normal
Krishna2021_Kidney,Kidney,UT2_Normal,Epithelial,Epithelial,Krishna2021_Kidney::UT2_Normal
Krishna2021_Kidney,Kidney,UT2_Normal,B_cell,B cell,Krishna2021_Kidney::UT2_Normal
Krishna2021_Kidney,Kidney,UT2_Normal,Myeloid,Myeloid,Krishna2021_Kidney::UT2_Normal
Krishna2021_Kidney,Kidney,UT2_Normal,Macrophage,Macrophage,Krishna2021_Kidney::UT2_Normal
Krishna2021_Kidney,Kidney,UT2_Normal,Myofibroblast,Myofibroblast,Krishna2021_Kidney::UT2_Normal
Krishna2021_Kidney,Kidney,UT2_Normal,Malignant,Malignant,Krishna2021_Kidney::UT2_Normal
Krishna2021_Kidney,Kidney,UT1_Normal,NK_cell,NK cell,Krishna2021_Kidney::UT1_Normal
Krishna2021_Kidney,Kidney,UT1_Normal,Monocyte,Monocyte,Krishna2021_Kidney::UT1_Normal
Krishna2021_Kidney,Kidney,UT1_Normal,T_cell,T cell,Krishna2021_Kidney::UT1_Normal
Krishna2021_Kidney,Kidney,UT1_Normal,Dendritic,Dendritic,Krishna2021_Kidney::UT1_Normal
Krishna2021_Kidney,Kidney,UT1_Normal,Endothelial,Endothelial,Krishna2021_Kidney::UT1_Normal
Krishna2021_Kidney,Kidney,UT1_Normal,Epithelial,Epithelial,Krishna2021_Kidney::UT1_Normal
Krishna2021_Kidney,Kidney,UT1_Normal,Malignant,Malignant,Krishna2021_Kidney::UT1_Normal
Krishna2021_Kidney,Kidney,UT1_Normal,Macrophage,Macrophage,Krishna2021_Kidney::UT1_Normal
Krishna2021_Kidney,Kidney,UT1_Normal,Myofibroblast,Myofibroblast,Krishna2021_Kidney::UT1_Normal
Krishna2021_Kidney,Kidney,UT1_Normal,B_cell,B cell,Krishna2021_Kidney::UT1_Normal
Krishna2021_Kidney,Kidney,t1_SupraLateral,T_cell,T cell,Krishna2021_Kidney::t1_SupraLateral
Krishna2021_Kidney,Kidney,t1_SupraLateral,NK_cell,NK cell,Krishna2021_Kidney::t1_SupraLateral
Krishna2021_Kidney,Kidney,t1_SupraLateral,Dendritic,Dendritic,Krishna2021_Kidney::t1_SupraLateral
Krishna2021_Kidney,Kidney,t1_SupraLateral,Mast,Mast,Krishna2021_Kidney::t1_SupraLateral
Krishna2021_Kidney,Kidney,t1_SupraLateral,Macrophage,Macrophage,Krishna2021_Kidney::t1_SupraLateral
Krishna2021_Kidney,Kidney,t1_SupraLateral,Monocyte,Monocyte,Krishna2021_Kidney::t1_SupraLateral
Krishna2021_Kidney,Kidney,t1_SupraLateral,B_cell,B cell,Krishna2021_Kidney::t1_SupraLateral
Krishna2021_Kidney,Kidney,t1_SupraLateral,Endothelial,Endothelial,Krishna2021_Kidney::t1_SupraLateral
Krishna2021_Kidney,Kidney,t1_SupraLateral,Epithelial,Epithelial,Krishna2021_Kidney::t1_SupraLateral
Krishna2021_Kidney,Kidney,t1_SupraLateral,Myofibroblast,Myofibroblast,Krishna2021_Kidney::t1_SupraLateral
Krishna2021_Kidney,Kidney,t1_SupraLateral,Malignant,Malignant,Krishna2021_Kidney::t1_SupraLateral
Krishna2021_Kidney,Kidney,t1_LowerLateral,T_cell,T cell,Krishna2021_Kidney::t1_LowerLateral
Krishna2021_Kidney,Kidney,t1_LowerLateral,Endothelial,Endothelial,Krishna2021_Kidney::t1_LowerLateral
Krishna2021_Kidney,Kidney,t1_LowerLateral,Macrophage,Macrophage,Krishna2021_Kidney::t1_LowerLateral
Krishna2021_Kidney,Kidney,t1_LowerLateral,NK_cell,NK cell,Krishna2021_Kidney::t1_LowerLateral
Krishna2021_Kidney,Kidney,t1_LowerLateral,Monocyte,Monocyte,Krishna2021_Kidney::t1_LowerLateral
Krishna2021_Kidney,Kidney,t1_LowerLateral,Myofibroblast,Myofibroblast,Krishna2021_Kidney::t1_LowerLateral
Krishna2021_Kidney,Kidney,t1_LowerLateral,Dendritic,Dendritic,Krishna2021_Kidney::t1_LowerLateral
Krishna2021_Kidney,Kidney,t1_LowerLateral,Mast,Mast,Krishna2021_Kidney::t1_LowerLateral
Krishna2021_Kidney,Kidney,t1_LowerLateral,Epithelial,Epithelial,Krishna2021_Kidney::t1_LowerLateral
Krishna2021_Kidney,Kidney,t1_LowerLateral,B_cell,B cell,Krishna2021_Kidney::t1_LowerLateral
Krishna2021_Kidney,Kidney,t1_LowerLateral,Malignant,Malignant,Krishna2021_Kidney::t1_LowerLateral
Krishna2021_Kidney,Kidney,t1_LowerMedial,T_cell,T cell,Krishna2021_Kidney::t1_LowerMedial
Krishna2021_Kidney,Kidney,t1_LowerMedial,NK_cell,NK cell,Krishna2021_Kidney::t1_LowerMedial
Krishna2021_Kidney,Kidney,t1_LowerMedial,Macrophage,Macrophage,Krishna2021_Kidney::t1_LowerMedial
Krishna2021_Kidney,Kidney,t1_LowerMedial,Monocyte,Monocyte,Krishna2021_Kidney::t1_LowerMedial
Krishna2021_Kidney,Kidney,t1_LowerMedial,Epithelial,Epithelial,Krishna2021_Kidney::t1_LowerMedial
Krishna2021_Kidney,Kidney,t1_LowerMedial,Myofibroblast,Myofibroblast,Krishna2021_Kidney::t1_LowerMedial
Krishna2021_Kidney,Kidney,t1_LowerMedial,Dendritic,Dendritic,Krishna2021_Kidney::t1_LowerMedial
Krishna2021_Kidney,Kidney,t1_LowerMedial,B_cell,B cell,Krishna2021_Kidney::t1_LowerMedial
Krishna2021_Kidney,Kidney,t1_LowerMedial,Endothelial,Endothelial,Krishna2021_Kidney::t1_LowerMedial
Krishna2021_Kidney,Kidney,t1_LowerMedial,Malignant,Malignant,Krishna2021_Kidney::t1_LowerMedial
Krishna2021_Kidney,Kidney,t1_LowerMedial,Mast,Mast,Krishna2021_Kidney::t1_LowerMedial
Krishna2021_Kidney,Kidney,t1_Normal,Monocyte,Monocyte,Krishna2021_Kidney::t1_Normal
Krishna2021_Kidney,Kidney,t1_Normal,NK_cell,NK cell,Krishna2021_Kidney::t1_Normal
Krishna2021_Kidney,Kidney,t1_Normal,T_cell,T cell,Krishna2021_Kidney::t1_Normal
Krishna2021_Kidney,Kidney,t1_Normal,Epithelial,Epithelial,Krishna2021_Kidney::t1_Normal
Krishna2021_Kidney,Kidney,t1_Normal,Endothelial,Endothelial,Krishna2021_Kidney::t1_Normal
Krishna2021_Kidney,Kidney,t1_Normal,Dendritic,Dendritic,Krishna2021_Kidney::t1_Normal
Krishna2021_Kidney,Kidney,t1_Normal,Myofibroblast,Myofibroblast,Krishna2021_Kidney::t1_Normal
Krishna2021_Kidney,Kidney,t1_Normal,B_cell,B cell,Krishna2021_Kidney::t1_Normal
Krishna2021_Kidney,Kidney,t1_Normal,Macrophage,Macrophage,Krishna2021_Kidney::t1_Normal
Krishna2021_Kidney,Kidney,t1_Normal,Malignant,Malignant,Krishna2021_Kidney::t1_Normal
Krishna2021_Kidney,Kidney,t1_Normal,Mast,Mast,Krishna2021_Kidney::t1_Normal
Krishna2021_Kidney,Kidney,t1_PBMC,Monocyte,Monocyte,Krishna2021_Kidney::t1_PBMC
Krishna2021_Kidney,Kidney,t1_PBMC,T_cell,T cell,Krishna2021_Kidney::t1_PBMC
Krishna2021_Kidney,Kidney,t1_PBMC,NK_cell,NK cell,Krishna2021_Kidney::t1_PBMC
Krishna2021_Kidney,Kidney,t1_PBMC,B_cell,B cell,Krishna2021_Kidney::t1_PBMC
Krishna2021_Kidney,Kidney,t1_PBMC,Dendritic,Dendritic,Krishna2021_Kidney::t1_PBMC
Krishna2021_Kidney,Kidney,t1_PBMC,Macrophage,Macrophage,Krishna2021_Kidney::t1_PBMC
Krishna2021_Kidney,Kidney,t1_PBMC,Myeloid,Myeloid,Krishna2021_Kidney::t1_PBMC
Krishna2021_Kidney,Kidney,t2_Center,Macrophage,Macrophage,Krishna2021_Kidney::t2_Center
Krishna2021_Kidney,Kidney,t2_Center,T_cell,T cell,Krishna2021_Kidney::t2_Center
Krishna2021_Kidney,Kidney,t2_Center,Epithelial,Epithelial,Krishna2021_Kidney::t2_Center
Krishna2021_Kidney,Kidney,t2_Center,Myofibroblast,Myofibroblast,Krishna2021_Kidney::t2_Center
Krishna2021_Kidney,Kidney,t2_Center,Dendritic,Dendritic,Krishna2021_Kidney::t2_Center
Krishna2021_Kidney,Kidney,t2_Center,Mast,Mast,Krishna2021_Kidney::t2_Center
Krishna2021_Kidney,Kidney,t2_Center,B_cell,B cell,Krishna2021_Kidney::t2_Center
Krishna2021_Kidney,Kidney,t2_Center,Endothelial,Endothelial,Krishna2021_Kidney::t2_Center
Krishna2021_Kidney,Kidney,t2_Center,NK_cell,NK cell,Krishna2021_Kidney::t2_Center
Krishna2021_Kidney,Kidney,t2_Center,Monocyte,Monocyte,Krishna2021_Kidney::t2_Center
Krishna2021_Kidney,Kidney,t2_Center,Malignant,Malignant,Krishna2021_Kidney::t2_Center
Krishna2021_Kidney,Kidney,t2_Center,Myeloid,Myeloid,Krishna2021_Kidney::t2_Center
Krishna2021_Kidney,Kidney,t2_Far,T_cell,T cell,Krishna2021_Kidney::t2_Far
Krishna2021_Kidney,Kidney,t2_Far,Epithelial,Epithelial,Krishna2021_Kidney::t2_Far
Krishna2021_Kidney,Kidney,t2_Far,Macrophage,Macrophage,Krishna2021_Kidney::t2_Far
Krishna2021_Kidney,Kidney,t2_Far,Myofibroblast,Myofibroblast,Krishna2021_Kidney::t2_Far
Krishna2021_Kidney,Kidney,t2_Far,Monocyte,Monocyte,Krishna2021_Kidney::t2_Far
Krishna2021_Kidney,Kidney,t2_Far,Mast,Mast,Krishna2021_Kidney::t2_Far
Krishna2021_Kidney,Kidney,t2_Far,Dendritic,Dendritic,Krishna2021_Kidney::t2_Far
Krishna2021_Kidney,Kidney,t2_Far,Malignant,Malignant,Krishna2021_Kidney::t2_Far
Krishna2021_Kidney,Kidney,t2_Far,Endothelial,Endothelial,Krishna2021_Kidney::t2_Far
Krishna2021_Kidney,Kidney,t2_Far,NK_cell,NK cell,Krishna2021_Kidney::t2_Far
Krishna2021_Kidney,Kidney,t2_Far,B_cell,B cell,Krishna2021_Kidney::t2_Far
Krishna2021_Kidney,Kidney,t2_Near,Macrophage,Macrophage,Krishna2021_Kidney::t2_Near
Krishna2021_Kidney,Kidney,t2_Near,Epithelial,Epithelial,Krishna2021_Kidney::t2_Near
Krishna2021_Kidney,Kidney,t2_Near,T_cell,T cell,Krishna2021_Kidney::t2_Near
Krishna2021_Kidney,Kidney,t2_Near,Myofibroblast,Myofibroblast,Krishna2021_Kidney::t2_Near
Krishna2021_Kidney,Kidney,t2_Near,Dendritic,Dendritic,Krishna2021_Kidney::t2_Near
Krishna2021_Kidney,Kidney,t2_Near,Monocyte,Monocyte,Krishna2021_Kidney::t2_Near
Krishna2021_Kidney,Kidney,t2_Near,Endothelial,Endothelial,Krishna2021_Kidney::t2_Near
Krishna2021_Kidney,Kidney,t2_Near,NK_cell,NK cell,Krishna2021_Kidney::t2_Near
Krishna2021_Kidney,Kidney,t2_Near,Malignant,Malignant,Krishna2021_Kidney::t2_Near
Krishna2021_Kidney,Kidney,t2_Near,B_cell,B cell,Krishna2021_Kidney::t2_Near
Krishna2021_Kidney,Kidney,t2_Near,Mast,Mast,Krishna2021_Kidney::t2_Near
Krishna2021_Kidney,Kidney,t2_Near,Myeloid,Myeloid,Krishna2021_Kidney::t2_Near
Krishna2021_Kidney,Kidney,t2_LymphNode,Macrophage,Macrophage,Krishna2021_Kidney::t2_LymphNode
Krishna2021_Kidney,Kidney,t2_LymphNode,Epithelial,Epithelial,Krishna2021_Kidney::t2_LymphNode
Krishna2021_Kidney,Kidney,t2_LymphNode,Dendritic,Dendritic,Krishna2021_Kidney::t2_LymphNode
Krishna2021_Kidney,Kidney,t2_LymphNode,Malignant,Malignant,Krishna2021_Kidney::t2_LymphNode
Krishna2021_Kidney,Kidney,t2_LymphNode,Endothelial,Endothelial,Krishna2021_Kidney::t2_LymphNode
Krishna2021_Kidney,Kidney,t2_LymphNode,Myofibroblast,Myofibroblast,Krishna2021_Kidney::t2_LymphNode
Krishna2021_Kidney,Kidney,t2_LymphNode,Monocyte,Monocyte,Krishna2021_Kidney::t2_LymphNode
Krishna2021_Kidney,Kidney,t2_LymphNode,Mast,Mast,Krishna2021_Kidney::t2_LymphNode
Krishna2021_Kidney,Kidney,t2_LymphNode,T_cell,T cell,Krishna2021_Kidney::t2_LymphNode
Krishna2021_Kidney,Kidney,t2_LymphNode,B_cell,B cell,Krishna2021_Kidney::t2_LymphNode
Krishna2021_Kidney,Kidney,t2_Normal,Dendritic,Dendritic,Krishna2021_Kidney::t2_Normal
Krishna2021_Kidney,Kidney,t2_Normal,Endothelial,Endothelial,Krishna2021_Kidney::t2_Normal
Krishna2021_Kidney,Kidney,t2_Normal,NK_cell,NK cell,Krishna2021_Kidney::t2_Normal
Krishna2021_Kidney,Kidney,t2_Normal,T_cell,T cell,Krishna2021_Kidney::t2_Normal
Krishna2021_Kidney,Kidney,t2_Normal,Monocyte,Monocyte,Krishna2021_Kidney::t2_Normal
Krishna2021_Kidney,Kidney,t2_Normal,Macrophage,Macrophage,Krishna2021_Kidney::t2_Normal
Krishna2021_Kidney,Kidney,t2_Normal,Malignant,Malignant,Krishna2021_Kidney::t2_Normal
Krishna2021_Kidney,Kidney,t2_Normal,Epithelial,Epithelial,Krishna2021_Kidney::t2_Normal
Krishna2021_Kidney,Kidney,t2_Normal,Mast,Mast,Krishna2021_Kidney::t2_Normal
Krishna2021_Kidney,Kidney,t2_Normal,B_cell,B cell,Krishna2021_Kidney::t2_Normal
Krishna2021_Kidney,Kidney,t2_Normal,Myofibroblast,Myofibroblast,Krishna2021_Kidney::t2_Normal
Krishna2021_Kidney,Kidney,t2_Normal,Myeloid,Myeloid,Krishna2021_Kidney::t2_Normal
Krishna2021_Kidney,Kidney,t2_PBMC,Monocyte,Monocyte,Krishna2021_Kidney::t2_PBMC
Krishna2021_Kidney,Kidney,t2_PBMC,T_cell,T cell,Krishna2021_Kidney::t2_PBMC
Krishna2021_Kidney,Kidney,t2_PBMC,NK_cell,NK cell,Krishna2021_Kidney::t2_PBMC
Krishna2021_Kidney,Kidney,t2_PBMC,Dendritic,Dendritic,Krishna2021_Kidney::t2_PBMC
Krishna2021_Kidney,Kidney,t2_PBMC,B_cell,B cell,Krishna2021_Kidney::t2_PBMC
Krishna2021_Kidney,Kidney,t2_PBMC,Myeloid,Myeloid,Krishna2021_Kidney::t2_PBMC
Krishna2021_Kidney,Kidney,t2_PBMC,Macrophage,Macrophage,Krishna2021_Kidney::t2_PBMC
Krishna2021_Kidney,Kidney,t3_Center,T_cell,T cell,Krishna2021_Kidney::t3_Center
Krishna2021_Kidney,Kidney,t3_Center,Epithelial,Epithelial,Krishna2021_Kidney::t3_Center
Krishna2021_Kidney,Kidney,t3_Center,Monocyte,Monocyte,Krishna2021_Kidney::t3_Center
Krishna2021_Kidney,Kidney,t3_Center,B_cell,B cell,Krishna2021_Kidney::t3_Center
Krishna2021_Kidney,Kidney,t3_Center,Dendritic,Dendritic,Krishna2021_Kidney::t3_Center
Krishna2021_Kidney,Kidney,t3_Center,Macrophage,Macrophage,Krishna2021_Kidney::t3_Center
Krishna2021_Kidney,Kidney,t3_Center,Endothelial,Endothelial,Krishna2021_Kidney::t3_Center
Krishna2021_Kidney,Kidney,t3_Center,Myofibroblast,Myofibroblast,Krishna2021_Kidney::t3_Center
Krishna2021_Kidney,Kidney,t3_Center,NK_cell,NK cell,Krishna2021_Kidney::t3_Center
Krishna2021_Kidney,Kidney,t3_Center,Malignant,Malignant,Krishna2021_Kidney::t3_Center
Krishna2021_Kidney,Kidney,t3_Center,Mast,Mast,Krishna2021_Kidney::t3_Center
Krishna2021_Kidney,Kidney,t3_Far,T_cell,T cell,Krishna2021_Kidney::t3_Far
Krishna2021_Kidney,Kidney,t3_Far,Epithelial,Epithelial,Krishna2021_Kidney::t3_Far
Krishna2021_Kidney,Kidney,t3_Far,Macrophage,Macrophage,Krishna2021_Kidney::t3_Far
Krishna2021_Kidney,Kidney,t3_Far,Dendritic,Dendritic,Krishna2021_Kidney::t3_Far
Krishna2021_Kidney,Kidney,t3_Far,Monocyte,Monocyte,Krishna2021_Kidney::t3_Far
Krishna2021_Kidney,Kidney,t3_Far,Endothelial,Endothelial,Krishna2021_Kidney::t3_Far
Krishna2021_Kidney,Kidney,t3_Far,B_cell,B cell,Krishna2021_Kidney::t3_Far
Krishna2021_Kidney,Kidney,t3_Far,Myofibroblast,Myofibroblast,Krishna2021_Kidney::t3_Far
Krishna2021_Kidney,Kidney,t3_Far,NK_cell,NK cell,Krishna2021_Kidney::t3_Far
Krishna2021_Kidney,Kidney,t3_Far,Malignant,Malignant,Krishna2021_Kidney::t3_Far
Krishna2021_Kidney,Kidney,t3_Far,Mast,Mast,Krishna2021_Kidney::t3_Far
Krishna2021_Kidney,Kidney,t3_Near,T_cell,T cell,Krishna2021_Kidney::t3_Near
Krishna2021_Kidney,Kidney,t3_Near,Macrophage,Macrophage,Krishna2021_Kidney::t3_Near
Krishna2021_Kidney,Kidney,t3_Near,Monocyte,Monocyte,Krishna2021_Kidney::t3_Near
Krishna2021_Kidney,Kidney,t3_Near,Myofibroblast,Myofibroblast,Krishna2021_Kidney::t3_Near
Krishna2021_Kidney,Kidney,t3_Near,NK_cell,NK cell,Krishna2021_Kidney::t3_Near
Krishna2021_Kidney,Kidney,t3_Near,Dendritic,Dendritic,Krishna2021_Kidney::t3_Near
Krishna2021_Kidney,Kidney,t3_Near,Epithelial,Epithelial,Krishna2021_Kidney::t3_Near
Krishna2021_Kidney,Kidney,t3_Near,Malignant,Malignant,Krishna2021_Kidney::t3_Near
Krishna2021_Kidney,Kidney,t3_Near,B_cell,B cell,Krishna2021_Kidney::t3_Near
Krishna2021_Kidney,Kidney,t3_Near,Endothelial,Endothelial,Krishna2021_Kidney::t3_Near
Krishna2021_Kidney,Kidney,t3_Normal,Endothelial,Endothelial,Krishna2021_Kidney::t3_Normal
Krishna2021_Kidney,Kidney,t3_Normal,T_cell,T cell,Krishna2021_Kidney::t3_Normal
Krishna2021_Kidney,Kidney,t3_Normal,Myofibroblast,Myofibroblast,Krishna2021_Kidney::t3_Normal
Krishna2021_Kidney,Kidney,t3_Normal,NK_cell,NK cell,Krishna2021_Kidney::t3_Normal
Krishna2021_Kidney,Kidney,t3_Normal,Macrophage,Macrophage,Krishna2021_Kidney::t3_Normal
Krishna2021_Kidney,Kidney,t3_Normal,Monocyte,Monocyte,Krishna2021_Kidney::t3_Normal
Krishna2021_Kidney,Kidney,t3_Normal,Epithelial,Epithelial,Krishna2021_Kidney::t3_Normal
Krishna2021_Kidney,Kidney,t3_Normal,B_cell,B cell,Krishna2021_Kidney::t3_Normal
Krishna2021_Kidney,Kidney,t3_Normal,Malignant,Malignant,Krishna2021_Kidney::t3_Normal
Krishna2021_Kidney,Kidney,t3_Normal,Dendritic,Dendritic,Krishna2021_Kidney::t3_Normal
Krishna2021_Kidney,Kidney,t3_Normal,Myeloid,Myeloid,Krishna2021_Kidney::t3_Normal
Krishna2021_Kidney,Kidney,t3_PBMC,T_cell,T cell,Krishna2021_Kidney::t3_PBMC
Krishna2021_Kidney,Kidney,t3_PBMC,B_cell,B cell,Krishna2021_Kidney::t3_PBMC
Krishna2021_Kidney,Kidney,t3_PBMC,Monocyte,Monocyte,Krishna2021_Kidney::t3_PBMC
Krishna2021_Kidney,Kidney,t3_PBMC,NK_cell,NK cell,Krishna2021_Kidney::t3_PBMC
Krishna2021_Kidney,Kidney,t3_PBMC,Dendritic,Dendritic,Krishna2021_Kidney::t3_PBMC
Krishna2021_Kidney,Kidney,t3_PBMC,Macrophage,Macrophage,Krishna2021_Kidney::t3_PBMC
Krishna2021_Kidney,Kidney,t4_Center,T_cell,T cell,Krishna2021_Kidney::t4_Center
Krishna2021_Kidney,Kidney,t4_Center,NK_cell,NK cell,Krishna2021_Kidney::t4_Center
Krishna2021_Kidney,Kidney,t4_Center,Monocyte,Monocyte,Krishna2021_Kidney::t4_Center
Krishna2021_Kidney,Kidney,t4_Center,Macrophage,Macrophage,Krishna2021_Kidney::t4_Center
Krishna2021_Kidney,Kidney,t4_Center,B_cell,B cell,Krishna2021_Kidney::t4_Center
Krishna2021_Kidney,Kidney,t4_Center,Dendritic,Dendritic,Krishna2021_Kidney::t4_Center
Krishna2021_Kidney,Kidney,t4_Center,Endothelial,Endothelial,Krishna2021_Kidney::t4_Center
Krishna2021_Kidney,Kidney,t4_Center,Myofibroblast,Myofibroblast,Krishna2021_Kidney::t4_Center
Krishna2021_Kidney,Kidney,t4_Center,Malignant,Malignant,Krishna2021_Kidney::t4_Center
Krishna2021_Kidney,Kidney,t4_Center,Epithelial,Epithelial,Krishna2021_Kidney::t4_Center
Krishna2021_Kidney,Kidney,t4_Lateral,Monocyte,Monocyte,Krishna2021_Kidney::t4_Lateral
Krishna2021_Kidney,Kidney,t4_Lateral,T_cell,T cell,Krishna2021_Kidney::t4_Lateral
Krishna2021_Kidney,Kidney,t4_Lateral,Dendritic,Dendritic,Krishna2021_Kidney::t4_Lateral
Krishna2021_Kidney,Kidney,t4_Lateral,Macrophage,Macrophage,Krishna2021_Kidney::t4_Lateral
Krishna2021_Kidney,Kidney,t4_Lateral,NK_cell,NK cell,Krishna2021_Kidney::t4_Lateral
Krishna2021_Kidney,Kidney,t4_Lateral,Endothelial,Endothelial,Krishna2021_Kidney::t4_Lateral
Krishna2021_Kidney,Kidney,t4_Lateral,B_cell,B cell,Krishna2021_Kidney::t4_Lateral
Krishna2021_Kidney,Kidney,t4_Lateral,Malignant,Malignant,Krishna2021_Kidney::t4_Lateral
Krishna2021_Kidney,Kidney,t4_Lateral,Myofibroblast,Myofibroblast,Krishna2021_Kidney::t4_Lateral
Krishna2021_Kidney,Kidney,t4_Lateral,Myeloid,Myeloid,Krishna2021_Kidney::t4_Lateral
Krishna2021_Kidney,Kidney,t4_Lateral,Epithelial,Epithelial,Krishna2021_Kidney::t4_Lateral
Krishna2021_Kidney,Kidney,t4_Medial,Epithelial,Epithelial,Krishna2021_Kidney::t4_Medial
Krishna2021_Kidney,Kidney,t4_Medial,T_cell,T cell,Krishna2021_Kidney::t4_Medial
Krishna2021_Kidney,Kidney,t4_Medial,Monocyte,Monocyte,Krishna2021_Kidney::t4_Medial
Krishna2021_Kidney,Kidney,t4_Medial,Dendritic,Dendritic,Krishna2021_Kidney::t4_Medial
Krishna2021_Kidney,Kidney,t4_Medial,B_cell,B cell,Krishna2021_Kidney::t4_Medial
Krishna2021_Kidney,Kidney,t4_Medial,NK_cell,NK cell,Krishna2021_Kidney::t4_Medial
Krishna2021_Kidney,Kidney,t4_Medial,Endothelial,Endothelial,Krishna2021_Kidney::t4_Medial
Krishna2021_Kidney,Kidney,t4_Medial,Malignant,Malignant,Krishna2021_Kidney::t4_Medial
Krishna2021_Kidney,Kidney,t4_Medial,Macrophage,Macrophage,Krishna2021_Kidney::t4_Medial
Krishna2021_Kidney,Kidney,t4_Medial,Myofibroblast,Myofibroblast,Krishna2021_Kidney::t4_Medial
Krishna2021_Kidney,Kidney,t4_Normal,Monocyte,Monocyte,Krishna2021_Kidney::t4_Normal
Krishna2021_Kidney,Kidney,t4_Normal,T_cell,T cell,Krishna2021_Kidney::t4_Normal
Krishna2021_Kidney,Kidney,t4_Normal,NK_cell,NK cell,Krishna2021_Kidney::t4_Normal
Krishna2021_Kidney,Kidney,t4_Normal,Epithelial,Epithelial,Krishna2021_Kidney::t4_Normal
Krishna2021_Kidney,Kidney,t4_Normal,Macrophage,Macrophage,Krishna2021_Kidney::t4_Normal
Krishna2021_Kidney,Kidney,t4_Normal,Endothelial,Endothelial,Krishna2021_Kidney::t4_Normal
Krishna2021_Kidney,Kidney,t4_Normal,Dendritic,Dendritic,Krishna2021_Kidney::t4_Normal
Krishna2021_Kidney,Kidney,t4_Normal,B_cell,B cell,Krishna2021_Kidney::t4_Normal
Krishna2021_Kidney,Kidney,t4_Normal,Malignant,Malignant,Krishna2021_Kidney::t4_Normal
Krishna2021_Kidney,Kidney,t4_Normal,Myofibroblast,Myofibroblast,Krishna2021_Kidney::t4_Normal
Krishna2021_Kidney,Kidney,t4_PBMC,T_cell,T cell,Krishna2021_Kidney::t4_PBMC
Krishna2021_Kidney,Kidney,t4_PBMC,NK_cell,NK cell,Krishna2021_Kidney::t4_PBMC
Krishna2021_Kidney,Kidney,t4_PBMC,Monocyte,Monocyte,Krishna2021_Kidney::t4_PBMC
Krishna2021_Kidney,Kidney,t4_PBMC,B_cell,B cell,Krishna2021_Kidney::t4_PBMC
Krishna2021_Kidney,Kidney,t4_PBMC,Myeloid,Myeloid,Krishna2021_Kidney::t4_PBMC
Krishna2021_Kidney,Kidney,t4_PBMC,Dendritic,Dendritic,Krishna2021_Kidney::t4_PBMC
Krishna2021_Kidney,Kidney,t4_PBMC,Macrophage,Macrophage,Krishna2021_Kidney::t4_PBMC
Obradovic2021_Kidney,Kidney,Patient1,Endothelial,Endothelial,Obradovic2021_Kidney::Patient1
Obradovic2021_Kidney,Kidney,Patient1,Malignant,Malignant,Obradovic2021_Kidney::Patient1
Obradovic2021_Kidney,Kidney,Patient1,Fibroblast,Fibroblast,Obradovic2021_Kidney::Patient1
Obradovic2021_Kidney,Kidney,Patient1,Macrophage,Macrophage,Obradovic2021_Kidney::Patient1
Obradovic2021_Kidney,Kidney,Patient1,Epithelial,Epithelial,Obradovic2021_Kidney::Patient1
Obradovic2021_Kidney,Kidney,Patient2,Malignant,Malignant,Obradovic2021_Kidney::Patient2
Obradovic2021_Kidney,Kidney,Patient2,Fibroblast,Fibroblast,Obradovic2021_Kidney::Patient2
Obradovic2021_Kidney,Kidney,Patient2,Endothelial,Endothelial,Obradovic2021_Kidney::Patient2
Obradovic2021_Kidney,Kidney,Patient2,Macrophage,Macrophage,Obradovic2021_Kidney::Patient2
Obradovic2021_Kidney,Kidney,Patient2,Epithelial,Epithelial,Obradovic2021_Kidney::Patient2
Obradovic2021_Kidney,Kidney,Patient3,Fibroblast,Fibroblast,Obradovic2021_Kidney::Patient3
Obradovic2021_Kidney,Kidney,Patient3,Malignant,Malignant,Obradovic2021_Kidney::Patient3
Obradovic2021_Kidney,Kidney,Patient3,Endothelial,Endothelial,Obradovic2021_Kidney::Patient3
Obradovic2021_Kidney,Kidney,Patient3,Epithelial,Epithelial,Obradovic2021_Kidney::Patient3
Obradovic2021_Kidney,Kidney,Patient3,Macrophage,Macrophage,Obradovic2021_Kidney::Patient3
Obradovic2021_Kidney,Kidney,Patient4,Malignant,Malignant,Obradovic2021_Kidney::Patient4
Obradovic2021_Kidney,Kidney,Patient4,Fibroblast,Fibroblast,Obradovic2021_Kidney::Patient4
Obradovic2021_Kidney,Kidney,Patient4,Endothelial,Endothelial,Obradovic2021_Kidney::Patient4
Obradovic2021_Kidney,Kidney,Patient4,Epithelial,Epithelial,Obradovic2021_Kidney::Patient4
Obradovic2021_Kidney,Kidney,Patient4,Macrophage,Macrophage,Obradovic2021_Kidney::Patient4
Obradovic2021_Kidney,Kidney,Patient5,Malignant,Malignant,Obradovic2021_Kidney::Patient5
Obradovic2021_Kidney,Kidney,Patient5,Fibroblast,Fibroblast,Obradovic2021_Kidney::Patient5
Obradovic2021_Kidney,Kidney,Patient5,Macrophage,Macrophage,Obradovic2021_Kidney::Patient5
Obradovic2021_Kidney,Kidney,Patient5,Endothelial,Endothelial,Obradovic2021_Kidney::Patient5
Obradovic2021_Kidney,Kidney,Patient5,Epithelial,Epithelial,Obradovic2021_Kidney::Patient5
Obradovic2021_Kidney,Kidney,Patient6,Fibroblast,Fibroblast,Obradovic2021_Kidney::Patient6
Obradovic2021_Kidney,Kidney,Patient6,Endothelial,Endothelial,Obradovic2021_Kidney::Patient6
Obradovic2021_Kidney,Kidney,Patient6,Malignant,Malignant,Obradovic2021_Kidney::Patient6
Obradovic2021_Kidney,Kidney,Patient6,Epithelial,Epithelial,Obradovic2021_Kidney::Patient6
Obradovic2021_Kidney,Kidney,Patient6,Macrophage,Macrophage,Obradovic2021_Kidney::Patient6
Obradovic2021_Kidney,Kidney,Patient7,Malignant,Malignant,Obradovic2021_Kidney::Patient7
Obradovic2021_Kidney,Kidney,Patient7,Fibroblast,Fibroblast,Obradovic2021_Kidney::Patient7
Obradovic2021_Kidney,Kidney,Patient7,Endothelial,Endothelial,Obradovic2021_Kidney::Patient7
Obradovic2021_Kidney,Kidney,Patient7,Epithelial,Epithelial,Obradovic2021_Kidney::Patient7
Obradovic2021_Kidney,Kidney,Patient7,Macrophage,Macrophage,Obradovic2021_Kidney::Patient7
Obradovic2021_Kidney,Kidney,Patient8,Malignant,Malignant,Obradovic2021_Kidney::Patient8
Obradovic2021_Kidney,Kidney,Patient8,Fibroblast,Fibroblast,Obradovic2021_Kidney::Patient8
Obradovic2021_Kidney,Kidney,Patient8,Epithelial,Epithelial,Obradovic2021_Kidney::Patient8
Obradovic2021_Kidney,Kidney,Patient8,Endothelial,Endothelial,Obradovic2021_Kidney::Patient8
Obradovic2021_Kidney,Kidney,Patient8,Macrophage,Macrophage,Obradovic2021_Kidney::Patient8
Zhang2021_Kidney,Kidney,SI_18854,Malignant,Malignant,Zhang2021_Kidney::SI_18854
Zhang2021_Kidney,Kidney,SI_18854,Macrophage,Macrophage,Zhang2021_Kidney::SI_18854
Zhang2021_Kidney,Kidney,SI_18854,T_cell,T cell,Zhang2021_Kidney::SI_18854
Zhang2021_Kidney,Kidney,SI_18854,Endothelial,Endothelial,Zhang2021_Kidney::SI_18854
Zhang2021_Kidney,Kidney,SI_18854,Myocyte,Myocyte,Zhang2021_Kidney::SI_18854
Zhang2021_Kidney,Kidney,SI_18854,Mast,Mast,Zhang2021_Kidney::SI_18854
Zhang2021_Kidney,Kidney,SI_18854,Plasma,Plasma,Zhang2021_Kidney::SI_18854
Zhang2021_Kidney,Kidney,SI_18856,Epithelial,Epithelial,Zhang2021_Kidney::SI_18856
Zhang2021_Kidney,Kidney,SI_18856,Macrophage,Macrophage,Zhang2021_Kidney::SI_18856
Zhang2021_Kidney,Kidney,SI_18856,B_cell,B cell,Zhang2021_Kidney::SI_18856
Zhang2021_Kidney,Kidney,SI_18856,Endothelial,Endothelial,Zhang2021_Kidney::SI_18856
Zhang2021_Kidney,Kidney,SI_18856,Monocyte,Monocyte,Zhang2021_Kidney::SI_18856
Zhang2021_Kidney,Kidney,SI_18856,Myocyte,Myocyte,Zhang2021_Kidney::SI_18856
Zhang2021_Kidney,Kidney,SI_18856,NK_cell,NK cell,Zhang2021_Kidney::SI_18856
Zhang2021_Kidney,Kidney,SI_18856,T_cell,T cell,Zhang2021_Kidney::SI_18856
Zhang2021_Kidney,Kidney,SI_18856,Pericyte,Pericyte,Zhang2021_Kidney::SI_18856
Zhang2021_Kidney,Kidney,SI_18855,Mast,Mast,Zhang2021_Kidney::SI_18855
Zhang2021_Kidney,Kidney,SI_18855,Macrophage,Macrophage,Zhang2021_Kidney::SI_18855
Zhang2021_Kidney,Kidney,SI_18855,Endothelial,Endothelial,Zhang2021_Kidney::SI_18855
Zhang2021_Kidney,Kidney,SI_18855,Malignant,Malignant,Zhang2021_Kidney::SI_18855
Zhang2021_Kidney,Kidney,SI_18855,T_cell,T cell,Zhang2021_Kidney::SI_18855
Zhang2021_Kidney,Kidney,SI_18855,Myocyte,Myocyte,Zhang2021_Kidney::SI_18855
Zhang2021_Kidney,Kidney,SI_18855,Plasma,Plasma,Zhang2021_Kidney::SI_18855
Zhang2021_Kidney,Kidney,SI_18855,Pericyte,Pericyte,Zhang2021_Kidney::SI_18855
Zhang2021_Kidney,Kidney,SI_18855,B_cell,B cell,Zhang2021_Kidney::SI_18855
Zhang2021_Kidney,Kidney,SI_19704,Endothelial,Endothelial,Zhang2021_Kidney::SI_19704
Zhang2021_Kidney,Kidney,SI_19704,Epithelial,Epithelial,Zhang2021_Kidney::SI_19704
Zhang2021_Kidney,Kidney,SI_19704,B_cell,B cell,Zhang2021_Kidney::SI_19704
Zhang2021_Kidney,Kidney,SI_19704,Pericyte,Pericyte,Zhang2021_Kidney::SI_19704
Zhang2021_Kidney,Kidney,SI_19704,Myocyte,Myocyte,Zhang2021_Kidney::SI_19704
Zhang2021_Kidney,Kidney,SI_19704,Macrophage,Macrophage,Zhang2021_Kidney::SI_19704
Zhang2021_Kidney,Kidney,SI_19703,Myocyte,Myocyte,Zhang2021_Kidney::SI_19703
Zhang2021_Kidney,Kidney,SI_19703,Malignant,Malignant,Zhang2021_Kidney::SI_19703
Zhang2021_Kidney,Kidney,SI_19703,Endothelial,Endothelial,Zhang2021_Kidney::SI_19703
Zhang2021_Kidney,Kidney,SI_19703,Macrophage,Macrophage,Zhang2021_Kidney::SI_19703
Zhang2021_Kidney,Kidney,SI_19703,Pericyte,Pericyte,Zhang2021_Kidney::SI_19703
Zhang2021_Kidney,Kidney,SI_19703,Mast,Mast,Zhang2021_Kidney::SI_19703
Zhang2021_Kidney,Kidney,SI_19703,T_cell,T cell,Zhang2021_Kidney::SI_19703
Zhang2021_Kidney,Kidney,SI_21255,Epithelial,Epithelial,Zhang2021_Kidney::SI_21255
Zhang2021_Kidney,Kidney,SI_21255,Endothelial,Endothelial,Zhang2021_Kidney::SI_21255
Zhang2021_Kidney,Kidney,SI_21255,NK_cell,NK cell,Zhang2021_Kidney::SI_21255
Zhang2021_Kidney,Kidney,SI_21255,B_cell,B cell,Zhang2021_Kidney::SI_21255
Zhang2021_Kidney,Kidney,SI_21255,T_cell,T cell,Zhang2021_Kidney::SI_21255
Zhang2021_Kidney,Kidney,SI_21255,Macrophage,Macrophage,Zhang2021_Kidney::SI_21255
Zhang2021_Kidney,Kidney,SI_21255,Monocyte,Monocyte,Zhang2021_Kidney::SI_21255
Zhang2021_Kidney,Kidney,SI_21255,Myocyte,Myocyte,Zhang2021_Kidney::SI_21255
Zhang2021_Kidney,Kidney,SI_21255,Pericyte,Pericyte,Zhang2021_Kidney::SI_21255
Zhang2021_Kidney,Kidney,SI_21256,Epithelial,Epithelial,Zhang2021_Kidney::SI_21256
Zhang2021_Kidney,Kidney,SI_21256,Endothelial,Endothelial,Zhang2021_Kidney::SI_21256
Zhang2021_Kidney,Kidney,SI_21256,B_cell,B cell,Zhang2021_Kidney::SI_21256
Zhang2021_Kidney,Kidney,SI_21256,Monocyte,Monocyte,Zhang2021_Kidney::SI_21256
Zhang2021_Kidney,Kidney,SI_21256,Mesangial,Mesangial,Zhang2021_Kidney::SI_21256
Zhang2021_Kidney,Kidney,SI_21256,T_cell,T cell,Zhang2021_Kidney::SI_21256
Zhang2021_Kidney,Kidney,SI_21256,Myocyte,Myocyte,Zhang2021_Kidney::SI_21256
Zhang2021_Kidney,Kidney,SI_21256,NK_cell,NK cell,Zhang2021_Kidney::SI_21256
Zhang2021_Kidney,Kidney,SI_21256,Macrophage,Macrophage,Zhang2021_Kidney::SI_21256
Zhang2021_Kidney,Kidney,SI_21256,Pericyte,Pericyte,Zhang2021_Kidney::SI_21256
Zhang2021_Kidney,Kidney,SI_21561,Macrophage,Macrophage,Zhang2021_Kidney::SI_21561
Zhang2021_Kidney,Kidney,SI_21561,Malignant,Malignant,Zhang2021_Kidney::SI_21561
Zhang2021_Kidney,Kidney,SI_21561,Endothelial,Endothelial,Zhang2021_Kidney::SI_21561
Zhang2021_Kidney,Kidney,SI_21561,Myocyte,Myocyte,Zhang2021_Kidney::SI_21561
Zhang2021_Kidney,Kidney,SI_21561,T_cell,T cell,Zhang2021_Kidney::SI_21561
Zhang2021_Kidney,Kidney,SI_22369,Epithelial,Epithelial,Zhang2021_Kidney::SI_22369
Zhang2021_Kidney,Kidney,SI_22369,Monocyte,Monocyte,Zhang2021_Kidney::SI_22369
Zhang2021_Kidney,Kidney,SI_22369,NK_cell,NK cell,Zhang2021_Kidney::SI_22369
Zhang2021_Kidney,Kidney,SI_22369,Endothelial,Endothelial,Zhang2021_Kidney::SI_22369
Zhang2021_Kidney,Kidney,SI_22369,Myocyte,Myocyte,Zhang2021_Kidney::SI_22369
Zhang2021_Kidney,Kidney,SI_22369,T_cell,T cell,Zhang2021_Kidney::SI_22369
Zhang2021_Kidney,Kidney,SI_22369,Macrophage,Macrophage,Zhang2021_Kidney::SI_22369
Zhang2021_Kidney,Kidney,SI_22369,B_cell,B cell,Zhang2021_Kidney::SI_22369
Zhang2021_Kidney,Kidney,SI_22369,Mesangial,Mesangial,Zhang2021_Kidney::SI_22369
Zhang2021_Kidney,Kidney,SI_22369,Pericyte,Pericyte,Zhang2021_Kidney::SI_22369
Zhang2021_Kidney,Kidney,SI_22368,Myocyte,Myocyte,Zhang2021_Kidney::SI_22368
Zhang2021_Kidney,Kidney,SI_22368,Malignant,Malignant,Zhang2021_Kidney::SI_22368
Zhang2021_Kidney,Kidney,SI_22368,T_cell,T cell,Zhang2021_Kidney::SI_22368
Zhang2021_Kidney,Kidney,SI_22368,Macrophage,Macrophage,Zhang2021_Kidney::SI_22368
Zhang2021_Kidney,Kidney,SI_22368,Endothelial,Endothelial,Zhang2021_Kidney::SI_22368
Zhang2021_Kidney,Kidney,SI_22368,B_cell,B cell,Zhang2021_Kidney::SI_22368
Zhang2021_Kidney,Kidney,SI_22368,Mast,Mast,Zhang2021_Kidney::SI_22368
Zhang2021_Kidney,Kidney,SI_22368,Pericyte,Pericyte,Zhang2021_Kidney::SI_22368
Zhang2021_Kidney,Kidney,SI_22368,Plasma,Plasma,Zhang2021_Kidney::SI_22368
Zhang2021_Kidney,Kidney,SI_22605,Epithelial,Epithelial,Zhang2021_Kidney::SI_22605
Zhang2021_Kidney,Kidney,SI_22605,Endothelial,Endothelial,Zhang2021_Kidney::SI_22605
Zhang2021_Kidney,Kidney,SI_22605,Myocyte,Myocyte,Zhang2021_Kidney::SI_22605
Zhang2021_Kidney,Kidney,SI_22605,Macrophage,Macrophage,Zhang2021_Kidney::SI_22605
Zhang2021_Kidney,Kidney,SI_22605,B_cell,B cell,Zhang2021_Kidney::SI_22605
Zhang2021_Kidney,Kidney,SI_22605,Monocyte,Monocyte,Zhang2021_Kidney::SI_22605
Zhang2021_Kidney,Kidney,SI_22605,NK_cell,NK cell,Zhang2021_Kidney::SI_22605
Zhang2021_Kidney,Kidney,SI_22605,Pericyte,Pericyte,Zhang2021_Kidney::SI_22605
Zhang2021_Kidney,Kidney,SI_22605,T_cell,T cell,Zhang2021_Kidney::SI_22605
Zhang2021_Kidney,Kidney,SI_22604,Malignant,Malignant,Zhang2021_Kidney::SI_22604
Zhang2021_Kidney,Kidney,SI_22604,Macrophage,Macrophage,Zhang2021_Kidney::SI_22604
Zhang2021_Kidney,Kidney,SI_22604,Myocyte,Myocyte,Zhang2021_Kidney::SI_22604
Zhang2021_Kidney,Kidney,SI_22604,T_cell,T cell,Zhang2021_Kidney::SI_22604
Zhang2021_Kidney,Kidney,SI_22604,Mast,Mast,Zhang2021_Kidney::SI_22604
Zhang2021_Kidney,Kidney,SI_22604,Endothelial,Endothelial,Zhang2021_Kidney::SI_22604
Zhang2021_Kidney,Kidney,SI_22604,Plasma,Plasma,Zhang2021_Kidney::SI_22604
Zhang2021_Kidney,Kidney,SI_22604,Pericyte,Pericyte,Zhang2021_Kidney::SI_22604
Zhang2021_Kidney,Kidney,SI_23459,Malignant,Malignant,Zhang2021_Kidney::SI_23459
Zhang2021_Kidney,Kidney,SI_23459,Endothelial,Endothelial,Zhang2021_Kidney::SI_23459
Zhang2021_Kidney,Kidney,SI_23459,Myocyte,Myocyte,Zhang2021_Kidney::SI_23459
Zhang2021_Kidney,Kidney,SI_23459,T_cell,T cell,Zhang2021_Kidney::SI_23459
Zhang2021_Kidney,Kidney,SI_23459,Macrophage,Macrophage,Zhang2021_Kidney::SI_23459
Zhang2021_Kidney,Kidney,SI_23459,Pericyte,Pericyte,Zhang2021_Kidney::SI_23459
Zhang2021_Kidney,Kidney,SI_23459,Plasma,Plasma,Zhang2021_Kidney::SI_23459
Zhang2021_Kidney,Kidney,SI_23459,Mast,Mast,Zhang2021_Kidney::SI_23459
Zhang2021_Kidney,Kidney,SI_23843,Endothelial,Endothelial,Zhang2021_Kidney::SI_23843
Zhang2021_Kidney,Kidney,SI_23843,Myocyte,Myocyte,Zhang2021_Kidney::SI_23843
Zhang2021_Kidney,Kidney,SI_23843,Malignant,Malignant,Zhang2021_Kidney::SI_23843
Zhang2021_Kidney,Kidney,SI_23843,Macrophage,Macrophage,Zhang2021_Kidney::SI_23843
Zhang2021_Kidney,Kidney,SI_23843,Plasma,Plasma,Zhang2021_Kidney::SI_23843
Zhang2021_Kidney,Kidney,SI_23843,Pericyte,Pericyte,Zhang2021_Kidney::SI_23843
Zhang2021_Kidney,Kidney,SI_23843,T_cell,T cell,Zhang2021_Kidney::SI_23843
Zhang2021_Kidney,Kidney,SI_23843,Mast,Mast,Zhang2021_Kidney::SI_23843
Ma2019_Liver-Biliary,Liver-Biliary,C26,Endothelial,Endothelial,Ma2019_Liver-Biliary::C26
Ma2019_Liver-Biliary,Liver-Biliary,H38,Malignant,Malignant,Ma2019_Liver-Biliary::H38
Ma2019_Liver-Biliary,Liver-Biliary,H38,Fibroblast,Fibroblast,Ma2019_Liver-Biliary::H38
Ma2019_Liver-Biliary,Liver-Biliary,C66,Malignant,Malignant,Ma2019_Liver-Biliary::C66
Ma2019_Liver-Biliary,Liver-Biliary,C25,Malignant,Malignant,Ma2019_Liver-Biliary::C25
Ma2019_Liver-Biliary,Liver-Biliary,H37,Malignant,Malignant,Ma2019_Liver-Biliary::H37
Ma2019_Liver-Biliary,Liver-Biliary,H65,Malignant,Malignant,Ma2019_Liver-Biliary::H65
Ma2019_Liver-Biliary,Liver-Biliary,H38,Endothelial,Endothelial,Ma2019_Liver-Biliary::H38
Ma2019_Liver-Biliary,Liver-Biliary,C46,Malignant,Malignant,Ma2019_Liver-Biliary::C46
Ma2019_Liver-Biliary,Liver-Biliary,H65,Macrophage,Macrophage,Ma2019_Liver-Biliary::H65
Ma2019_Liver-Biliary,Liver-Biliary,C66,Fibroblast,Fibroblast,Ma2019_Liver-Biliary::C66
Ma2019_Liver-Biliary,Liver-Biliary,C66,Endothelial,Endothelial,Ma2019_Liver-Biliary::C66
Ma2019_Liver-Biliary,Liver-Biliary,H65,Endothelial,Endothelial,Ma2019_Liver-Biliary::H65
Ma2019_Liver-Biliary,Liver-Biliary,C46,Macrophage,Macrophage,Ma2019_Liver-Biliary::C46
Ma2019_Liver-Biliary,Liver-Biliary,H38,Macrophage,Macrophage,Ma2019_Liver-Biliary::H38
Ma2019_Liver-Biliary,Liver-Biliary,C56,Malignant,Malignant,Ma2019_Liver-Biliary::C56
Ma2019_Liver-Biliary,Liver-Biliary,C26,Malignant,Malignant,Ma2019_Liver-Biliary::C26
Ma2019_Liver-Biliary,Liver-Biliary,H37,Macrophage,Macrophage,Ma2019_Liver-Biliary::H37
Ma2019_Liver-Biliary,Liver-Biliary,C26,Macrophage,Macrophage,Ma2019_Liver-Biliary::C26
Ma2019_Liver-Biliary,Liver-Biliary,C56,T_cell,T cell,Ma2019_Liver-Biliary::C56
Ma2019_Liver-Biliary,Liver-Biliary,C66,Macrophage,Macrophage,Ma2019_Liver-Biliary::C66
Ma2019_Liver-Biliary,Liver-Biliary,C26,Fibroblast,Fibroblast,Ma2019_Liver-Biliary::C26
Ma2019_Liver-Biliary,Liver-Biliary,H37,T_cell,T cell,Ma2019_Liver-Biliary::H37
Ma2019_Liver-Biliary,Liver-Biliary,C25,Endothelial,Endothelial,Ma2019_Liver-Biliary::C25
Ma2019_Liver-Biliary,Liver-Biliary,C46,Fibroblast,Fibroblast,Ma2019_Liver-Biliary::C46
Ma2019_Liver-Biliary,Liver-Biliary,C46,hpc-like,hpc-like,Ma2019_Liver-Biliary::C46
Ma2019_Liver-Biliary,Liver-Biliary,C46,Endothelial,Endothelial,Ma2019_Liver-Biliary::C46
Ma2019_Liver-Biliary,Liver-Biliary,C26,T_cell,T cell,Ma2019_Liver-Biliary::C26
Ma2019_Liver-Biliary,Liver-Biliary,H38,T_cell,T cell,Ma2019_Liver-Biliary::H38
Ma2019_Liver-Biliary,Liver-Biliary,H38,B_cell,B cell,Ma2019_Liver-Biliary::H38
Ma2019_Liver-Biliary,Liver-Biliary,C66,T_cell,T cell,Ma2019_Liver-Biliary::C66
Ma2019_Liver-Biliary,Liver-Biliary,C25,B_cell,B cell,Ma2019_Liver-Biliary::C25
Ma2019_Liver-Biliary,Liver-Biliary,C25,T_cell,T cell,Ma2019_Liver-Biliary::C25
Ma2019_Liver-Biliary,Liver-Biliary,H65,B_cell,B cell,Ma2019_Liver-Biliary::H65
Ma2019_Liver-Biliary,Liver-Biliary,C56,Endothelial,Endothelial,Ma2019_Liver-Biliary::C56
Ma2019_Liver-Biliary,Liver-Biliary,H65,T_cell,T cell,Ma2019_Liver-Biliary::H65
Ma2019_Liver-Biliary,Liver-Biliary,C46,T_cell,T cell,Ma2019_Liver-Biliary::C46
Ma2019_Liver-Biliary,Liver-Biliary,C25,Fibroblast,Fibroblast,Ma2019_Liver-Biliary::C25
Ma2019_Liver-Biliary,Liver-Biliary,C66,hpc-like,hpc-like,Ma2019_Liver-Biliary::C66
Ma2019_Liver-Biliary,Liver-Biliary,C25,Macrophage,Macrophage,Ma2019_Liver-Biliary::C25
Ma2019_Liver-Biliary,Liver-Biliary,C26,hpc-like,hpc-like,Ma2019_Liver-Biliary::C26
Ma2019_Liver-Biliary,Liver-Biliary,C56,Fibroblast,Fibroblast,Ma2019_Liver-Biliary::C56
Ma2019_Liver-Biliary,Liver-Biliary,C25,hpc-like,hpc-like,Ma2019_Liver-Biliary::C25
Ma2019_Liver-Biliary,Liver-Biliary,H38,hpc-like,hpc-like,Ma2019_Liver-Biliary::H38
Ma2019_Liver-Biliary,Liver-Biliary,H37,Endothelial,Endothelial,Ma2019_Liver-Biliary::H37
Ma2019_Liver-Biliary,Liver-Biliary,C56,Macrophage,Macrophage,Ma2019_Liver-Biliary::C56
Sharma2020_Liver-Biliary,Liver-Biliary,P1_N,T_cell,T cell,Sharma2020_Liver-Biliary::P1_N
Sharma2020_Liver-Biliary,Liver-Biliary,P1_N,NK_cell,NK cell,Sharma2020_Liver-Biliary::P1_N
Sharma2020_Liver-Biliary,Liver-Biliary,P1_N,Myeloid,Myeloid,Sharma2020_Liver-Biliary::P1_N
Sharma2020_Liver-Biliary,Liver-Biliary,P1_N,B_cell,B cell,Sharma2020_Liver-Biliary::P1_N
Sharma2020_Liver-Biliary,Liver-Biliary,P1_N,Endothelial,Endothelial,Sharma2020_Liver-Biliary::P1_N
Sharma2020_Liver-Biliary,Liver-Biliary,P1_N,Fibroblast,Fibroblast,Sharma2020_Liver-Biliary::P1_N
Sharma2020_Liver-Biliary,Liver-Biliary,P1_T1,T_cell,T cell,Sharma2020_Liver-Biliary::P1_T1
Sharma2020_Liver-Biliary,Liver-Biliary,P1_T1,Myeloid,Myeloid,Sharma2020_Liver-Biliary::P1_T1
Sharma2020_Liver-Biliary,Liver-Biliary,P1_T1,Fibroblast,Fibroblast,Sharma2020_Liver-Biliary::P1_T1
Sharma2020_Liver-Biliary,Liver-Biliary,P1_T1,Mast,Mast,Sharma2020_Liver-Biliary::P1_T1
Sharma2020_Liver-Biliary,Liver-Biliary,P1_T1,Endothelial,Endothelial,Sharma2020_Liver-Biliary::P1_T1
Sharma2020_Liver-Biliary,Liver-Biliary,P1_T1,NK_cell,NK cell,Sharma2020_Liver-Biliary::P1_T1
Sharma2020_Liver-Biliary,Liver-Biliary,P1_T1,B_cell,B cell,Sharma2020_Liver-Biliary::P1_T1
Sharma2020_Liver-Biliary,Liver-Biliary,P1_T1,Hepatocyte,Hepatocyte,Sharma2020_Liver-Biliary::P1_T1
Sharma2020_Liver-Biliary,Liver-Biliary,P1_T2,Myeloid,Myeloid,Sharma2020_Liver-Biliary::P1_T2
Sharma2020_Liver-Biliary,Liver-Biliary,P1_T2,NK_cell,NK cell,Sharma2020_Liver-Biliary::P1_T2
Sharma2020_Liver-Biliary,Liver-Biliary,P1_T2,T_cell,T cell,Sharma2020_Liver-Biliary::P1_T2
Sharma2020_Liver-Biliary,Liver-Biliary,P1_T2,Fibroblast,Fibroblast,Sharma2020_Liver-Biliary::P1_T2
Sharma2020_Liver-Biliary,Liver-Biliary,P1_T2,Hepatocyte,Hepatocyte,Sharma2020_Liver-Biliary::P1_T2
Sharma2020_Liver-Biliary,Liver-Biliary,P1_T2,Endothelial,Endothelial,Sharma2020_Liver-Biliary::P1_T2
Sharma2020_Liver-Biliary,Liver-Biliary,P1_T3,T_cell,T cell,Sharma2020_Liver-Biliary::P1_T3
Sharma2020_Liver-Biliary,Liver-Biliary,P1_T3,Endothelial,Endothelial,Sharma2020_Liver-Biliary::P1_T3
Sharma2020_Liver-Biliary,Liver-Biliary,P1_T3,Myeloid,Myeloid,Sharma2020_Liver-Biliary::P1_T3
Sharma2020_Liver-Biliary,Liver-Biliary,P1_T3,NK_cell,NK cell,Sharma2020_Liver-Biliary::P1_T3
Sharma2020_Liver-Biliary,Liver-Biliary,P1_T3,Fibroblast,Fibroblast,Sharma2020_Liver-Biliary::P1_T3
Sharma2020_Liver-Biliary,Liver-Biliary,P1_T3,Mast,Mast,Sharma2020_Liver-Biliary::P1_T3
Sharma2020_Liver-Biliary,Liver-Biliary,P1_T3,B_cell,B cell,Sharma2020_Liver-Biliary::P1_T3
Sharma2020_Liver-Biliary,Liver-Biliary,P1_T4,NK_cell,NK cell,Sharma2020_Liver-Biliary::P1_T4
Sharma2020_Liver-Biliary,Liver-Biliary,P1_T4,Myeloid,Myeloid,Sharma2020_Liver-Biliary::P1_T4
Sharma2020_Liver-Biliary,Liver-Biliary,P1_T4,T_cell,T cell,Sharma2020_Liver-Biliary::P1_T4
Sharma2020_Liver-Biliary,Liver-Biliary,P1_T4,Fibroblast,Fibroblast,Sharma2020_Liver-Biliary::P1_T4
Sharma2020_Liver-Biliary,Liver-Biliary,P1_T4,Mast,Mast,Sharma2020_Liver-Biliary::P1_T4
Sharma2020_Liver-Biliary,Liver-Biliary,P1_T4,B_cell,B cell,Sharma2020_Liver-Biliary::P1_T4
Sharma2020_Liver-Biliary,Liver-Biliary,P1_T4,Endothelial,Endothelial,Sharma2020_Liver-Biliary::P1_T4
Sharma2020_Liver-Biliary,Liver-Biliary,P1_T5,T_cell,T cell,Sharma2020_Liver-Biliary::P1_T5
Sharma2020_Liver-Biliary,Liver-Biliary,P1_T5,Mast,Mast,Sharma2020_Liver-Biliary::P1_T5
Sharma2020_Liver-Biliary,Liver-Biliary,P1_T5,Myeloid,Myeloid,Sharma2020_Liver-Biliary::P1_T5
Sharma2020_Liver-Biliary,Liver-Biliary,P1_T5,NK_cell,NK cell,Sharma2020_Liver-Biliary::P1_T5
Sharma2020_Liver-Biliary,Liver-Biliary,P1_T5,Endothelial,Endothelial,Sharma2020_Liver-Biliary::P1_T5
Sharma2020_Liver-Biliary,Liver-Biliary,P2_N,T_cell,T cell,Sharma2020_Liver-Biliary::P2_N
Sharma2020_Liver-Biliary,Liver-Biliary,P2_N,NK_cell,NK cell,Sharma2020_Liver-Biliary::P2_N
Sharma2020_Liver-Biliary,Liver-Biliary,P2_N,Myeloid,Myeloid,Sharma2020_Liver-Biliary::P2_N
Sharma2020_Liver-Biliary,Liver-Biliary,P2_N,Endothelial,Endothelial,Sharma2020_Liver-Biliary::P2_N
Sharma2020_Liver-Biliary,Liver-Biliary,P2_N,B_cell,B cell,Sharma2020_Liver-Biliary::P2_N
Sharma2020_Liver-Biliary,Liver-Biliary,P2_N,Mast,Mast,Sharma2020_Liver-Biliary::P2_N
Sharma2020_Liver-Biliary,Liver-Biliary,P2_N,Fibroblast,Fibroblast,Sharma2020_Liver-Biliary::P2_N
Sharma2020_Liver-Biliary,Liver-Biliary,P2_T1,Fibroblast,Fibroblast,Sharma2020_Liver-Biliary::P2_T1
Sharma2020_Liver-Biliary,Liver-Biliary,P2_T1,Endothelial,Endothelial,Sharma2020_Liver-Biliary::P2_T1
Sharma2020_Liver-Biliary,Liver-Biliary,P2_T1,T_cell,T cell,Sharma2020_Liver-Biliary::P2_T1
Sharma2020_Liver-Biliary,Liver-Biliary,P2_T1,Mast,Mast,Sharma2020_Liver-Biliary::P2_T1
Sharma2020_Liver-Biliary,Liver-Biliary,P2_T1,NK_cell,NK cell,Sharma2020_Liver-Biliary::P2_T1
Sharma2020_Liver-Biliary,Liver-Biliary,P2_T1,Myeloid,Myeloid,Sharma2020_Liver-Biliary::P2_T1
Sharma2020_Liver-Biliary,Liver-Biliary,P2_T1,B_cell,B cell,Sharma2020_Liver-Biliary::P2_T1
Sharma2020_Liver-Biliary,Liver-Biliary,P2_T1,Hepatocyte,Hepatocyte,Sharma2020_Liver-Biliary::P2_T1
Sharma2020_Liver-Biliary,Liver-Biliary,P2_T2,T_cell,T cell,Sharma2020_Liver-Biliary::P2_T2
Sharma2020_Liver-Biliary,Liver-Biliary,P2_T2,Endothelial,Endothelial,Sharma2020_Liver-Biliary::P2_T2
Sharma2020_Liver-Biliary,Liver-Biliary,P2_T2,NK_cell,NK cell,Sharma2020_Liver-Biliary::P2_T2
Sharma2020_Liver-Biliary,Liver-Biliary,P2_T2,Fibroblast,Fibroblast,Sharma2020_Liver-Biliary::P2_T2
Sharma2020_Liver-Biliary,Liver-Biliary,P2_T2,Myeloid,Myeloid,Sharma2020_Liver-Biliary::P2_T2
Sharma2020_Liver-Biliary,Liver-Biliary,P2_T2,B_cell,B cell,Sharma2020_Liver-Biliary::P2_T2
Sharma2020_Liver-Biliary,Liver-Biliary,P2_T2,Mast,Mast,Sharma2020_Liver-Biliary::P2_T2
Sharma2020_Liver-Biliary,Liver-Biliary,P2_T2,Hepatocyte,Hepatocyte,Sharma2020_Liver-Biliary::P2_T2
Sharma2020_Liver-Biliary,Liver-Biliary,P2_T3,NK_cell,NK cell,Sharma2020_Liver-Biliary::P2_T3
Sharma2020_Liver-Biliary,Liver-Biliary,P2_T3,Endothelial,Endothelial,Sharma2020_Liver-Biliary::P2_T3
Sharma2020_Liver-Biliary,Liver-Biliary,P2_T3,T_cell,T cell,Sharma2020_Liver-Biliary::P2_T3
Sharma2020_Liver-Biliary,Liver-Biliary,P2_T3,Fibroblast,Fibroblast,Sharma2020_Liver-Biliary::P2_T3
Sharma2020_Liver-Biliary,Liver-Biliary,P2_T3,Myeloid,Myeloid,Sharma2020_Liver-Biliary::P2_T3
Sharma2020_Liver-Biliary,Liver-Biliary,P2_T3,Mast,Mast,Sharma2020_Liver-Biliary::P2_T3
Sharma2020_Liver-Biliary,Liver-Biliary,P2_T3,B_cell,B cell,Sharma2020_Liver-Biliary::P2_T3
Sharma2020_Liver-Biliary,Liver-Biliary,P3_N,NK_cell,NK cell,Sharma2020_Liver-Biliary::P3_N
Sharma2020_Liver-Biliary,Liver-Biliary,P3_N,T_cell,T cell,Sharma2020_Liver-Biliary::P3_N
Sharma2020_Liver-Biliary,Liver-Biliary,P3_N,Myeloid,Myeloid,Sharma2020_Liver-Biliary::P3_N
Sharma2020_Liver-Biliary,Liver-Biliary,P3_N,Endothelial,Endothelial,Sharma2020_Liver-Biliary::P3_N
Sharma2020_Liver-Biliary,Liver-Biliary,P3_N,Mast,Mast,Sharma2020_Liver-Biliary::P3_N
Sharma2020_Liver-Biliary,Liver-Biliary,P3_N,B_cell,B cell,Sharma2020_Liver-Biliary::P3_N
Sharma2020_Liver-Biliary,Liver-Biliary,P3_T1,NK_cell,NK cell,Sharma2020_Liver-Biliary::P3_T1
Sharma2020_Liver-Biliary,Liver-Biliary,P3_T1,T_cell,T cell,Sharma2020_Liver-Biliary::P3_T1
Sharma2020_Liver-Biliary,Liver-Biliary,P3_T1,B_cell,B cell,Sharma2020_Liver-Biliary::P3_T1
Sharma2020_Liver-Biliary,Liver-Biliary,P3_T1,Myeloid,Myeloid,Sharma2020_Liver-Biliary::P3_T1
Sharma2020_Liver-Biliary,Liver-Biliary,P3_T1,Hepatocyte,Hepatocyte,Sharma2020_Liver-Biliary::P3_T1
Sharma2020_Liver-Biliary,Liver-Biliary,P3_T1,Endothelial,Endothelial,Sharma2020_Liver-Biliary::P3_T1
Sharma2020_Liver-Biliary,Liver-Biliary,P3_T1,Fibroblast,Fibroblast,Sharma2020_Liver-Biliary::P3_T1
Sharma2020_Liver-Biliary,Liver-Biliary,P3_T1,Mast,Mast,Sharma2020_Liver-Biliary::P3_T1
Sharma2020_Liver-Biliary,Liver-Biliary,P3_T2,T_cell,T cell,Sharma2020_Liver-Biliary::P3_T2
Sharma2020_Liver-Biliary,Liver-Biliary,P3_T2,B_cell,B cell,Sharma2020_Liver-Biliary::P3_T2
Sharma2020_Liver-Biliary,Liver-Biliary,P3_T2,NK_cell,NK cell,Sharma2020_Liver-Biliary::P3_T2
Sharma2020_Liver-Biliary,Liver-Biliary,P3_T2,Myeloid,Myeloid,Sharma2020_Liver-Biliary::P3_T2
Sharma2020_Liver-Biliary,Liver-Biliary,P3_T2,Endothelial,Endothelial,Sharma2020_Liver-Biliary::P3_T2
Sharma2020_Liver-Biliary,Liver-Biliary,P3_T2,Hepatocyte,Hepatocyte,Sharma2020_Liver-Biliary::P3_T2
Sharma2020_Liver-Biliary,Liver-Biliary,P3_T2,Fibroblast,Fibroblast,Sharma2020_Liver-Biliary::P3_T2
Sharma2020_Liver-Biliary,Liver-Biliary,P3_T2,Mast,Mast,Sharma2020_Liver-Biliary::P3_T2
Sharma2020_Liver-Biliary,Liver-Biliary,P3_T3,T_cell,T cell,Sharma2020_Liver-Biliary::P3_T3
Sharma2020_Liver-Biliary,Liver-Biliary,P3_T3,NK_cell,NK cell,Sharma2020_Liver-Biliary::P3_T3
Sharma2020_Liver-Biliary,Liver-Biliary,P3_T3,Myeloid,Myeloid,Sharma2020_Liver-Biliary::P3_T3
Sharma2020_Liver-Biliary,Liver-Biliary,P3_T3,B_cell,B cell,Sharma2020_Liver-Biliary::P3_T3
Sharma2020_Liver-Biliary,Liver-Biliary,P3_T3,Fibroblast,Fibroblast,Sharma2020_Liver-Biliary::P3_T3
Sharma2020_Liver-Biliary,Liver-Biliary,P3_T3,Mast,Mast,Sharma2020_Liver-Biliary::P3_T3
Sharma2020_Liver-Biliary,Liver-Biliary,P3_T3,Endothelial,Endothelial,Sharma2020_Liver-Biliary::P3_T3
Sharma2020_Liver-Biliary,Liver-Biliary,P3_T4,B_cell,B cell,Sharma2020_Liver-Biliary::P3_T4
Sharma2020_Liver-Biliary,Liver-Biliary,P3_T4,NK_cell,NK cell,Sharma2020_Liver-Biliary::P3_T4
Sharma2020_Liver-Biliary,Liver-Biliary,P3_T4,T_cell,T cell,Sharma2020_Liver-Biliary::P3_T4
Sharma2020_Liver-Biliary,Liver-Biliary,P3_T4,Hepatocyte,Hepatocyte,Sharma2020_Liver-Biliary::P3_T4
Sharma2020_Liver-Biliary,Liver-Biliary,P3_T4,Myeloid,Myeloid,Sharma2020_Liver-Biliary::P3_T4
Sharma2020_Liver-Biliary,Liver-Biliary,P3_T4,Endothelial,Endothelial,Sharma2020_Liver-Biliary::P3_T4
Sharma2020_Liver-Biliary,Liver-Biliary,P3_T4,Fibroblast,Fibroblast,Sharma2020_Liver-Biliary::P3_T4
Sharma2020_Liver-Biliary,Liver-Biliary,P3_T5,T_cell,T cell,Sharma2020_Liver-Biliary::P3_T5
Sharma2020_Liver-Biliary,Liver-Biliary,P3_T5,B_cell,B cell,Sharma2020_Liver-Biliary::P3_T5
Sharma2020_Liver-Biliary,Liver-Biliary,P3_T5,Myeloid,Myeloid,Sharma2020_Liver-Biliary::P3_T5
Sharma2020_Liver-Biliary,Liver-Biliary,P3_T5,NK_cell,NK cell,Sharma2020_Liver-Biliary::P3_T5
Sharma2020_Liver-Biliary,Liver-Biliary,P3_T5,Hepatocyte,Hepatocyte,Sharma2020_Liver-Biliary::P3_T5
Sharma2020_Liver-Biliary,Liver-Biliary,P3_T5,Mast,Mast,Sharma2020_Liver-Biliary::P3_T5
Sharma2020_Liver-Biliary,Liver-Biliary,P3_T5,Endothelial,Endothelial,Sharma2020_Liver-Biliary::P3_T5
Sharma2020_Liver-Biliary,Liver-Biliary,P4_N,T_cell,T cell,Sharma2020_Liver-Biliary::P4_N
Sharma2020_Liver-Biliary,Liver-Biliary,P4_N,Myeloid,Myeloid,Sharma2020_Liver-Biliary::P4_N
Sharma2020_Liver-Biliary,Liver-Biliary,P4_N,NK_cell,NK cell,Sharma2020_Liver-Biliary::P4_N
Sharma2020_Liver-Biliary,Liver-Biliary,P4_N,Endothelial,Endothelial,Sharma2020_Liver-Biliary::P4_N
Sharma2020_Liver-Biliary,Liver-Biliary,P4_N,B_cell,B cell,Sharma2020_Liver-Biliary::P4_N
Sharma2020_Liver-Biliary,Liver-Biliary,P4_N,Fibroblast,Fibroblast,Sharma2020_Liver-Biliary::P4_N
Sharma2020_Liver-Biliary,Liver-Biliary,P4_N,Hepatocyte,Hepatocyte,Sharma2020_Liver-Biliary::P4_N
Sharma2020_Liver-Biliary,Liver-Biliary,P4_T1,Hepatocyte,Hepatocyte,Sharma2020_Liver-Biliary::P4_T1
Sharma2020_Liver-Biliary,Liver-Biliary,P4_T1,Endothelial,Endothelial,Sharma2020_Liver-Biliary::P4_T1
Sharma2020_Liver-Biliary,Liver-Biliary,P4_T1,Myeloid,Myeloid,Sharma2020_Liver-Biliary::P4_T1
Sharma2020_Liver-Biliary,Liver-Biliary,P4_T1,T_cell,T cell,Sharma2020_Liver-Biliary::P4_T1
Sharma2020_Liver-Biliary,Liver-Biliary,P4_T1,Fibroblast,Fibroblast,Sharma2020_Liver-Biliary::P4_T1
Sharma2020_Liver-Biliary,Liver-Biliary,P4_T1,NK_cell,NK cell,Sharma2020_Liver-Biliary::P4_T1
Sharma2020_Liver-Biliary,Liver-Biliary,P4_T2,Myeloid,Myeloid,Sharma2020_Liver-Biliary::P4_T2
Sharma2020_Liver-Biliary,Liver-Biliary,P4_T2,Endothelial,Endothelial,Sharma2020_Liver-Biliary::P4_T2
Sharma2020_Liver-Biliary,Liver-Biliary,P4_T2,Hepatocyte,Hepatocyte,Sharma2020_Liver-Biliary::P4_T2
Sharma2020_Liver-Biliary,Liver-Biliary,P4_T2,Fibroblast,Fibroblast,Sharma2020_Liver-Biliary::P4_T2
Sharma2020_Liver-Biliary,Liver-Biliary,P4_T2,T_cell,T cell,Sharma2020_Liver-Biliary::P4_T2
Sharma2020_Liver-Biliary,Liver-Biliary,P4_T2,NK_cell,NK cell,Sharma2020_Liver-Biliary::P4_T2
Sharma2020_Liver-Biliary,Liver-Biliary,P4_T2,B_cell,B cell,Sharma2020_Liver-Biliary::P4_T2
Sharma2020_Liver-Biliary,Liver-Biliary,HN1,T_cell,T cell,Sharma2020_Liver-Biliary::HN1
Sharma2020_Liver-Biliary,Liver-Biliary,HN1,NK_cell,NK cell,Sharma2020_Liver-Biliary::HN1
Sharma2020_Liver-Biliary,Liver-Biliary,HN1,Fibroblast,Fibroblast,Sharma2020_Liver-Biliary::HN1
Sharma2020_Liver-Biliary,Liver-Biliary,HN1,Myeloid,Myeloid,Sharma2020_Liver-Biliary::HN1
Sharma2020_Liver-Biliary,Liver-Biliary,HN1,Endothelial,Endothelial,Sharma2020_Liver-Biliary::HN1
Sharma2020_Liver-Biliary,Liver-Biliary,HN1,Hepatocyte,Hepatocyte,Sharma2020_Liver-Biliary::HN1
Sharma2020_Liver-Biliary,Liver-Biliary,HN1,B_cell,B cell,Sharma2020_Liver-Biliary::HN1
Sharma2020_Liver-Biliary,Liver-Biliary,HN1,Mast,Mast,Sharma2020_Liver-Biliary::HN1
Sharma2020_Liver-Biliary,Liver-Biliary,P5_N,Myeloid,Myeloid,Sharma2020_Liver-Biliary::P5_N
Sharma2020_Liver-Biliary,Liver-Biliary,P5_N,NK_cell,NK cell,Sharma2020_Liver-Biliary::P5_N
Sharma2020_Liver-Biliary,Liver-Biliary,P5_N,Endothelial,Endothelial,Sharma2020_Liver-Biliary::P5_N
Sharma2020_Liver-Biliary,Liver-Biliary,P5_N,T_cell,T cell,Sharma2020_Liver-Biliary::P5_N
Sharma2020_Liver-Biliary,Liver-Biliary,P5_N,B_cell,B cell,Sharma2020_Liver-Biliary::P5_N
Sharma2020_Liver-Biliary,Liver-Biliary,P5_N,Fibroblast,Fibroblast,Sharma2020_Liver-Biliary::P5_N
Sharma2020_Liver-Biliary,Liver-Biliary,P5_N,Hepatocyte,Hepatocyte,Sharma2020_Liver-Biliary::P5_N
Sharma2020_Liver-Biliary,Liver-Biliary,P5_T1,T_cell,T cell,Sharma2020_Liver-Biliary::P5_T1
Sharma2020_Liver-Biliary,Liver-Biliary,P5_T1,Endothelial,Endothelial,Sharma2020_Liver-Biliary::P5_T1
Sharma2020_Liver-Biliary,Liver-Biliary,P5_T1,Myeloid,Myeloid,Sharma2020_Liver-Biliary::P5_T1
Sharma2020_Liver-Biliary,Liver-Biliary,P5_T1,NK_cell,NK cell,Sharma2020_Liver-Biliary::P5_T1
Sharma2020_Liver-Biliary,Liver-Biliary,P5_T1,B_cell,B cell,Sharma2020_Liver-Biliary::P5_T1
Sharma2020_Liver-Biliary,Liver-Biliary,P5_T1,Hepatocyte,Hepatocyte,Sharma2020_Liver-Biliary::P5_T1
Sharma2020_Liver-Biliary,Liver-Biliary,P5_T1,Fibroblast,Fibroblast,Sharma2020_Liver-Biliary::P5_T1
Sharma2020_Liver-Biliary,Liver-Biliary,P5_T1,Mast,Mast,Sharma2020_Liver-Biliary::P5_T1
Sharma2020_Liver-Biliary,Liver-Biliary,P5_T2,Myeloid,Myeloid,Sharma2020_Liver-Biliary::P5_T2
Sharma2020_Liver-Biliary,Liver-Biliary,P5_T2,T_cell,T cell,Sharma2020_Liver-Biliary::P5_T2
Sharma2020_Liver-Biliary,Liver-Biliary,P5_T2,NK_cell,NK cell,Sharma2020_Liver-Biliary::P5_T2
Sharma2020_Liver-Biliary,Liver-Biliary,P5_T2,Endothelial,Endothelial,Sharma2020_Liver-Biliary::P5_T2
Sharma2020_Liver-Biliary,Liver-Biliary,P5_T2,B_cell,B cell,Sharma2020_Liver-Biliary::P5_T2
Sharma2020_Liver-Biliary,Liver-Biliary,P5_T2,Hepatocyte,Hepatocyte,Sharma2020_Liver-Biliary::P5_T2
Sharma2020_Liver-Biliary,Liver-Biliary,P5_T2,Fibroblast,Fibroblast,Sharma2020_Liver-Biliary::P5_T2
Sharma2020_Liver-Biliary,Liver-Biliary,P5_T2,Mast,Mast,Sharma2020_Liver-Biliary::P5_T2
Sharma2020_Liver-Biliary,Liver-Biliary,P6_N,T_cell,T cell,Sharma2020_Liver-Biliary::P6_N
Sharma2020_Liver-Biliary,Liver-Biliary,P6_N,NK_cell,NK cell,Sharma2020_Liver-Biliary::P6_N
Sharma2020_Liver-Biliary,Liver-Biliary,P6_N,Myeloid,Myeloid,Sharma2020_Liver-Biliary::P6_N
Sharma2020_Liver-Biliary,Liver-Biliary,P6_N,Endothelial,Endothelial,Sharma2020_Liver-Biliary::P6_N
Sharma2020_Liver-Biliary,Liver-Biliary,P6_N,B_cell,B cell,Sharma2020_Liver-Biliary::P6_N
Sharma2020_Liver-Biliary,Liver-Biliary,P6_N,Mast,Mast,Sharma2020_Liver-Biliary::P6_N
Sharma2020_Liver-Biliary,Liver-Biliary,P6_N,Fibroblast,Fibroblast,Sharma2020_Liver-Biliary::P6_N
Sharma2020_Liver-Biliary,Liver-Biliary,P6_T1,NK_cell,NK cell,Sharma2020_Liver-Biliary::P6_T1
Sharma2020_Liver-Biliary,Liver-Biliary,P6_T1,T_cell,T cell,Sharma2020_Liver-Biliary::P6_T1
Sharma2020_Liver-Biliary,Liver-Biliary,P6_T1,Endothelial,Endothelial,Sharma2020_Liver-Biliary::P6_T1
Sharma2020_Liver-Biliary,Liver-Biliary,P6_T1,Myeloid,Myeloid,Sharma2020_Liver-Biliary::P6_T1
Sharma2020_Liver-Biliary,Liver-Biliary,P6_T1,B_cell,B cell,Sharma2020_Liver-Biliary::P6_T1
Sharma2020_Liver-Biliary,Liver-Biliary,P6_T1,Mast,Mast,Sharma2020_Liver-Biliary::P6_T1
Sharma2020_Liver-Biliary,Liver-Biliary,P6_T1,Hepatocyte,Hepatocyte,Sharma2020_Liver-Biliary::P6_T1
Sharma2020_Liver-Biliary,Liver-Biliary,P6_T1,Fibroblast,Fibroblast,Sharma2020_Liver-Biliary::P6_T1
Sharma2020_Liver-Biliary,Liver-Biliary,P6_T2,T_cell,T cell,Sharma2020_Liver-Biliary::P6_T2
Sharma2020_Liver-Biliary,Liver-Biliary,P6_T2,NK_cell,NK cell,Sharma2020_Liver-Biliary::P6_T2
Sharma2020_Liver-Biliary,Liver-Biliary,P6_T2,Myeloid,Myeloid,Sharma2020_Liver-Biliary::P6_T2
Sharma2020_Liver-Biliary,Liver-Biliary,P6_T2,Endothelial,Endothelial,Sharma2020_Liver-Biliary::P6_T2
Sharma2020_Liver-Biliary,Liver-Biliary,P6_T2,B_cell,B cell,Sharma2020_Liver-Biliary::P6_T2
Sharma2020_Liver-Biliary,Liver-Biliary,P6_T2,Mast,Mast,Sharma2020_Liver-Biliary::P6_T2
Sharma2020_Liver-Biliary,Liver-Biliary,P7_N,Myeloid,Myeloid,Sharma2020_Liver-Biliary::P7_N
Sharma2020_Liver-Biliary,Liver-Biliary,P7_N,NK_cell,NK cell,Sharma2020_Liver-Biliary::P7_N
Sharma2020_Liver-Biliary,Liver-Biliary,P7_N,Endothelial,Endothelial,Sharma2020_Liver-Biliary::P7_N
Sharma2020_Liver-Biliary,Liver-Biliary,P7_N,T_cell,T cell,Sharma2020_Liver-Biliary::P7_N
Sharma2020_Liver-Biliary,Liver-Biliary,P7_N,Fibroblast,Fibroblast,Sharma2020_Liver-Biliary::P7_N
Sharma2020_Liver-Biliary,Liver-Biliary,P7_N,B_cell,B cell,Sharma2020_Liver-Biliary::P7_N
Sharma2020_Liver-Biliary,Liver-Biliary,P7_N,Mast,Mast,Sharma2020_Liver-Biliary::P7_N
Sharma2020_Liver-Biliary,Liver-Biliary,P7_T1,Hepatocyte,Hepatocyte,Sharma2020_Liver-Biliary::P7_T1
Sharma2020_Liver-Biliary,Liver-Biliary,P7_T1,NK_cell,NK cell,Sharma2020_Liver-Biliary::P7_T1
Sharma2020_Liver-Biliary,Liver-Biliary,P7_T1,T_cell,T cell,Sharma2020_Liver-Biliary::P7_T1
Sharma2020_Liver-Biliary,Liver-Biliary,P7_T1,Endothelial,Endothelial,Sharma2020_Liver-Biliary::P7_T1
Sharma2020_Liver-Biliary,Liver-Biliary,P7_T1,Fibroblast,Fibroblast,Sharma2020_Liver-Biliary::P7_T1
Sharma2020_Liver-Biliary,Liver-Biliary,P7_T1,Myeloid,Myeloid,Sharma2020_Liver-Biliary::P7_T1
Sharma2020_Liver-Biliary,Liver-Biliary,P7_T2,T_cell,T cell,Sharma2020_Liver-Biliary::P7_T2
Sharma2020_Liver-Biliary,Liver-Biliary,P7_T2,Hepatocyte,Hepatocyte,Sharma2020_Liver-Biliary::P7_T2
Sharma2020_Liver-Biliary,Liver-Biliary,P7_T2,Endothelial,Endothelial,Sharma2020_Liver-Biliary::P7_T2
Sharma2020_Liver-Biliary,Liver-Biliary,P7_T2,NK_cell,NK cell,Sharma2020_Liver-Biliary::P7_T2
Sharma2020_Liver-Biliary,Liver-Biliary,P7_T2,Myeloid,Myeloid,Sharma2020_Liver-Biliary::P7_T2
Sharma2020_Liver-Biliary,Liver-Biliary,P7_T2,Fibroblast,Fibroblast,Sharma2020_Liver-Biliary::P7_T2
Sharma2020_Liver-Biliary,Liver-Biliary,P8_N,Endothelial,Endothelial,Sharma2020_Liver-Biliary::P8_N
Sharma2020_Liver-Biliary,Liver-Biliary,P8_N,NK_cell,NK cell,Sharma2020_Liver-Biliary::P8_N
Sharma2020_Liver-Biliary,Liver-Biliary,P8_N,Fibroblast,Fibroblast,Sharma2020_Liver-Biliary::P8_N
Sharma2020_Liver-Biliary,Liver-Biliary,P8_N,T_cell,T cell,Sharma2020_Liver-Biliary::P8_N
Sharma2020_Liver-Biliary,Liver-Biliary,P8_N,Myeloid,Myeloid,Sharma2020_Liver-Biliary::P8_N
Sharma2020_Liver-Biliary,Liver-Biliary,P8_N,Hepatocyte,Hepatocyte,Sharma2020_Liver-Biliary::P8_N
Sharma2020_Liver-Biliary,Liver-Biliary,P8_T1,Hepatocyte,Hepatocyte,Sharma2020_Liver-Biliary::P8_T1
Sharma2020_Liver-Biliary,Liver-Biliary,P8_T1,Endothelial,Endothelial,Sharma2020_Liver-Biliary::P8_T1
Sharma2020_Liver-Biliary,Liver-Biliary,P8_T1,Fibroblast,Fibroblast,Sharma2020_Liver-Biliary::P8_T1
Sharma2020_Liver-Biliary,Liver-Biliary,P8_T1,T_cell,T cell,Sharma2020_Liver-Biliary::P8_T1
Sharma2020_Liver-Biliary,Liver-Biliary,P8_T1,B_cell,B cell,Sharma2020_Liver-Biliary::P8_T1
Sharma2020_Liver-Biliary,Liver-Biliary,P8_T1,Myeloid,Myeloid,Sharma2020_Liver-Biliary::P8_T1
Sharma2020_Liver-Biliary,Liver-Biliary,P8_T1,NK_cell,NK cell,Sharma2020_Liver-Biliary::P8_T1
Sharma2020_Liver-Biliary,Liver-Biliary,P8_T1,Mast,Mast,Sharma2020_Liver-Biliary::P8_T1
Sharma2020_Liver-Biliary,Liver-Biliary,P8_T2,Hepatocyte,Hepatocyte,Sharma2020_Liver-Biliary::P8_T2
Sharma2020_Liver-Biliary,Liver-Biliary,P8_T2,T_cell,T cell,Sharma2020_Liver-Biliary::P8_T2
Sharma2020_Liver-Biliary,Liver-Biliary,P8_T2,NK_cell,NK cell,Sharma2020_Liver-Biliary::P8_T2
Sharma2020_Liver-Biliary,Liver-Biliary,P8_T2,Fibroblast,Fibroblast,Sharma2020_Liver-Biliary::P8_T2
Sharma2020_Liver-Biliary,Liver-Biliary,P8_T2,Myeloid,Myeloid,Sharma2020_Liver-Biliary::P8_T2
Sharma2020_Liver-Biliary,Liver-Biliary,P8_T2,Endothelial,Endothelial,Sharma2020_Liver-Biliary::P8_T2
Sharma2020_Liver-Biliary,Liver-Biliary,P8_T2,B_cell,B cell,Sharma2020_Liver-Biliary::P8_T2
Sharma2020_Liver-Biliary,Liver-Biliary,P8_T3,Hepatocyte,Hepatocyte,Sharma2020_Liver-Biliary::P8_T3
Sharma2020_Liver-Biliary,Liver-Biliary,P8_T3,T_cell,T cell,Sharma2020_Liver-Biliary::P8_T3
Sharma2020_Liver-Biliary,Liver-Biliary,P8_T3,Myeloid,Myeloid,Sharma2020_Liver-Biliary::P8_T3
Sharma2020_Liver-Biliary,Liver-Biliary,P8_T4,Hepatocyte,Hepatocyte,Sharma2020_Liver-Biliary::P8_T4
Sharma2020_Liver-Biliary,Liver-Biliary,P8_T4,Myeloid,Myeloid,Sharma2020_Liver-Biliary::P8_T4
Sharma2020_Liver-Biliary,Liver-Biliary,P8_T4,T_cell,T cell,Sharma2020_Liver-Biliary::P8_T4
Sharma2020_Liver-Biliary,Liver-Biliary,P8_T4,NK_cell,NK cell,Sharma2020_Liver-Biliary::P8_T4
Sharma2020_Liver-Biliary,Liver-Biliary,P8_T4,Endothelial,Endothelial,Sharma2020_Liver-Biliary::P8_T4
Sharma2020_Liver-Biliary,Liver-Biliary,P8_T4,B_cell,B cell,Sharma2020_Liver-Biliary::P8_T4
Sharma2020_Liver-Biliary,Liver-Biliary,P8_T4,Fibroblast,Fibroblast,Sharma2020_Liver-Biliary::P8_T4
Sharma2020_Liver-Biliary,Liver-Biliary,P8_T5,Myeloid,Myeloid,Sharma2020_Liver-Biliary::P8_T5
Sharma2020_Liver-Biliary,Liver-Biliary,P8_T5,NK_cell,NK cell,Sharma2020_Liver-Biliary::P8_T5
Sharma2020_Liver-Biliary,Liver-Biliary,P8_T5,Hepatocyte,Hepatocyte,Sharma2020_Liver-Biliary::P8_T5
Sharma2020_Liver-Biliary,Liver-Biliary,P8_T5,T_cell,T cell,Sharma2020_Liver-Biliary::P8_T5
Sharma2020_Liver-Biliary,Liver-Biliary,P8_T5,B_cell,B cell,Sharma2020_Liver-Biliary::P8_T5
Sharma2020_Liver-Biliary,Liver-Biliary,P8_T5,Endothelial,Endothelial,Sharma2020_Liver-Biliary::P8_T5
Sharma2020_Liver-Biliary,Liver-Biliary,P9_N,Fibroblast,Fibroblast,Sharma2020_Liver-Biliary::P9_N
Sharma2020_Liver-Biliary,Liver-Biliary,P9_N,NK_cell,NK cell,Sharma2020_Liver-Biliary::P9_N
Sharma2020_Liver-Biliary,Liver-Biliary,P9_N,Myeloid,Myeloid,Sharma2020_Liver-Biliary::P9_N
Sharma2020_Liver-Biliary,Liver-Biliary,P9_N,B_cell,B cell,Sharma2020_Liver-Biliary::P9_N
Sharma2020_Liver-Biliary,Liver-Biliary,P9_N,Endothelial,Endothelial,Sharma2020_Liver-Biliary::P9_N
Sharma2020_Liver-Biliary,Liver-Biliary,P9_N,T_cell,T cell,Sharma2020_Liver-Biliary::P9_N
Sharma2020_Liver-Biliary,Liver-Biliary,P9_N,Mast,Mast,Sharma2020_Liver-Biliary::P9_N
Sharma2020_Liver-Biliary,Liver-Biliary,P9_T1,NK_cell,NK cell,Sharma2020_Liver-Biliary::P9_T1
Sharma2020_Liver-Biliary,Liver-Biliary,P9_T1,Myeloid,Myeloid,Sharma2020_Liver-Biliary::P9_T1
Sharma2020_Liver-Biliary,Liver-Biliary,P9_T1,Hepatocyte,Hepatocyte,Sharma2020_Liver-Biliary::P9_T1
Sharma2020_Liver-Biliary,Liver-Biliary,P9_T1,T_cell,T cell,Sharma2020_Liver-Biliary::P9_T1
Sharma2020_Liver-Biliary,Liver-Biliary,P9_T1,Endothelial,Endothelial,Sharma2020_Liver-Biliary::P9_T1
Sharma2020_Liver-Biliary,Liver-Biliary,P9_T1,Fibroblast,Fibroblast,Sharma2020_Liver-Biliary::P9_T1
Sharma2020_Liver-Biliary,Liver-Biliary,P9_T1,Mast,Mast,Sharma2020_Liver-Biliary::P9_T1
Sharma2020_Liver-Biliary,Liver-Biliary,P9_T1,B_cell,B cell,Sharma2020_Liver-Biliary::P9_T1
Sharma2020_Liver-Biliary,Liver-Biliary,P9_T2,T_cell,T cell,Sharma2020_Liver-Biliary::P9_T2
Sharma2020_Liver-Biliary,Liver-Biliary,P9_T2,NK_cell,NK cell,Sharma2020_Liver-Biliary::P9_T2
Sharma2020_Liver-Biliary,Liver-Biliary,P9_T2,Myeloid,Myeloid,Sharma2020_Liver-Biliary::P9_T2
Sharma2020_Liver-Biliary,Liver-Biliary,P9_T2,Hepatocyte,Hepatocyte,Sharma2020_Liver-Biliary::P9_T2
Sharma2020_Liver-Biliary,Liver-Biliary,P9_T2,Endothelial,Endothelial,Sharma2020_Liver-Biliary::P9_T2
Sharma2020_Liver-Biliary,Liver-Biliary,P9_T2,Mast,Mast,Sharma2020_Liver-Biliary::P9_T2
Sharma2020_Liver-Biliary,Liver-Biliary,P9_T2,Fibroblast,Fibroblast,Sharma2020_Liver-Biliary::P9_T2
Sharma2020_Liver-Biliary,Liver-Biliary,P9_T3,NK_cell,NK cell,Sharma2020_Liver-Biliary::P9_T3
Sharma2020_Liver-Biliary,Liver-Biliary,P9_T3,Hepatocyte,Hepatocyte,Sharma2020_Liver-Biliary::P9_T3
Sharma2020_Liver-Biliary,Liver-Biliary,P9_T3,T_cell,T cell,Sharma2020_Liver-Biliary::P9_T3
Sharma2020_Liver-Biliary,Liver-Biliary,P9_T3,Myeloid,Myeloid,Sharma2020_Liver-Biliary::P9_T3
Sharma2020_Liver-Biliary,Liver-Biliary,P9_T3,Fibroblast,Fibroblast,Sharma2020_Liver-Biliary::P9_T3
Sharma2020_Liver-Biliary,Liver-Biliary,P9_T3,Endothelial,Endothelial,Sharma2020_Liver-Biliary::P9_T3
Sharma2020_Liver-Biliary,Liver-Biliary,P9_T3,Mast,Mast,Sharma2020_Liver-Biliary::P9_T3
Sharma2020_Liver-Biliary,Liver-Biliary,P9_T4,Hepatocyte,Hepatocyte,Sharma2020_Liver-Biliary::P9_T4
Sharma2020_Liver-Biliary,Liver-Biliary,P9_T4,T_cell,T cell,Sharma2020_Liver-Biliary::P9_T4
Sharma2020_Liver-Biliary,Liver-Biliary,P9_T4,Myeloid,Myeloid,Sharma2020_Liver-Biliary::P9_T4
Sharma2020_Liver-Biliary,Liver-Biliary,P9_T4,NK_cell,NK cell,Sharma2020_Liver-Biliary::P9_T4
Sharma2020_Liver-Biliary,Liver-Biliary,P9_T4,B_cell,B cell,Sharma2020_Liver-Biliary::P9_T4
Sharma2020_Liver-Biliary,Liver-Biliary,P9_T4,Endothelial,Endothelial,Sharma2020_Liver-Biliary::P9_T4
Sharma2020_Liver-Biliary,Liver-Biliary,P9_T4,Mast,Mast,Sharma2020_Liver-Biliary::P9_T4
Sharma2020_Liver-Biliary,Liver-Biliary,P9_T4,Fibroblast,Fibroblast,Sharma2020_Liver-Biliary::P9_T4
Sharma2020_Liver-Biliary,Liver-Biliary,P10_N,NK_cell,NK cell,Sharma2020_Liver-Biliary::P10_N
Sharma2020_Liver-Biliary,Liver-Biliary,P10_N,T_cell,T cell,Sharma2020_Liver-Biliary::P10_N
Sharma2020_Liver-Biliary,Liver-Biliary,P10_N,Fibroblast,Fibroblast,Sharma2020_Liver-Biliary::P10_N
Sharma2020_Liver-Biliary,Liver-Biliary,P10_N,Myeloid,Myeloid,Sharma2020_Liver-Biliary::P10_N
Sharma2020_Liver-Biliary,Liver-Biliary,P10_N,B_cell,B cell,Sharma2020_Liver-Biliary::P10_N
Sharma2020_Liver-Biliary,Liver-Biliary,P10_N,Endothelial,Endothelial,Sharma2020_Liver-Biliary::P10_N
Sharma2020_Liver-Biliary,Liver-Biliary,P10_N,Hepatocyte,Hepatocyte,Sharma2020_Liver-Biliary::P10_N
Sharma2020_Liver-Biliary,Liver-Biliary,P10_T4,NK_cell,NK cell,Sharma2020_Liver-Biliary::P10_T4
Sharma2020_Liver-Biliary,Liver-Biliary,P10_T4,T_cell,T cell,Sharma2020_Liver-Biliary::P10_T4
Sharma2020_Liver-Biliary,Liver-Biliary,P10_T4,Endothelial,Endothelial,Sharma2020_Liver-Biliary::P10_T4
Sharma2020_Liver-Biliary,Liver-Biliary,P10_T4,Myeloid,Myeloid,Sharma2020_Liver-Biliary::P10_T4
Sharma2020_Liver-Biliary,Liver-Biliary,P10_T4,B_cell,B cell,Sharma2020_Liver-Biliary::P10_T4
Sharma2020_Liver-Biliary,Liver-Biliary,P10_T5,NK_cell,NK cell,Sharma2020_Liver-Biliary::P10_T5
Sharma2020_Liver-Biliary,Liver-Biliary,P10_T5,T_cell,T cell,Sharma2020_Liver-Biliary::P10_T5
Sharma2020_Liver-Biliary,Liver-Biliary,P10_T5,Endothelial,Endothelial,Sharma2020_Liver-Biliary::P10_T5
Sharma2020_Liver-Biliary,Liver-Biliary,P10_T5,Hepatocyte,Hepatocyte,Sharma2020_Liver-Biliary::P10_T5
Sharma2020_Liver-Biliary,Liver-Biliary,P10_T5,Myeloid,Myeloid,Sharma2020_Liver-Biliary::P10_T5
Sharma2020_Liver-Biliary,Liver-Biliary,P11_N,NK_cell,NK cell,Sharma2020_Liver-Biliary::P11_N
Sharma2020_Liver-Biliary,Liver-Biliary,P11_N,Endothelial,Endothelial,Sharma2020_Liver-Biliary::P11_N
Sharma2020_Liver-Biliary,Liver-Biliary,P11_N,Myeloid,Myeloid,Sharma2020_Liver-Biliary::P11_N
Sharma2020_Liver-Biliary,Liver-Biliary,P11_N,T_cell,T cell,Sharma2020_Liver-Biliary::P11_N
Sharma2020_Liver-Biliary,Liver-Biliary,P11_N,Fibroblast,Fibroblast,Sharma2020_Liver-Biliary::P11_N
Sharma2020_Liver-Biliary,Liver-Biliary,P11_N,B_cell,B cell,Sharma2020_Liver-Biliary::P11_N
Sharma2020_Liver-Biliary,Liver-Biliary,P11_T1,T_cell,T cell,Sharma2020_Liver-Biliary::P11_T1
Sharma2020_Liver-Biliary,Liver-Biliary,P11_T1,Myeloid,Myeloid,Sharma2020_Liver-Biliary::P11_T1
Sharma2020_Liver-Biliary,Liver-Biliary,P11_T1,B_cell,B cell,Sharma2020_Liver-Biliary::P11_T1
Sharma2020_Liver-Biliary,Liver-Biliary,P11_T1,Endothelial,Endothelial,Sharma2020_Liver-Biliary::P11_T1
Sharma2020_Liver-Biliary,Liver-Biliary,P11_T1,NK_cell,NK cell,Sharma2020_Liver-Biliary::P11_T1
Sharma2020_Liver-Biliary,Liver-Biliary,P11_T2_T3,Endothelial,Endothelial,Sharma2020_Liver-Biliary::P11_T2_T3
Sharma2020_Liver-Biliary,Liver-Biliary,P11_T2_T3,T_cell,T cell,Sharma2020_Liver-Biliary::P11_T2_T3
Sharma2020_Liver-Biliary,Liver-Biliary,P11_T2_T3,Myeloid,Myeloid,Sharma2020_Liver-Biliary::P11_T2_T3
Sharma2020_Liver-Biliary,Liver-Biliary,P11_T2_T3,B_cell,B cell,Sharma2020_Liver-Biliary::P11_T2_T3
Sharma2020_Liver-Biliary,Liver-Biliary,P11_T2_T3,Fibroblast,Fibroblast,Sharma2020_Liver-Biliary::P11_T2_T3
Sharma2020_Liver-Biliary,Liver-Biliary,P11_T2_T3,NK_cell,NK cell,Sharma2020_Liver-Biliary::P11_T2_T3
Sharma2020_Liver-Biliary,Liver-Biliary,P13_N,NK_cell,NK cell,Sharma2020_Liver-Biliary::P13_N
Sharma2020_Liver-Biliary,Liver-Biliary,P13_N,T_cell,T cell,Sharma2020_Liver-Biliary::P13_N
Sharma2020_Liver-Biliary,Liver-Biliary,P13_N,B_cell,B cell,Sharma2020_Liver-Biliary::P13_N
Sharma2020_Liver-Biliary,Liver-Biliary,P13_N,Endothelial,Endothelial,Sharma2020_Liver-Biliary::P13_N
Sharma2020_Liver-Biliary,Liver-Biliary,P13_N,Myeloid,Myeloid,Sharma2020_Liver-Biliary::P13_N
Sharma2020_Liver-Biliary,Liver-Biliary,P13_N,Fibroblast,Fibroblast,Sharma2020_Liver-Biliary::P13_N
Sharma2020_Liver-Biliary,Liver-Biliary,P13_T2,NK_cell,NK cell,Sharma2020_Liver-Biliary::P13_T2
Sharma2020_Liver-Biliary,Liver-Biliary,P13_T2,Endothelial,Endothelial,Sharma2020_Liver-Biliary::P13_T2
Sharma2020_Liver-Biliary,Liver-Biliary,P13_T3,Endothelial,Endothelial,Sharma2020_Liver-Biliary::P13_T3
Sharma2020_Liver-Biliary,Liver-Biliary,P13_T3,NK_cell,NK cell,Sharma2020_Liver-Biliary::P13_T3
Sharma2020_Liver-Biliary,Liver-Biliary,P13_T3,Fibroblast,Fibroblast,Sharma2020_Liver-Biliary::P13_T3
Sharma2020_Liver-Biliary,Liver-Biliary,P13_T3,T_cell,T cell,Sharma2020_Liver-Biliary::P13_T3
Sharma2020_Liver-Biliary,Liver-Biliary,P13_T3,Myeloid,Myeloid,Sharma2020_Liver-Biliary::P13_T3
Sharma2020_Liver-Biliary,Liver-Biliary,P13_T4,Endothelial,Endothelial,Sharma2020_Liver-Biliary::P13_T4
Sharma2020_Liver-Biliary,Liver-Biliary,P13_T4,NK_cell,NK cell,Sharma2020_Liver-Biliary::P13_T4
Sharma2020_Liver-Biliary,Liver-Biliary,P13_T4,Fibroblast,Fibroblast,Sharma2020_Liver-Biliary::P13_T4
Sharma2020_Liver-Biliary,Liver-Biliary,P13_T4,T_cell,T cell,Sharma2020_Liver-Biliary::P13_T4
Sharma2020_Liver-Biliary,Liver-Biliary,P13_T4,Myeloid,Myeloid,Sharma2020_Liver-Biliary::P13_T4
Sharma2020_Liver-Biliary,Liver-Biliary,P13_T4,Hepatocyte,Hepatocyte,Sharma2020_Liver-Biliary::P13_T4
Sharma2020_Liver-Biliary,Liver-Biliary,P14_N,Endothelial,Endothelial,Sharma2020_Liver-Biliary::P14_N
Sharma2020_Liver-Biliary,Liver-Biliary,P14_N,Fibroblast,Fibroblast,Sharma2020_Liver-Biliary::P14_N
Sharma2020_Liver-Biliary,Liver-Biliary,P14_N,T_cell,T cell,Sharma2020_Liver-Biliary::P14_N
Sharma2020_Liver-Biliary,Liver-Biliary,P14_N,Hepatocyte,Hepatocyte,Sharma2020_Liver-Biliary::P14_N
Sharma2020_Liver-Biliary,Liver-Biliary,P14_N,Myeloid,Myeloid,Sharma2020_Liver-Biliary::P14_N
Sharma2020_Liver-Biliary,Liver-Biliary,P14_T1,Endothelial,Endothelial,Sharma2020_Liver-Biliary::P14_T1
Sharma2020_Liver-Biliary,Liver-Biliary,P14_T1,Myeloid,Myeloid,Sharma2020_Liver-Biliary::P14_T1
Sharma2020_Liver-Biliary,Liver-Biliary,P14_T1,Hepatocyte,Hepatocyte,Sharma2020_Liver-Biliary::P14_T1
Sharma2020_Liver-Biliary,Liver-Biliary,P14_T1,B_cell,B cell,Sharma2020_Liver-Biliary::P14_T1
Sharma2020_Liver-Biliary,Liver-Biliary,P14_T1,NK_cell,NK cell,Sharma2020_Liver-Biliary::P14_T1
Sharma2020_Liver-Biliary,Liver-Biliary,P14_T1,T_cell,T cell,Sharma2020_Liver-Biliary::P14_T1
Sharma2020_Liver-Biliary,Liver-Biliary,P14_T1,Fibroblast,Fibroblast,Sharma2020_Liver-Biliary::P14_T1
Sharma2020_Liver-Biliary,Liver-Biliary,P14_T2,Hepatocyte,Hepatocyte,Sharma2020_Liver-Biliary::P14_T2
Sharma2020_Liver-Biliary,Liver-Biliary,P14_T2,Fibroblast,Fibroblast,Sharma2020_Liver-Biliary::P14_T2
Sharma2020_Liver-Biliary,Liver-Biliary,P14_T2,NK_cell,NK cell,Sharma2020_Liver-Biliary::P14_T2
Sharma2020_Liver-Biliary,Liver-Biliary,P14_T2,Endothelial,Endothelial,Sharma2020_Liver-Biliary::P14_T2
Sharma2020_Liver-Biliary,Liver-Biliary,P14_T2,Myeloid,Myeloid,Sharma2020_Liver-Biliary::P14_T2
Sharma2020_Liver-Biliary,Liver-Biliary,P15_N,Endothelial,Endothelial,Sharma2020_Liver-Biliary::P15_N
Sharma2020_Liver-Biliary,Liver-Biliary,P15_N,NK_cell,NK cell,Sharma2020_Liver-Biliary::P15_N
Sharma2020_Liver-Biliary,Liver-Biliary,P15_N,Myeloid,Myeloid,Sharma2020_Liver-Biliary::P15_N
Sharma2020_Liver-Biliary,Liver-Biliary,P15_N,Fibroblast,Fibroblast,Sharma2020_Liver-Biliary::P15_N
Sharma2020_Liver-Biliary,Liver-Biliary,P15_N,B_cell,B cell,Sharma2020_Liver-Biliary::P15_N
Sharma2020_Liver-Biliary,Liver-Biliary,P15_N,T_cell,T cell,Sharma2020_Liver-Biliary::P15_N
Sharma2020_Liver-Biliary,Liver-Biliary,P15_N,Hepatocyte,Hepatocyte,Sharma2020_Liver-Biliary::P15_N
Sharma2020_Liver-Biliary,Liver-Biliary,P15_T1,Myeloid,Myeloid,Sharma2020_Liver-Biliary::P15_T1
Sharma2020_Liver-Biliary,Liver-Biliary,P15_T1,Fibroblast,Fibroblast,Sharma2020_Liver-Biliary::P15_T1
Sharma2020_Liver-Biliary,Liver-Biliary,P15_T1,Hepatocyte,Hepatocyte,Sharma2020_Liver-Biliary::P15_T1
Sharma2020_Liver-Biliary,Liver-Biliary,P15_T1,T_cell,T cell,Sharma2020_Liver-Biliary::P15_T1
Sharma2020_Liver-Biliary,Liver-Biliary,P15_T1,Endothelial,Endothelial,Sharma2020_Liver-Biliary::P15_T1
Sharma2020_Liver-Biliary,Liver-Biliary,P15_T1,NK_cell,NK cell,Sharma2020_Liver-Biliary::P15_T1
Sharma2020_Liver-Biliary,Liver-Biliary,P15_T1,Mast,Mast,Sharma2020_Liver-Biliary::P15_T1
Sharma2020_Liver-Biliary,Liver-Biliary,P15_T1,B_cell,B cell,Sharma2020_Liver-Biliary::P15_T1
Sharma2020_Liver-Biliary,Liver-Biliary,P15_T2,Hepatocyte,Hepatocyte,Sharma2020_Liver-Biliary::P15_T2
Sharma2020_Liver-Biliary,Liver-Biliary,P15_T2,Fibroblast,Fibroblast,Sharma2020_Liver-Biliary::P15_T2
Sharma2020_Liver-Biliary,Liver-Biliary,P15_T2,Myeloid,Myeloid,Sharma2020_Liver-Biliary::P15_T2
Sharma2020_Liver-Biliary,Liver-Biliary,P15_T2,Endothelial,Endothelial,Sharma2020_Liver-Biliary::P15_T2
Sharma2020_Liver-Biliary,Liver-Biliary,P15_T2,T_cell,T cell,Sharma2020_Liver-Biliary::P15_T2
Sharma2020_Liver-Biliary,Liver-Biliary,P15_T2,Mast,Mast,Sharma2020_Liver-Biliary::P15_T2
Sharma2020_Liver-Biliary,Liver-Biliary,P15_T2,B_cell,B cell,Sharma2020_Liver-Biliary::P15_T2
Sharma2020_Liver-Biliary,Liver-Biliary,P15_T2,NK_cell,NK cell,Sharma2020_Liver-Biliary::P15_T2
Sharma2020_Liver-Biliary,Liver-Biliary,P15_T3,Hepatocyte,Hepatocyte,Sharma2020_Liver-Biliary::P15_T3
Sharma2020_Liver-Biliary,Liver-Biliary,P15_T3,Myeloid,Myeloid,Sharma2020_Liver-Biliary::P15_T3
Sharma2020_Liver-Biliary,Liver-Biliary,P15_T3,NK_cell,NK cell,Sharma2020_Liver-Biliary::P15_T3
Sharma2020_Liver-Biliary,Liver-Biliary,P15_T3,T_cell,T cell,Sharma2020_Liver-Biliary::P15_T3
Sharma2020_Liver-Biliary,Liver-Biliary,P15_T3,Endothelial,Endothelial,Sharma2020_Liver-Biliary::P15_T3
Sharma2020_Liver-Biliary,Liver-Biliary,P15_T3,Fibroblast,Fibroblast,Sharma2020_Liver-Biliary::P15_T3
Sharma2020_Liver-Biliary,Liver-Biliary,P15_T4T5,Hepatocyte,Hepatocyte,Sharma2020_Liver-Biliary::P15_T4T5
Sharma2020_Liver-Biliary,Liver-Biliary,P15_T4T5,Myeloid,Myeloid,Sharma2020_Liver-Biliary::P15_T4T5
Sharma2020_Liver-Biliary,Liver-Biliary,P15_T4T5,T_cell,T cell,Sharma2020_Liver-Biliary::P15_T4T5
Sharma2020_Liver-Biliary,Liver-Biliary,P15_T4T5,NK_cell,NK cell,Sharma2020_Liver-Biliary::P15_T4T5
Sharma2020_Liver-Biliary,Liver-Biliary,P15_T4T5,Mast,Mast,Sharma2020_Liver-Biliary::P15_T4T5
Sharma2020_Liver-Biliary,Liver-Biliary,P15_T4T5,Endothelial,Endothelial,Sharma2020_Liver-Biliary::P15_T4T5
Sharma2020_Liver-Biliary,Liver-Biliary,P15_T4T5,Fibroblast,Fibroblast,Sharma2020_Liver-Biliary::P15_T4T5
Sun2021_Liver-Biliary,Liver-Biliary,P01,Malignant,Malignant,Sun2021_Liver-Biliary::P01
Sun2021_Liver-Biliary,Liver-Biliary,P01,NK_cell,NK cell,Sun2021_Liver-Biliary::P01
Sun2021_Liver-Biliary,Liver-Biliary,P01,Endothelial,Endothelial,Sun2021_Liver-Biliary::P01
Sun2021_Liver-Biliary,Liver-Biliary,P01,Myeloid,Myeloid,Sun2021_Liver-Biliary::P01
Sun2021_Liver-Biliary,Liver-Biliary,P01,T_cell,T cell,Sun2021_Liver-Biliary::P01
Sun2021_Liver-Biliary,Liver-Biliary,P01,HSC,HSC,Sun2021_Liver-Biliary::P01
Sun2021_Liver-Biliary,Liver-Biliary,P02,NK_cell,NK cell,Sun2021_Liver-Biliary::P02
Sun2021_Liver-Biliary,Liver-Biliary,P02,T_cell,T cell,Sun2021_Liver-Biliary::P02
Sun2021_Liver-Biliary,Liver-Biliary,P02,Myeloid,Myeloid,Sun2021_Liver-Biliary::P02
Sun2021_Liver-Biliary,Liver-Biliary,P02,Plasma,Plasma,Sun2021_Liver-Biliary::P02
Sun2021_Liver-Biliary,Liver-Biliary,P02,B_cell,B cell,Sun2021_Liver-Biliary::P02
Sun2021_Liver-Biliary,Liver-Biliary,P02,Dendritic,Dendritic,Sun2021_Liver-Biliary::P02
Sun2021_Liver-Biliary,Liver-Biliary,P02,Malignant,Malignant,Sun2021_Liver-Biliary::P02
Sun2021_Liver-Biliary,Liver-Biliary,P02,Endothelial,Endothelial,Sun2021_Liver-Biliary::P02
Sun2021_Liver-Biliary,Liver-Biliary,P03,Myeloid,Myeloid,Sun2021_Liver-Biliary::P03
Sun2021_Liver-Biliary,Liver-Biliary,P03,NK_cell,NK cell,Sun2021_Liver-Biliary::P03
Sun2021_Liver-Biliary,Liver-Biliary,P03,T_cell,T cell,Sun2021_Liver-Biliary::P03
Sun2021_Liver-Biliary,Liver-Biliary,P03,B_cell,B cell,Sun2021_Liver-Biliary::P03
Sun2021_Liver-Biliary,Liver-Biliary,P03,Dendritic,Dendritic,Sun2021_Liver-Biliary::P03
Sun2021_Liver-Biliary,Liver-Biliary,P03,Plasma,Plasma,Sun2021_Liver-Biliary::P03
Sun2021_Liver-Biliary,Liver-Biliary,P03,Malignant,Malignant,Sun2021_Liver-Biliary::P03
Sun2021_Liver-Biliary,Liver-Biliary,P03,Endothelial,Endothelial,Sun2021_Liver-Biliary::P03
Sun2021_Liver-Biliary,Liver-Biliary,P03,HSC,HSC,Sun2021_Liver-Biliary::P03
Sun2021_Liver-Biliary,Liver-Biliary,P04,T_cell,T cell,Sun2021_Liver-Biliary::P04
Sun2021_Liver-Biliary,Liver-Biliary,P04,NK_cell,NK cell,Sun2021_Liver-Biliary::P04
Sun2021_Liver-Biliary,Liver-Biliary,P04,B_cell,B cell,Sun2021_Liver-Biliary::P04
Sun2021_Liver-Biliary,Liver-Biliary,P04,Myeloid,Myeloid,Sun2021_Liver-Biliary::P04
Sun2021_Liver-Biliary,Liver-Biliary,P04,Plasma,Plasma,Sun2021_Liver-Biliary::P04
Sun2021_Liver-Biliary,Liver-Biliary,P04,Dendritic,Dendritic,Sun2021_Liver-Biliary::P04
Sun2021_Liver-Biliary,Liver-Biliary,P04,Endothelial,Endothelial,Sun2021_Liver-Biliary::P04
Sun2021_Liver-Biliary,Liver-Biliary,P04,Malignant,Malignant,Sun2021_Liver-Biliary::P04
Sun2021_Liver-Biliary,Liver-Biliary,P04,HSC,HSC,Sun2021_Liver-Biliary::P04
Sun2021_Liver-Biliary,Liver-Biliary,P05,Myeloid,Myeloid,Sun2021_Liver-Biliary::P05
Sun2021_Liver-Biliary,Liver-Biliary,P05,T_cell,T cell,Sun2021_Liver-Biliary::P05
Sun2021_Liver-Biliary,Liver-Biliary,P05,B_cell,B cell,Sun2021_Liver-Biliary::P05
Sun2021_Liver-Biliary,Liver-Biliary,P05,NK_cell,NK cell,Sun2021_Liver-Biliary::P05
Sun2021_Liver-Biliary,Liver-Biliary,P05,Dendritic,Dendritic,Sun2021_Liver-Biliary::P05
Sun2021_Liver-Biliary,Liver-Biliary,P05,Plasma,Plasma,Sun2021_Liver-Biliary::P05
Sun2021_Liver-Biliary,Liver-Biliary,P05,Epithelial,Epithelial,Sun2021_Liver-Biliary::P05
Sun2021_Liver-Biliary,Liver-Biliary,P05,Malignant,Malignant,Sun2021_Liver-Biliary::P05
Sun2021_Liver-Biliary,Liver-Biliary,P05,HSC,HSC,Sun2021_Liver-Biliary::P05
Sun2021_Liver-Biliary,Liver-Biliary,P05,Endothelial,Endothelial,Sun2021_Liver-Biliary::P05
Sun2021_Liver-Biliary,Liver-Biliary,P07,B_cell,B cell,Sun2021_Liver-Biliary::P07
Sun2021_Liver-Biliary,Liver-Biliary,P07,Myeloid,Myeloid,Sun2021_Liver-Biliary::P07
Sun2021_Liver-Biliary,Liver-Biliary,P07,T_cell,T cell,Sun2021_Liver-Biliary::P07
Sun2021_Liver-Biliary,Liver-Biliary,P07,NK_cell,NK cell,Sun2021_Liver-Biliary::P07
Sun2021_Liver-Biliary,Liver-Biliary,P07,Plasma,Plasma,Sun2021_Liver-Biliary::P07
Sun2021_Liver-Biliary,Liver-Biliary,P07,Malignant,Malignant,Sun2021_Liver-Biliary::P07
Sun2021_Liver-Biliary,Liver-Biliary,P07,Dendritic,Dendritic,Sun2021_Liver-Biliary::P07
Sun2021_Liver-Biliary,Liver-Biliary,P07,Endothelial,Endothelial,Sun2021_Liver-Biliary::P07
Sun2021_Liver-Biliary,Liver-Biliary,P08,Malignant,Malignant,Sun2021_Liver-Biliary::P08
Sun2021_Liver-Biliary,Liver-Biliary,P08,NK_cell,NK cell,Sun2021_Liver-Biliary::P08
Sun2021_Liver-Biliary,Liver-Biliary,P08,T_cell,T cell,Sun2021_Liver-Biliary::P08
Sun2021_Liver-Biliary,Liver-Biliary,P08,Myeloid,Myeloid,Sun2021_Liver-Biliary::P08
Sun2021_Liver-Biliary,Liver-Biliary,P08,Endothelial,Endothelial,Sun2021_Liver-Biliary::P08
Sun2021_Liver-Biliary,Liver-Biliary,P08,HSC,HSC,Sun2021_Liver-Biliary::P08
Sun2021_Liver-Biliary,Liver-Biliary,P08,B_cell,B cell,Sun2021_Liver-Biliary::P08
Sun2021_Liver-Biliary,Liver-Biliary,P08,Plasma,Plasma,Sun2021_Liver-Biliary::P08
Sun2021_Liver-Biliary,Liver-Biliary,P08,Dendritic,Dendritic,Sun2021_Liver-Biliary::P08
Sun2021_Liver-Biliary,Liver-Biliary,P09,T_cell,T cell,Sun2021_Liver-Biliary::P09
Sun2021_Liver-Biliary,Liver-Biliary,P09,NK_cell,NK cell,Sun2021_Liver-Biliary::P09
Sun2021_Liver-Biliary,Liver-Biliary,P09,B_cell,B cell,Sun2021_Liver-Biliary::P09
Sun2021_Liver-Biliary,Liver-Biliary,P09,Myeloid,Myeloid,Sun2021_Liver-Biliary::P09
Sun2021_Liver-Biliary,Liver-Biliary,P09,Dendritic,Dendritic,Sun2021_Liver-Biliary::P09
Sun2021_Liver-Biliary,Liver-Biliary,P09,Endothelial,Endothelial,Sun2021_Liver-Biliary::P09
Sun2021_Liver-Biliary,Liver-Biliary,P09,Plasma,Plasma,Sun2021_Liver-Biliary::P09
Sun2021_Liver-Biliary,Liver-Biliary,P09,Malignant,Malignant,Sun2021_Liver-Biliary::P09
Sun2021_Liver-Biliary,Liver-Biliary,P10,T_cell,T cell,Sun2021_Liver-Biliary::P10
Sun2021_Liver-Biliary,Liver-Biliary,P10,NK_cell,NK cell,Sun2021_Liver-Biliary::P10
Sun2021_Liver-Biliary,Liver-Biliary,P10,Myeloid,Myeloid,Sun2021_Liver-Biliary::P10
Sun2021_Liver-Biliary,Liver-Biliary,P10,Malignant,Malignant,Sun2021_Liver-Biliary::P10
Sun2021_Liver-Biliary,Liver-Biliary,P10,Plasma,Plasma,Sun2021_Liver-Biliary::P10
Sun2021_Liver-Biliary,Liver-Biliary,P10,B_cell,B cell,Sun2021_Liver-Biliary::P10
Sun2021_Liver-Biliary,Liver-Biliary,P10,Endothelial,Endothelial,Sun2021_Liver-Biliary::P10
Sun2021_Liver-Biliary,Liver-Biliary,P10,HSC,HSC,Sun2021_Liver-Biliary::P10
Sun2021_Liver-Biliary,Liver-Biliary,P11,T_cell,T cell,Sun2021_Liver-Biliary::P11
Sun2021_Liver-Biliary,Liver-Biliary,P11,B_cell,B cell,Sun2021_Liver-Biliary::P11
Sun2021_Liver-Biliary,Liver-Biliary,P11,NK_cell,NK cell,Sun2021_Liver-Biliary::P11
Sun2021_Liver-Biliary,Liver-Biliary,P11,Dendritic,Dendritic,Sun2021_Liver-Biliary::P11
Sun2021_Liver-Biliary,Liver-Biliary,P11,Myeloid,Myeloid,Sun2021_Liver-Biliary::P11
Sun2021_Liver-Biliary,Liver-Biliary,P11,Malignant,Malignant,Sun2021_Liver-Biliary::P11
Sun2021_Liver-Biliary,Liver-Biliary,P12,NK_cell,NK cell,Sun2021_Liver-Biliary::P12
Sun2021_Liver-Biliary,Liver-Biliary,P12,B_cell,B cell,Sun2021_Liver-Biliary::P12
Sun2021_Liver-Biliary,Liver-Biliary,P12,T_cell,T cell,Sun2021_Liver-Biliary::P12
Sun2021_Liver-Biliary,Liver-Biliary,P12,Myeloid,Myeloid,Sun2021_Liver-Biliary::P12
Sun2021_Liver-Biliary,Liver-Biliary,P12,Plasma,Plasma,Sun2021_Liver-Biliary::P12
Sun2021_Liver-Biliary,Liver-Biliary,P12,Endothelial,Endothelial,Sun2021_Liver-Biliary::P12
Sun2021_Liver-Biliary,Liver-Biliary,P12,Malignant,Malignant,Sun2021_Liver-Biliary::P12
Sun2021_Liver-Biliary,Liver-Biliary,P12,Dendritic,Dendritic,Sun2021_Liver-Biliary::P12
Sun2021_Liver-Biliary,Liver-Biliary,P13,Myeloid,Myeloid,Sun2021_Liver-Biliary::P13
Sun2021_Liver-Biliary,Liver-Biliary,P13,Malignant,Malignant,Sun2021_Liver-Biliary::P13
Sun2021_Liver-Biliary,Liver-Biliary,P13,Endothelial,Endothelial,Sun2021_Liver-Biliary::P13
Sun2021_Liver-Biliary,Liver-Biliary,P13,T_cell,T cell,Sun2021_Liver-Biliary::P13
Sun2021_Liver-Biliary,Liver-Biliary,P13,NK_cell,NK cell,Sun2021_Liver-Biliary::P13
Sun2021_Liver-Biliary,Liver-Biliary,P13,Epithelial,Epithelial,Sun2021_Liver-Biliary::P13
Sun2021_Liver-Biliary,Liver-Biliary,P14,T_cell,T cell,Sun2021_Liver-Biliary::P14
Sun2021_Liver-Biliary,Liver-Biliary,P14,Malignant,Malignant,Sun2021_Liver-Biliary::P14
Sun2021_Liver-Biliary,Liver-Biliary,P14,NK_cell,NK cell,Sun2021_Liver-Biliary::P14
Sun2021_Liver-Biliary,Liver-Biliary,P14,Endothelial,Endothelial,Sun2021_Liver-Biliary::P14
Sun2021_Liver-Biliary,Liver-Biliary,P14,Myeloid,Myeloid,Sun2021_Liver-Biliary::P14
Sun2021_Liver-Biliary,Liver-Biliary,P14,Dendritic,Dendritic,Sun2021_Liver-Biliary::P14
Sun2021_Liver-Biliary,Liver-Biliary,P14,B_cell,B cell,Sun2021_Liver-Biliary::P14
Sun2021_Liver-Biliary,Liver-Biliary,P15,NK_cell,NK cell,Sun2021_Liver-Biliary::P15
Sun2021_Liver-Biliary,Liver-Biliary,P15,Myeloid,Myeloid,Sun2021_Liver-Biliary::P15
Sun2021_Liver-Biliary,Liver-Biliary,P15,T_cell,T cell,Sun2021_Liver-Biliary::P15
Sun2021_Liver-Biliary,Liver-Biliary,P15,B_cell,B cell,Sun2021_Liver-Biliary::P15
Sun2021_Liver-Biliary,Liver-Biliary,P15,Dendritic,Dendritic,Sun2021_Liver-Biliary::P15
Sun2021_Liver-Biliary,Liver-Biliary,P15,Endothelial,Endothelial,Sun2021_Liver-Biliary::P15
Sun2021_Liver-Biliary,Liver-Biliary,P15,Malignant,Malignant,Sun2021_Liver-Biliary::P15
Sun2021_Liver-Biliary,Liver-Biliary,P15,Epithelial,Epithelial,Sun2021_Liver-Biliary::P15
Sun2021_Liver-Biliary,Liver-Biliary,P15,Plasma,Plasma,Sun2021_Liver-Biliary::P15
Sun2021_Liver-Biliary,Liver-Biliary,P16,T_cell,T cell,Sun2021_Liver-Biliary::P16
Sun2021_Liver-Biliary,Liver-Biliary,P16,NK_cell,NK cell,Sun2021_Liver-Biliary::P16
Sun2021_Liver-Biliary,Liver-Biliary,P16,B_cell,B cell,Sun2021_Liver-Biliary::P16
Sun2021_Liver-Biliary,Liver-Biliary,P16,Myeloid,Myeloid,Sun2021_Liver-Biliary::P16
Sun2021_Liver-Biliary,Liver-Biliary,P16,Epithelial,Epithelial,Sun2021_Liver-Biliary::P16
Sun2021_Liver-Biliary,Liver-Biliary,P16,Endothelial,Endothelial,Sun2021_Liver-Biliary::P16
Sun2021_Liver-Biliary,Liver-Biliary,P16,Malignant,Malignant,Sun2021_Liver-Biliary::P16
Sun2021_Liver-Biliary,Liver-Biliary,P16,HSC,HSC,Sun2021_Liver-Biliary::P16
Sun2021_Liver-Biliary,Liver-Biliary,P17,NK_cell,NK cell,Sun2021_Liver-Biliary::P17
Sun2021_Liver-Biliary,Liver-Biliary,P17,Myeloid,Myeloid,Sun2021_Liver-Biliary::P17
Sun2021_Liver-Biliary,Liver-Biliary,P17,T_cell,T cell,Sun2021_Liver-Biliary::P17
Sun2021_Liver-Biliary,Liver-Biliary,P17,B_cell,B cell,Sun2021_Liver-Biliary::P17
Sun2021_Liver-Biliary,Liver-Biliary,P17,Plasma,Plasma,Sun2021_Liver-Biliary::P17
Sun2021_Liver-Biliary,Liver-Biliary,P17,Malignant,Malignant,Sun2021_Liver-Biliary::P17
Sun2021_Liver-Biliary,Liver-Biliary,P17,Endothelial,Endothelial,Sun2021_Liver-Biliary::P17
Sun2021_Liver-Biliary,Liver-Biliary,P17,HSC,HSC,Sun2021_Liver-Biliary::P17
Sun2021_Liver-Biliary,Liver-Biliary,P18,NK_cell,NK cell,Sun2021_Liver-Biliary::P18
Sun2021_Liver-Biliary,Liver-Biliary,P18,T_cell,T cell,Sun2021_Liver-Biliary::P18
Sun2021_Liver-Biliary,Liver-Biliary,P18,B_cell,B cell,Sun2021_Liver-Biliary::P18
Sun2021_Liver-Biliary,Liver-Biliary,P18,Myeloid,Myeloid,Sun2021_Liver-Biliary::P18
Sun2021_Liver-Biliary,Liver-Biliary,P18,Malignant,Malignant,Sun2021_Liver-Biliary::P18
Sun2021_Liver-Biliary,Liver-Biliary,P18,HSC,HSC,Sun2021_Liver-Biliary::P18
Sun2021_Liver-Biliary,Liver-Biliary,P18,Endothelial,Endothelial,Sun2021_Liver-Biliary::P18
Sun2021_Liver-Biliary,Liver-Biliary,P18,Plasma,Plasma,Sun2021_Liver-Biliary::P18
Sun2021_Liver-Biliary,Liver-Biliary,P19,T_cell,T cell,Sun2021_Liver-Biliary::P19
Sun2021_Liver-Biliary,Liver-Biliary,P19,NK_cell,NK cell,Sun2021_Liver-Biliary::P19
Sun2021_Liver-Biliary,Liver-Biliary,P19,Endothelial,Endothelial,Sun2021_Liver-Biliary::P19
Sun2021_Liver-Biliary,Liver-Biliary,P19,Myeloid,Myeloid,Sun2021_Liver-Biliary::P19
Sun2021_Liver-Biliary,Liver-Biliary,P19,Malignant,Malignant,Sun2021_Liver-Biliary::P19
Sun2021_Liver-Biliary,Liver-Biliary,P19,B_cell,B cell,Sun2021_Liver-Biliary::P19
Zhang2019_Liver-Biliary,Liver-Biliary,D20170222_N,NK_cell,NK cell,Zhang2019_Liver-Biliary::D20170222_N
Zhang2019_Liver-Biliary,Liver-Biliary,D20170222_N,T_cell,T cell,Zhang2019_Liver-Biliary::D20170222_N
Zhang2019_Liver-Biliary,Liver-Biliary,D20170222_N,Macrophage,Macrophage,Zhang2019_Liver-Biliary::D20170222_N
Zhang2019_Liver-Biliary,Liver-Biliary,D20170222_N,B_cell,B cell,Zhang2019_Liver-Biliary::D20170222_N
Zhang2019_Liver-Biliary,Liver-Biliary,D20170222_B,B_cell,B cell,Zhang2019_Liver-Biliary::D20170222_B
Zhang2019_Liver-Biliary,Liver-Biliary,D20170222_B,Monocyte,Monocyte,Zhang2019_Liver-Biliary::D20170222_B
Zhang2019_Liver-Biliary,Liver-Biliary,D20170222_B,T_cell,T cell,Zhang2019_Liver-Biliary::D20170222_B
Zhang2019_Liver-Biliary,Liver-Biliary,D20170222_B,NK_cell,NK cell,Zhang2019_Liver-Biliary::D20170222_B
Zhang2019_Liver-Biliary,Liver-Biliary,D20170222_B,ILC,ILC,Zhang2019_Liver-Biliary::D20170222_B
Zhang2019_Liver-Biliary,Liver-Biliary,D20170222_B,Plasma,Plasma,Zhang2019_Liver-Biliary::D20170222_B
Zhang2019_Liver-Biliary,Liver-Biliary,D20170222_B,Macrophage,Macrophage,Zhang2019_Liver-Biliary::D20170222_B
Zhang2019_Liver-Biliary,Liver-Biliary,D20170222_T,T_cell,T cell,Zhang2019_Liver-Biliary::D20170222_T
Zhang2019_Liver-Biliary,Liver-Biliary,D20170222_T,NK_cell,NK cell,Zhang2019_Liver-Biliary::D20170222_T
Zhang2019_Liver-Biliary,Liver-Biliary,D20170222_T,B_cell,B cell,Zhang2019_Liver-Biliary::D20170222_T
Zhang2019_Liver-Biliary,Liver-Biliary,D20170222_T,Macrophage,Macrophage,Zhang2019_Liver-Biliary::D20170222_T
Zhang2019_Liver-Biliary,Liver-Biliary,D20170222_T,Dendritic,Dendritic,Zhang2019_Liver-Biliary::D20170222_T
Zhang2019_Liver-Biliary,Liver-Biliary,D20170222_T,Plasma,Plasma,Zhang2019_Liver-Biliary::D20170222_T
Zhang2019_Liver-Biliary,Liver-Biliary,D20170222_T,ILC,ILC,Zhang2019_Liver-Biliary::D20170222_T
Zhang2019_Liver-Biliary,Liver-Biliary,D20170227_B,T_cell,T cell,Zhang2019_Liver-Biliary::D20170227_B
Zhang2019_Liver-Biliary,Liver-Biliary,D20170227_T,NK_cell,NK cell,Zhang2019_Liver-Biliary::D20170227_T
Zhang2019_Liver-Biliary,Liver-Biliary,D20170227_T,T_cell,T cell,Zhang2019_Liver-Biliary::D20170227_T
Zhang2019_Liver-Biliary,Liver-Biliary,D20170227_B,B_cell,B cell,Zhang2019_Liver-Biliary::D20170227_B
Zhang2019_Liver-Biliary,Liver-Biliary,D20170227_B,NK_cell,NK cell,Zhang2019_Liver-Biliary::D20170227_B
Zhang2019_Liver-Biliary,Liver-Biliary,D20170227_B,Macrophage,Macrophage,Zhang2019_Liver-Biliary::D20170227_B
Zhang2019_Liver-Biliary,Liver-Biliary,D20170227_B,Monocyte,Monocyte,Zhang2019_Liver-Biliary::D20170227_B
Zhang2019_Liver-Biliary,Liver-Biliary,D20170227_T,Macrophage,Macrophage,Zhang2019_Liver-Biliary::D20170227_T
Zhang2019_Liver-Biliary,Liver-Biliary,D20170227_T,ILC,ILC,Zhang2019_Liver-Biliary::D20170227_T
Zhang2019_Liver-Biliary,Liver-Biliary,D20170227_T,B_cell,B cell,Zhang2019_Liver-Biliary::D20170227_T
Zhang2019_Liver-Biliary,Liver-Biliary,D20170227_T,Dendritic,Dendritic,Zhang2019_Liver-Biliary::D20170227_T
Zhang2019_Liver-Biliary,Liver-Biliary,D20170227_T,Monocyte,Monocyte,Zhang2019_Liver-Biliary::D20170227_T
Zhang2019_Liver-Biliary,Liver-Biliary,D20170227_T,Plasma,Plasma,Zhang2019_Liver-Biliary::D20170227_T
Zhang2019_Liver-Biliary,Liver-Biliary,D20170227_B,Dendritic,Dendritic,Zhang2019_Liver-Biliary::D20170227_B
Zhang2019_Liver-Biliary,Liver-Biliary,D20170322_N,Macrophage,Macrophage,Zhang2019_Liver-Biliary::D20170322_N
Zhang2019_Liver-Biliary,Liver-Biliary,D20170322_N,Dendritic,Dendritic,Zhang2019_Liver-Biliary::D20170322_N
Zhang2019_Liver-Biliary,Liver-Biliary,D20170322_N,Monocyte,Monocyte,Zhang2019_Liver-Biliary::D20170322_N
Zhang2019_Liver-Biliary,Liver-Biliary,D20170322_N,T_cell,T cell,Zhang2019_Liver-Biliary::D20170322_N
Zhang2019_Liver-Biliary,Liver-Biliary,D20170322_N,NK_cell,NK cell,Zhang2019_Liver-Biliary::D20170322_N
Zhang2019_Liver-Biliary,Liver-Biliary,D20170322_N,B_cell,B cell,Zhang2019_Liver-Biliary::D20170322_N
Zhang2019_Liver-Biliary,Liver-Biliary,D20170322_N,Plasma,Plasma,Zhang2019_Liver-Biliary::D20170322_N
Zhang2019_Liver-Biliary,Liver-Biliary,D20170322_B,Monocyte,Monocyte,Zhang2019_Liver-Biliary::D20170322_B
Zhang2019_Liver-Biliary,Liver-Biliary,D20170322_B,Plasma,Plasma,Zhang2019_Liver-Biliary::D20170322_B
Zhang2019_Liver-Biliary,Liver-Biliary,D20170322_B,Macrophage,Macrophage,Zhang2019_Liver-Biliary::D20170322_B
Zhang2019_Liver-Biliary,Liver-Biliary,D20170322_B,B_cell,B cell,Zhang2019_Liver-Biliary::D20170322_B
Zhang2019_Liver-Biliary,Liver-Biliary,D20170322_B,T_cell,T cell,Zhang2019_Liver-Biliary::D20170322_B
Zhang2019_Liver-Biliary,Liver-Biliary,D20170322_B,NK_cell,NK cell,Zhang2019_Liver-Biliary::D20170322_B
Zhang2019_Liver-Biliary,Liver-Biliary,D20170322_T,Macrophage,Macrophage,Zhang2019_Liver-Biliary::D20170322_T
Zhang2019_Liver-Biliary,Liver-Biliary,D20170322_T,T_cell,T cell,Zhang2019_Liver-Biliary::D20170322_T
Zhang2019_Liver-Biliary,Liver-Biliary,D20170322_T,Dendritic,Dendritic,Zhang2019_Liver-Biliary::D20170322_T
Zhang2019_Liver-Biliary,Liver-Biliary,D20170322_T,Monocyte,Monocyte,Zhang2019_Liver-Biliary::D20170322_T
Zhang2019_Liver-Biliary,Liver-Biliary,D20170322_T,NK_cell,NK cell,Zhang2019_Liver-Biliary::D20170322_T
Zhang2019_Liver-Biliary,Liver-Biliary,D20170322_T,Mast,Mast,Zhang2019_Liver-Biliary::D20170322_T
Zhang2019_Liver-Biliary,Liver-Biliary,D20170322_T,B_cell,B cell,Zhang2019_Liver-Biliary::D20170322_T
Zhang2019_Liver-Biliary,Liver-Biliary,D20170322_T,ILC,ILC,Zhang2019_Liver-Biliary::D20170322_T
Zhang2019_Liver-Biliary,Liver-Biliary,D20170327_N,Dendritic,Dendritic,Zhang2019_Liver-Biliary::D20170327_N
Zhang2019_Liver-Biliary,Liver-Biliary,D20170327_N,Monocyte,Monocyte,Zhang2019_Liver-Biliary::D20170327_N
Zhang2019_Liver-Biliary,Liver-Biliary,D20170327_N,Macrophage,Macrophage,Zhang2019_Liver-Biliary::D20170327_N
Zhang2019_Liver-Biliary,Liver-Biliary,D20170327_N,NK_cell,NK cell,Zhang2019_Liver-Biliary::D20170327_N
Zhang2019_Liver-Biliary,Liver-Biliary,D20170327_N,B_cell,B cell,Zhang2019_Liver-Biliary::D20170327_N
Zhang2019_Liver-Biliary,Liver-Biliary,D20170327_N,Plasma,Plasma,Zhang2019_Liver-Biliary::D20170327_N
Zhang2019_Liver-Biliary,Liver-Biliary,D20170327_N,Mast,Mast,Zhang2019_Liver-Biliary::D20170327_N
Zhang2019_Liver-Biliary,Liver-Biliary,D20170327_N,T_cell,T cell,Zhang2019_Liver-Biliary::D20170327_N
Zhang2019_Liver-Biliary,Liver-Biliary,D20170327_B,Macrophage,Macrophage,Zhang2019_Liver-Biliary::D20170327_B
Zhang2019_Liver-Biliary,Liver-Biliary,D20170327_B,Monocyte,Monocyte,Zhang2019_Liver-Biliary::D20170327_B
Zhang2019_Liver-Biliary,Liver-Biliary,D20170327_B,Plasma,Plasma,Zhang2019_Liver-Biliary::D20170327_B
Zhang2019_Liver-Biliary,Liver-Biliary,D20170327_B,Dendritic,Dendritic,Zhang2019_Liver-Biliary::D20170327_B
Zhang2019_Liver-Biliary,Liver-Biliary,D20170327_B,B_cell,B cell,Zhang2019_Liver-Biliary::D20170327_B
Zhang2019_Liver-Biliary,Liver-Biliary,D20170327_B,T_cell,T cell,Zhang2019_Liver-Biliary::D20170327_B
Zhang2019_Liver-Biliary,Liver-Biliary,D20170327_B,NK_cell,NK cell,Zhang2019_Liver-Biliary::D20170327_B
Zhang2019_Liver-Biliary,Liver-Biliary,D20170327_B,Mast,Mast,Zhang2019_Liver-Biliary::D20170327_B
Zhang2019_Liver-Biliary,Liver-Biliary,D20170327_T,Macrophage,Macrophage,Zhang2019_Liver-Biliary::D20170327_T
Zhang2019_Liver-Biliary,Liver-Biliary,D20170327_T,Dendritic,Dendritic,Zhang2019_Liver-Biliary::D20170327_T
Zhang2019_Liver-Biliary,Liver-Biliary,D20170327_T,Monocyte,Monocyte,Zhang2019_Liver-Biliary::D20170327_T
Zhang2019_Liver-Biliary,Liver-Biliary,D20170327_T,Mast,Mast,Zhang2019_Liver-Biliary::D20170327_T
Zhang2019_Liver-Biliary,Liver-Biliary,D20170327_T,T_cell,T cell,Zhang2019_Liver-Biliary::D20170327_T
Zhang2019_Liver-Biliary,Liver-Biliary,D20170327_T,NK_cell,NK cell,Zhang2019_Liver-Biliary::D20170327_T
Zhang2019_Liver-Biliary,Liver-Biliary,D20170327_T,Plasma,Plasma,Zhang2019_Liver-Biliary::D20170327_T
Zhang2019_Liver-Biliary,Liver-Biliary,D20170327_T,B_cell,B cell,Zhang2019_Liver-Biliary::D20170327_T
Zhang2019_Liver-Biliary,Liver-Biliary,D20170412_N,T_cell,T cell,Zhang2019_Liver-Biliary::D20170412_N
Zhang2019_Liver-Biliary,Liver-Biliary,D20170412_N,NK_cell,NK cell,Zhang2019_Liver-Biliary::D20170412_N
Zhang2019_Liver-Biliary,Liver-Biliary,D20170412_N,Dendritic,Dendritic,Zhang2019_Liver-Biliary::D20170412_N
Zhang2019_Liver-Biliary,Liver-Biliary,D20170412_N,Monocyte,Monocyte,Zhang2019_Liver-Biliary::D20170412_N
Zhang2019_Liver-Biliary,Liver-Biliary,D20170412_N,B_cell,B cell,Zhang2019_Liver-Biliary::D20170412_N
Zhang2019_Liver-Biliary,Liver-Biliary,D20170412_N,Macrophage,Macrophage,Zhang2019_Liver-Biliary::D20170412_N
Zhang2019_Liver-Biliary,Liver-Biliary,D20170412_N,Plasma,Plasma,Zhang2019_Liver-Biliary::D20170412_N
Zhang2019_Liver-Biliary,Liver-Biliary,D20170412_N,ILC,ILC,Zhang2019_Liver-Biliary::D20170412_N
Zhang2019_Liver-Biliary,Liver-Biliary,D20170412_N,Mast,Mast,Zhang2019_Liver-Biliary::D20170412_N
Zhang2019_Liver-Biliary,Liver-Biliary,D20170412_B,T_cell,T cell,Zhang2019_Liver-Biliary::D20170412_B
Zhang2019_Liver-Biliary,Liver-Biliary,D20170412_B,NK_cell,NK cell,Zhang2019_Liver-Biliary::D20170412_B
Zhang2019_Liver-Biliary,Liver-Biliary,D20170412_B,B_cell,B cell,Zhang2019_Liver-Biliary::D20170412_B
Zhang2019_Liver-Biliary,Liver-Biliary,D20170412_B,Plasma,Plasma,Zhang2019_Liver-Biliary::D20170412_B
Zhang2019_Liver-Biliary,Liver-Biliary,D20170412_B,Monocyte,Monocyte,Zhang2019_Liver-Biliary::D20170412_B
Zhang2019_Liver-Biliary,Liver-Biliary,D20170412_B,Mast,Mast,Zhang2019_Liver-Biliary::D20170412_B
Zhang2019_Liver-Biliary,Liver-Biliary,D20170412_B,Dendritic,Dendritic,Zhang2019_Liver-Biliary::D20170412_B
Zhang2019_Liver-Biliary,Liver-Biliary,D20170412_B,ILC,ILC,Zhang2019_Liver-Biliary::D20170412_B
Zhang2019_Liver-Biliary,Liver-Biliary,D20170412_B,Macrophage,Macrophage,Zhang2019_Liver-Biliary::D20170412_B
Zhang2019_Liver-Biliary,Liver-Biliary,D20170412_T,NK_cell,NK cell,Zhang2019_Liver-Biliary::D20170412_T
Zhang2019_Liver-Biliary,Liver-Biliary,D20170412_T,T_cell,T cell,Zhang2019_Liver-Biliary::D20170412_T
Zhang2019_Liver-Biliary,Liver-Biliary,D20170412_T,Plasma,Plasma,Zhang2019_Liver-Biliary::D20170412_T
Zhang2019_Liver-Biliary,Liver-Biliary,D20170412_T,B_cell,B cell,Zhang2019_Liver-Biliary::D20170412_T
Zhang2019_Liver-Biliary,Liver-Biliary,D20170412_T,Mast,Mast,Zhang2019_Liver-Biliary::D20170412_T
Zhang2019_Liver-Biliary,Liver-Biliary,D20170412_T,Macrophage,Macrophage,Zhang2019_Liver-Biliary::D20170412_T
Zhang2019_Liver-Biliary,Liver-Biliary,D20170412_T,Dendritic,Dendritic,Zhang2019_Liver-Biliary::D20170412_T
Zhang2019_Liver-Biliary,Liver-Biliary,D20170412_T,Monocyte,Monocyte,Zhang2019_Liver-Biliary::D20170412_T
Zhang2019_Liver-Biliary,Liver-Biliary,D20171109_A,T_cell,T cell,Zhang2019_Liver-Biliary::D20171109_A
Zhang2019_Liver-Biliary,Liver-Biliary,D20171109_A,Macrophage,Macrophage,Zhang2019_Liver-Biliary::D20171109_A
Zhang2019_Liver-Biliary,Liver-Biliary,D20171109_A,Dendritic,Dendritic,Zhang2019_Liver-Biliary::D20171109_A
Zhang2019_Liver-Biliary,Liver-Biliary,D20171109_A,Monocyte,Monocyte,Zhang2019_Liver-Biliary::D20171109_A
Zhang2019_Liver-Biliary,Liver-Biliary,D20171109_A,NK_cell,NK cell,Zhang2019_Liver-Biliary::D20171109_A
Zhang2019_Liver-Biliary,Liver-Biliary,D20171109_A,B_cell,B cell,Zhang2019_Liver-Biliary::D20171109_A
Zhang2019_Liver-Biliary,Liver-Biliary,D20171109_L,Plasma,Plasma,Zhang2019_Liver-Biliary::D20171109_L
Zhang2019_Liver-Biliary,Liver-Biliary,D20171109_L,Mast,Mast,Zhang2019_Liver-Biliary::D20171109_L
Zhang2019_Liver-Biliary,Liver-Biliary,D20171109_L,Macrophage,Macrophage,Zhang2019_Liver-Biliary::D20171109_L
Zhang2019_Liver-Biliary,Liver-Biliary,D20171109_L,Dendritic,Dendritic,Zhang2019_Liver-Biliary::D20171109_L
Zhang2019_Liver-Biliary,Liver-Biliary,D20171109_L,ILC,ILC,Zhang2019_Liver-Biliary::D20171109_L
Zhang2019_Liver-Biliary,Liver-Biliary,D20171109_L,B_cell,B cell,Zhang2019_Liver-Biliary::D20171109_L
Zhang2019_Liver-Biliary,Liver-Biliary,D20171109_L,Monocyte,Monocyte,Zhang2019_Liver-Biliary::D20171109_L
Zhang2019_Liver-Biliary,Liver-Biliary,D20171109_L,T_cell,T cell,Zhang2019_Liver-Biliary::D20171109_L
Zhang2019_Liver-Biliary,Liver-Biliary,D20171109_L,NK_cell,NK cell,Zhang2019_Liver-Biliary::D20171109_L
Zhang2019_Liver-Biliary,Liver-Biliary,D20171109_N,Dendritic,Dendritic,Zhang2019_Liver-Biliary::D20171109_N
Zhang2019_Liver-Biliary,Liver-Biliary,D20171109_N,Macrophage,Macrophage,Zhang2019_Liver-Biliary::D20171109_N
Zhang2019_Liver-Biliary,Liver-Biliary,D20171109_N,Monocyte,Monocyte,Zhang2019_Liver-Biliary::D20171109_N
Zhang2019_Liver-Biliary,Liver-Biliary,D20171109_N,Plasma,Plasma,Zhang2019_Liver-Biliary::D20171109_N
Zhang2019_Liver-Biliary,Liver-Biliary,D20171109_N,Mast,Mast,Zhang2019_Liver-Biliary::D20171109_N
Zhang2019_Liver-Biliary,Liver-Biliary,D20171109_N,NK_cell,NK cell,Zhang2019_Liver-Biliary::D20171109_N
Zhang2019_Liver-Biliary,Liver-Biliary,D20171109_N,ILC,ILC,Zhang2019_Liver-Biliary::D20171109_N
Zhang2019_Liver-Biliary,Liver-Biliary,D20171109_N,B_cell,B cell,Zhang2019_Liver-Biliary::D20171109_N
Zhang2019_Liver-Biliary,Liver-Biliary,D20171109_N,T_cell,T cell,Zhang2019_Liver-Biliary::D20171109_N
Zhang2019_Liver-Biliary,Liver-Biliary,D20171109_B,Plasma,Plasma,Zhang2019_Liver-Biliary::D20171109_B
Zhang2019_Liver-Biliary,Liver-Biliary,D20171109_B,Monocyte,Monocyte,Zhang2019_Liver-Biliary::D20171109_B
Zhang2019_Liver-Biliary,Liver-Biliary,D20171109_B,B_cell,B cell,Zhang2019_Liver-Biliary::D20171109_B
Zhang2019_Liver-Biliary,Liver-Biliary,D20171109_B,Dendritic,Dendritic,Zhang2019_Liver-Biliary::D20171109_B
Zhang2019_Liver-Biliary,Liver-Biliary,D20171109_B,NK_cell,NK cell,Zhang2019_Liver-Biliary::D20171109_B
Zhang2019_Liver-Biliary,Liver-Biliary,D20171109_B,T_cell,T cell,Zhang2019_Liver-Biliary::D20171109_B
Zhang2019_Liver-Biliary,Liver-Biliary,D20171109_B,Macrophage,Macrophage,Zhang2019_Liver-Biliary::D20171109_B
Zhang2019_Liver-Biliary,Liver-Biliary,D20171109_B,ILC,ILC,Zhang2019_Liver-Biliary::D20171109_B
Zhang2019_Liver-Biliary,Liver-Biliary,D20171109_B,Mast,Mast,Zhang2019_Liver-Biliary::D20171109_B
Zhang2019_Liver-Biliary,Liver-Biliary,D20171109_T,Macrophage,Macrophage,Zhang2019_Liver-Biliary::D20171109_T
Zhang2019_Liver-Biliary,Liver-Biliary,D20171109_T,Dendritic,Dendritic,Zhang2019_Liver-Biliary::D20171109_T
Zhang2019_Liver-Biliary,Liver-Biliary,D20171109_T,Plasma,Plasma,Zhang2019_Liver-Biliary::D20171109_T
Zhang2019_Liver-Biliary,Liver-Biliary,D20171109_T,Monocyte,Monocyte,Zhang2019_Liver-Biliary::D20171109_T
Zhang2019_Liver-Biliary,Liver-Biliary,D20171109_T,Mast,Mast,Zhang2019_Liver-Biliary::D20171109_T
Zhang2019_Liver-Biliary,Liver-Biliary,D20171109_T,B_cell,B cell,Zhang2019_Liver-Biliary::D20171109_T
Zhang2019_Liver-Biliary,Liver-Biliary,D20171109_T,NK_cell,NK cell,Zhang2019_Liver-Biliary::D20171109_T
Zhang2019_Liver-Biliary,Liver-Biliary,D20171109_T,T_cell,T cell,Zhang2019_Liver-Biliary::D20171109_T
Zheng2017_Liver-Biliary,Liver-Biliary,P0205_P,T_cell,T cell,Zheng2017_Liver-Biliary::P0205_P
Zheng2017_Liver-Biliary,Liver-Biliary,P0205_T,T_cell,T cell,Zheng2017_Liver-Biliary::P0205_T
Zheng2017_Liver-Biliary,Liver-Biliary,P0322_N,T_cell,T cell,Zheng2017_Liver-Biliary::P0322_N
Zheng2017_Liver-Biliary,Liver-Biliary,P0322_P,T_cell,T cell,Zheng2017_Liver-Biliary::P0322_P
Zheng2017_Liver-Biliary,Liver-Biliary,P0322_T,T_cell,T cell,Zheng2017_Liver-Biliary::P0322_T
Zheng2017_Liver-Biliary,Liver-Biliary,P0407_N,T_cell,T cell,Zheng2017_Liver-Biliary::P0407_N
Zheng2017_Liver-Biliary,Liver-Biliary,P0407_P,T_cell,T cell,Zheng2017_Liver-Biliary::P0407_P
Zheng2017_Liver-Biliary,Liver-Biliary,P0407_T,T_cell,T cell,Zheng2017_Liver-Biliary::P0407_T
Zheng2017_Liver-Biliary,Liver-Biliary,P0508_N,T_cell,T cell,Zheng2017_Liver-Biliary::P0508_N
Zheng2017_Liver-Biliary,Liver-Biliary,P0508_P,T_cell,T cell,Zheng2017_Liver-Biliary::P0508_P
Zheng2017_Liver-Biliary,Liver-Biliary,P0508_T,T_cell,T cell,Zheng2017_Liver-Biliary::P0508_T
Zheng2017_Liver-Biliary,Liver-Biliary,P1116_N,T_cell,T cell,Zheng2017_Liver-Biliary::P1116_N
Zheng2017_Liver-Biliary,Liver-Biliary,P1116_P,T_cell,T cell,Zheng2017_Liver-Biliary::P1116_P
Zheng2017_Liver-Biliary,Liver-Biliary,P1116_T,T_cell,T cell,Zheng2017_Liver-Biliary::P1116_T
Bischoff2021_Lung,Lung,p018_N,Macrophage,Macrophage,Bischoff2021_Lung::p018_N
Bischoff2021_Lung,Lung,p018_N,Epithelial,Epithelial,Bischoff2021_Lung::p018_N
Bischoff2021_Lung,Lung,p018_N,Dendritic,Dendritic,Bischoff2021_Lung::p018_N
Bischoff2021_Lung,Lung,p018_N,Monocyte,Monocyte,Bischoff2021_Lung::p018_N
Bischoff2021_Lung,Lung,p018_N,Mast,Mast,Bischoff2021_Lung::p018_N
Bischoff2021_Lung,Lung,p018_N,Malignant,Malignant,Bischoff2021_Lung::p018_N
Bischoff2021_Lung,Lung,p018_N,Endothelial,Endothelial,Bischoff2021_Lung::p018_N
Bischoff2021_Lung,Lung,p018_N,Plasma,Plasma,Bischoff2021_Lung::p018_N
Bischoff2021_Lung,Lung,p018_N,T_cell,T cell,Bischoff2021_Lung::p018_N
Bischoff2021_Lung,Lung,p018_N,NK_cell,NK cell,Bischoff2021_Lung::p018_N
Bischoff2021_Lung,Lung,p018_N,B_cell,B cell,Bischoff2021_Lung::p018_N
Bischoff2021_Lung,Lung,p018_T,Macrophage,Macrophage,Bischoff2021_Lung::p018_T
Bischoff2021_Lung,Lung,p018_T,Malignant,Malignant,Bischoff2021_Lung::p018_T
Bischoff2021_Lung,Lung,p018_T,Dendritic,Dendritic,Bischoff2021_Lung::p018_T
Bischoff2021_Lung,Lung,p018_T,Epithelial,Epithelial,Bischoff2021_Lung::p018_T
Bischoff2021_Lung,Lung,p018_T,Myofibroblast,Myofibroblast,Bischoff2021_Lung::p018_T
Bischoff2021_Lung,Lung,p018_T,Mast,Mast,Bischoff2021_Lung::p018_T
Bischoff2021_Lung,Lung,p018_T,T_cell,T cell,Bischoff2021_Lung::p018_T
Bischoff2021_Lung,Lung,p018_T,Fibroblast,Fibroblast,Bischoff2021_Lung::p018_T
Bischoff2021_Lung,Lung,p018_T,Endothelial,Endothelial,Bischoff2021_Lung::p018_T
Bischoff2021_Lung,Lung,p018_T,B_cell,B cell,Bischoff2021_Lung::p018_T
Bischoff2021_Lung,Lung,p018_T,Plasma,Plasma,Bischoff2021_Lung::p018_T
Bischoff2021_Lung,Lung,p018_T,Monocyte,Monocyte,Bischoff2021_Lung::p018_T
Bischoff2021_Lung,Lung,p018_T,NK_cell,NK cell,Bischoff2021_Lung::p018_T
Bischoff2021_Lung,Lung,p018_T,Smooth_muscle,Smooth muscle,Bischoff2021_Lung::p018_T
Bischoff2021_Lung,Lung,p019_N,Macrophage,Macrophage,Bischoff2021_Lung::p019_N
Bischoff2021_Lung,Lung,p019_N,T_cell,T cell,Bischoff2021_Lung::p019_N
Bischoff2021_Lung,Lung,p019_N,Monocyte,Monocyte,Bischoff2021_Lung::p019_N
Bischoff2021_Lung,Lung,p019_N,Fibroblast,Fibroblast,Bischoff2021_Lung::p019_N
Bischoff2021_Lung,Lung,p019_N,NK_cell,NK cell,Bischoff2021_Lung::p019_N
Bischoff2021_Lung,Lung,p019_N,Epithelial,Epithelial,Bischoff2021_Lung::p019_N
Bischoff2021_Lung,Lung,p019_N,Endothelial,Endothelial,Bischoff2021_Lung::p019_N
Bischoff2021_Lung,Lung,p019_N,Plasma,Plasma,Bischoff2021_Lung::p019_N
Bischoff2021_Lung,Lung,p019_N,Mast,Mast,Bischoff2021_Lung::p019_N
Bischoff2021_Lung,Lung,p019_N,Dendritic,Dendritic,Bischoff2021_Lung::p019_N
Bischoff2021_Lung,Lung,p019_N,B_cell,B cell,Bischoff2021_Lung::p019_N
Bischoff2021_Lung,Lung,p019_N,Malignant,Malignant,Bischoff2021_Lung::p019_N
Bischoff2021_Lung,Lung,p019_N,Myofibroblast,Myofibroblast,Bischoff2021_Lung::p019_N
Bischoff2021_Lung,Lung,p019_T,Malignant,Malignant,Bischoff2021_Lung::p019_T
Bischoff2021_Lung,Lung,p019_T,T_cell,T cell,Bischoff2021_Lung::p019_T
Bischoff2021_Lung,Lung,p019_T,NK_cell,NK cell,Bischoff2021_Lung::p019_T
Bischoff2021_Lung,Lung,p019_T,Dendritic,Dendritic,Bischoff2021_Lung::p019_T
Bischoff2021_Lung,Lung,p019_T,Macrophage,Macrophage,Bischoff2021_Lung::p019_T
Bischoff2021_Lung,Lung,p019_T,Myofibroblast,Myofibroblast,Bischoff2021_Lung::p019_T
Bischoff2021_Lung,Lung,p019_T,Epithelial,Epithelial,Bischoff2021_Lung::p019_T
Bischoff2021_Lung,Lung,p019_T,B_cell,B cell,Bischoff2021_Lung::p019_T
Bischoff2021_Lung,Lung,p019_T,Endothelial,Endothelial,Bischoff2021_Lung::p019_T
Bischoff2021_Lung,Lung,p019_T,Plasma,Plasma,Bischoff2021_Lung::p019_T
Bischoff2021_Lung,Lung,p019_T,Monocyte,Monocyte,Bischoff2021_Lung::p019_T
Bischoff2021_Lung,Lung,p019_T,Mast,Mast,Bischoff2021_Lung::p019_T
Bischoff2021_Lung,Lung,p019_T,Fibroblast,Fibroblast,Bischoff2021_Lung::p019_T
Bischoff2021_Lung,Lung,p019_T,Smooth_muscle,Smooth muscle,Bischoff2021_Lung::p019_T
Bischoff2021_Lung,Lung,p023_T,Mast,Mast,Bischoff2021_Lung::p023_T
Bischoff2021_Lung,Lung,p023_T,T_cell,T cell,Bischoff2021_Lung::p023_T
Bischoff2021_Lung,Lung,p023_T,Macrophage,Macrophage,Bischoff2021_Lung::p023_T
Bischoff2021_Lung,Lung,p023_T,Plasma,Plasma,Bischoff2021_Lung::p023_T
Bischoff2021_Lung,Lung,p023_T,B_cell,B cell,Bischoff2021_Lung::p023_T
Bischoff2021_Lung,Lung,p023_T,Malignant,Malignant,Bischoff2021_Lung::p023_T
Bischoff2021_Lung,Lung,p023_T,Dendritic,Dendritic,Bischoff2021_Lung::p023_T
Bischoff2021_Lung,Lung,p023_T,Monocyte,Monocyte,Bischoff2021_Lung::p023_T
Bischoff2021_Lung,Lung,p023_T,Smooth_muscle,Smooth muscle,Bischoff2021_Lung::p023_T
Bischoff2021_Lung,Lung,p023_T,Myofibroblast,Myofibroblast,Bischoff2021_Lung::p023_T
Bischoff2021_Lung,Lung,p023_T,Endothelial,Endothelial,Bischoff2021_Lung::p023_T
Bischoff2021_Lung,Lung,p023_T,NK_cell,NK cell,Bischoff2021_Lung::p023_T
Bischoff2021_Lung,Lung,p023_T,Epithelial,Epithelial,Bischoff2021_Lung::p023_T
Bischoff2021_Lung,Lung,p024_T,Plasma,Plasma,Bischoff2021_Lung::p024_T
Bischoff2021_Lung,Lung,p024_T,T_cell,T cell,Bischoff2021_Lung::p024_T
Bischoff2021_Lung,Lung,p024_T,NK_cell,NK cell,Bischoff2021_Lung::p024_T
Bischoff2021_Lung,Lung,p024_T,Malignant,Malignant,Bischoff2021_Lung::p024_T
Bischoff2021_Lung,Lung,p024_T,Macrophage,Macrophage,Bischoff2021_Lung::p024_T
Bischoff2021_Lung,Lung,p024_T,Smooth_muscle,Smooth muscle,Bischoff2021_Lung::p024_T
Bischoff2021_Lung,Lung,p024_T,B_cell,B cell,Bischoff2021_Lung::p024_T
Bischoff2021_Lung,Lung,p024_T,Dendritic,Dendritic,Bischoff2021_Lung::p024_T
Bischoff2021_Lung,Lung,p024_T,Epithelial,Epithelial,Bischoff2021_Lung::p024_T
Bischoff2021_Lung,Lung,p024_T,Monocyte,Monocyte,Bischoff2021_Lung::p024_T
Bischoff2021_Lung,Lung,p024_T,Mast,Mast,Bischoff2021_Lung::p024_T
Bischoff2021_Lung,Lung,p024_T,Endothelial,Endothelial,Bischoff2021_Lung::p024_T
Bischoff2021_Lung,Lung,p024_T,Myofibroblast,Myofibroblast,Bischoff2021_Lung::p024_T
Bischoff2021_Lung,Lung,p024_T,Fibroblast,Fibroblast,Bischoff2021_Lung::p024_T
Bischoff2021_Lung,Lung,p027_N,Epithelial,Epithelial,Bischoff2021_Lung::p027_N
Bischoff2021_Lung,Lung,p027_N,Macrophage,Macrophage,Bischoff2021_Lung::p027_N
Bischoff2021_Lung,Lung,p027_N,T_cell,T cell,Bischoff2021_Lung::p027_N
Bischoff2021_Lung,Lung,p027_N,Endothelial,Endothelial,Bischoff2021_Lung::p027_N
Bischoff2021_Lung,Lung,p027_N,NK_cell,NK cell,Bischoff2021_Lung::p027_N
Bischoff2021_Lung,Lung,p027_N,Fibroblast,Fibroblast,Bischoff2021_Lung::p027_N
Bischoff2021_Lung,Lung,p027_N,Dendritic,Dendritic,Bischoff2021_Lung::p027_N
Bischoff2021_Lung,Lung,p027_N,Monocyte,Monocyte,Bischoff2021_Lung::p027_N
Bischoff2021_Lung,Lung,p027_N,Mast,Mast,Bischoff2021_Lung::p027_N
Bischoff2021_Lung,Lung,p027_N,B_cell,B cell,Bischoff2021_Lung::p027_N
Bischoff2021_Lung,Lung,p027_N,Myofibroblast,Myofibroblast,Bischoff2021_Lung::p027_N
Bischoff2021_Lung,Lung,p027_N,Smooth_muscle,Smooth muscle,Bischoff2021_Lung::p027_N
Bischoff2021_Lung,Lung,p027_N,Plasma,Plasma,Bischoff2021_Lung::p027_N
Bischoff2021_Lung,Lung,p027_N,Malignant,Malignant,Bischoff2021_Lung::p027_N
Bischoff2021_Lung,Lung,p027_T,Malignant,Malignant,Bischoff2021_Lung::p027_T
Bischoff2021_Lung,Lung,p027_T,T_cell,T cell,Bischoff2021_Lung::p027_T
Bischoff2021_Lung,Lung,p027_T,Plasma,Plasma,Bischoff2021_Lung::p027_T
Bischoff2021_Lung,Lung,p027_T,Dendritic,Dendritic,Bischoff2021_Lung::p027_T
Bischoff2021_Lung,Lung,p027_T,Macrophage,Macrophage,Bischoff2021_Lung::p027_T
Bischoff2021_Lung,Lung,p027_T,B_cell,B cell,Bischoff2021_Lung::p027_T
Bischoff2021_Lung,Lung,p027_T,NK_cell,NK cell,Bischoff2021_Lung::p027_T
Bischoff2021_Lung,Lung,p027_T,Endothelial,Endothelial,Bischoff2021_Lung::p027_T
Bischoff2021_Lung,Lung,p027_T,Smooth_muscle,Smooth muscle,Bischoff2021_Lung::p027_T
Bischoff2021_Lung,Lung,p027_T,Epithelial,Epithelial,Bischoff2021_Lung::p027_T
Bischoff2021_Lung,Lung,p027_T,Myofibroblast,Myofibroblast,Bischoff2021_Lung::p027_T
Bischoff2021_Lung,Lung,p027_T,Mast,Mast,Bischoff2021_Lung::p027_T
Bischoff2021_Lung,Lung,p027_T,Monocyte,Monocyte,Bischoff2021_Lung::p027_T
Bischoff2021_Lung,Lung,p027_T,Fibroblast,Fibroblast,Bischoff2021_Lung::p027_T
Bischoff2021_Lung,Lung,p028_N,NK_cell,NK cell,Bischoff2021_Lung::p028_N
Bischoff2021_Lung,Lung,p028_N,T_cell,T cell,Bischoff2021_Lung::p028_N
Bischoff2021_Lung,Lung,p028_N,Macrophage,Macrophage,Bischoff2021_Lung::p028_N
Bischoff2021_Lung,Lung,p028_N,Endothelial,Endothelial,Bischoff2021_Lung::p028_N
Bischoff2021_Lung,Lung,p028_N,Monocyte,Monocyte,Bischoff2021_Lung::p028_N
Bischoff2021_Lung,Lung,p028_N,Epithelial,Epithelial,Bischoff2021_Lung::p028_N
Bischoff2021_Lung,Lung,p028_N,Dendritic,Dendritic,Bischoff2021_Lung::p028_N
Bischoff2021_Lung,Lung,p028_N,Mast,Mast,Bischoff2021_Lung::p028_N
Bischoff2021_Lung,Lung,p028_N,B_cell,B cell,Bischoff2021_Lung::p028_N
Bischoff2021_Lung,Lung,p028_N,Plasma,Plasma,Bischoff2021_Lung::p028_N
Bischoff2021_Lung,Lung,p028_N,Fibroblast,Fibroblast,Bischoff2021_Lung::p028_N
Bischoff2021_Lung,Lung,p028_N,Smooth_muscle,Smooth muscle,Bischoff2021_Lung::p028_N
Bischoff2021_Lung,Lung,p028_N,Malignant,Malignant,Bischoff2021_Lung::p028_N
Bischoff2021_Lung,Lung,p029_N,T_cell,T cell,Bischoff2021_Lung::p029_N
Bischoff2021_Lung,Lung,p029_N,Macrophage,Macrophage,Bischoff2021_Lung::p029_N
Bischoff2021_Lung,Lung,p029_N,Mast,Mast,Bischoff2021_Lung::p029_N
Bischoff2021_Lung,Lung,p029_N,Monocyte,Monocyte,Bischoff2021_Lung::p029_N
Bischoff2021_Lung,Lung,p029_N,Epithelial,Epithelial,Bischoff2021_Lung::p029_N
Bischoff2021_Lung,Lung,p029_N,Endothelial,Endothelial,Bischoff2021_Lung::p029_N
Bischoff2021_Lung,Lung,p029_N,Plasma,Plasma,Bischoff2021_Lung::p029_N
Bischoff2021_Lung,Lung,p029_N,B_cell,B cell,Bischoff2021_Lung::p029_N
Bischoff2021_Lung,Lung,p029_N,NK_cell,NK cell,Bischoff2021_Lung::p029_N
Bischoff2021_Lung,Lung,p029_N,Dendritic,Dendritic,Bischoff2021_Lung::p029_N
Bischoff2021_Lung,Lung,p029_N,Fibroblast,Fibroblast,Bischoff2021_Lung::p029_N
Bischoff2021_Lung,Lung,p029_N,Smooth_muscle,Smooth muscle,Bischoff2021_Lung::p029_N
Bischoff2021_Lung,Lung,p029_N,Myofibroblast,Myofibroblast,Bischoff2021_Lung::p029_N
Bischoff2021_Lung,Lung,p030_N,T_cell,T cell,Bischoff2021_Lung::p030_N
Bischoff2021_Lung,Lung,p030_N,NK_cell,NK cell,Bischoff2021_Lung::p030_N
Bischoff2021_Lung,Lung,p030_N,Macrophage,Macrophage,Bischoff2021_Lung::p030_N
Bischoff2021_Lung,Lung,p030_N,Epithelial,Epithelial,Bischoff2021_Lung::p030_N
Bischoff2021_Lung,Lung,p030_N,Endothelial,Endothelial,Bischoff2021_Lung::p030_N
Bischoff2021_Lung,Lung,p030_N,Dendritic,Dendritic,Bischoff2021_Lung::p030_N
Bischoff2021_Lung,Lung,p030_N,Monocyte,Monocyte,Bischoff2021_Lung::p030_N
Bischoff2021_Lung,Lung,p030_N,Smooth_muscle,Smooth muscle,Bischoff2021_Lung::p030_N
Bischoff2021_Lung,Lung,p030_N,B_cell,B cell,Bischoff2021_Lung::p030_N
Bischoff2021_Lung,Lung,p030_N,Plasma,Plasma,Bischoff2021_Lung::p030_N
Bischoff2021_Lung,Lung,p030_N,Myofibroblast,Myofibroblast,Bischoff2021_Lung::p030_N
Bischoff2021_Lung,Lung,p030_N,Mast,Mast,Bischoff2021_Lung::p030_N
Bischoff2021_Lung,Lung,p030_N,Malignant,Malignant,Bischoff2021_Lung::p030_N
Bischoff2021_Lung,Lung,p030_N,Fibroblast,Fibroblast,Bischoff2021_Lung::p030_N
Bischoff2021_Lung,Lung,p030_T,B_cell,B cell,Bischoff2021_Lung::p030_T
Bischoff2021_Lung,Lung,p030_T,T_cell,T cell,Bischoff2021_Lung::p030_T
Bischoff2021_Lung,Lung,p030_T,Malignant,Malignant,Bischoff2021_Lung::p030_T
Bischoff2021_Lung,Lung,p030_T,Dendritic,Dendritic,Bischoff2021_Lung::p030_T
Bischoff2021_Lung,Lung,p030_T,Endothelial,Endothelial,Bischoff2021_Lung::p030_T
Bischoff2021_Lung,Lung,p030_T,Plasma,Plasma,Bischoff2021_Lung::p030_T
Bischoff2021_Lung,Lung,p030_T,Myofibroblast,Myofibroblast,Bischoff2021_Lung::p030_T
Bischoff2021_Lung,Lung,p030_T,Macrophage,Macrophage,Bischoff2021_Lung::p030_T
Bischoff2021_Lung,Lung,p030_T,Smooth_muscle,Smooth muscle,Bischoff2021_Lung::p030_T
Bischoff2021_Lung,Lung,p030_T,Epithelial,Epithelial,Bischoff2021_Lung::p030_T
Bischoff2021_Lung,Lung,p030_T,Mast,Mast,Bischoff2021_Lung::p030_T
Bischoff2021_Lung,Lung,p030_T,NK_cell,NK cell,Bischoff2021_Lung::p030_T
Bischoff2021_Lung,Lung,p030_T,Monocyte,Monocyte,Bischoff2021_Lung::p030_T
Bischoff2021_Lung,Lung,p030_T,Fibroblast,Fibroblast,Bischoff2021_Lung::p030_T
Bischoff2021_Lung,Lung,p031_N,Macrophage,Macrophage,Bischoff2021_Lung::p031_N
Bischoff2021_Lung,Lung,p031_N,Dendritic,Dendritic,Bischoff2021_Lung::p031_N
Bischoff2021_Lung,Lung,p031_N,T_cell,T cell,Bischoff2021_Lung::p031_N
Bischoff2021_Lung,Lung,p031_N,Monocyte,Monocyte,Bischoff2021_Lung::p031_N
Bischoff2021_Lung,Lung,p031_N,Endothelial,Endothelial,Bischoff2021_Lung::p031_N
Bischoff2021_Lung,Lung,p031_N,B_cell,B cell,Bischoff2021_Lung::p031_N
Bischoff2021_Lung,Lung,p031_N,Myofibroblast,Myofibroblast,Bischoff2021_Lung::p031_N
Bischoff2021_Lung,Lung,p031_N,Epithelial,Epithelial,Bischoff2021_Lung::p031_N
Bischoff2021_Lung,Lung,p031_N,NK_cell,NK cell,Bischoff2021_Lung::p031_N
Bischoff2021_Lung,Lung,p031_N,Smooth_muscle,Smooth muscle,Bischoff2021_Lung::p031_N
Bischoff2021_Lung,Lung,p031_N,Mast,Mast,Bischoff2021_Lung::p031_N
Bischoff2021_Lung,Lung,p031_N,Fibroblast,Fibroblast,Bischoff2021_Lung::p031_N
Bischoff2021_Lung,Lung,p031_N,Plasma,Plasma,Bischoff2021_Lung::p031_N
Bischoff2021_Lung,Lung,p031_N,Malignant,Malignant,Bischoff2021_Lung::p031_N
Bischoff2021_Lung,Lung,p031_T,Macrophage,Macrophage,Bischoff2021_Lung::p031_T
Bischoff2021_Lung,Lung,p031_T,T_cell,T cell,Bischoff2021_Lung::p031_T
Bischoff2021_Lung,Lung,p031_T,Malignant,Malignant,Bischoff2021_Lung::p031_T
Bischoff2021_Lung,Lung,p031_T,Monocyte,Monocyte,Bischoff2021_Lung::p031_T
Bischoff2021_Lung,Lung,p031_T,Dendritic,Dendritic,Bischoff2021_Lung::p031_T
Bischoff2021_Lung,Lung,p031_T,Endothelial,Endothelial,Bischoff2021_Lung::p031_T
Bischoff2021_Lung,Lung,p031_T,Plasma,Plasma,Bischoff2021_Lung::p031_T
Bischoff2021_Lung,Lung,p031_T,Smooth_muscle,Smooth muscle,Bischoff2021_Lung::p031_T
Bischoff2021_Lung,Lung,p031_T,Mast,Mast,Bischoff2021_Lung::p031_T
Bischoff2021_Lung,Lung,p031_T,Epithelial,Epithelial,Bischoff2021_Lung::p031_T
Bischoff2021_Lung,Lung,p031_T,B_cell,B cell,Bischoff2021_Lung::p031_T
Bischoff2021_Lung,Lung,p031_T,Myofibroblast,Myofibroblast,Bischoff2021_Lung::p031_T
Bischoff2021_Lung,Lung,p031_T,Fibroblast,Fibroblast,Bischoff2021_Lung::p031_T
Bischoff2021_Lung,Lung,p031_T,NK_cell,NK cell,Bischoff2021_Lung::p031_T
Bischoff2021_Lung,Lung,p032_N,T_cell,T cell,Bischoff2021_Lung::p032_N
Bischoff2021_Lung,Lung,p032_N,Monocyte,Monocyte,Bischoff2021_Lung::p032_N
Bischoff2021_Lung,Lung,p032_N,NK_cell,NK cell,Bischoff2021_Lung::p032_N
Bischoff2021_Lung,Lung,p032_N,Dendritic,Dendritic,Bischoff2021_Lung::p032_N
Bischoff2021_Lung,Lung,p032_N,Macrophage,Macrophage,Bischoff2021_Lung::p032_N
Bischoff2021_Lung,Lung,p032_N,Mast,Mast,Bischoff2021_Lung::p032_N
Bischoff2021_Lung,Lung,p032_N,B_cell,B cell,Bischoff2021_Lung::p032_N
Bischoff2021_Lung,Lung,p032_N,Epithelial,Epithelial,Bischoff2021_Lung::p032_N
Bischoff2021_Lung,Lung,p032_N,Endothelial,Endothelial,Bischoff2021_Lung::p032_N
Bischoff2021_Lung,Lung,p032_N,Plasma,Plasma,Bischoff2021_Lung::p032_N
Bischoff2021_Lung,Lung,p032_N,Smooth_muscle,Smooth muscle,Bischoff2021_Lung::p032_N
Bischoff2021_Lung,Lung,p032_N,Myofibroblast,Myofibroblast,Bischoff2021_Lung::p032_N
Bischoff2021_Lung,Lung,p032_N,Fibroblast,Fibroblast,Bischoff2021_Lung::p032_N
Bischoff2021_Lung,Lung,p032_N,Malignant,Malignant,Bischoff2021_Lung::p032_N
Bischoff2021_Lung,Lung,p032_T,T_cell,T cell,Bischoff2021_Lung::p032_T
Bischoff2021_Lung,Lung,p032_T,Malignant,Malignant,Bischoff2021_Lung::p032_T
Bischoff2021_Lung,Lung,p032_T,Endothelial,Endothelial,Bischoff2021_Lung::p032_T
Bischoff2021_Lung,Lung,p032_T,Dendritic,Dendritic,Bischoff2021_Lung::p032_T
Bischoff2021_Lung,Lung,p032_T,Epithelial,Epithelial,Bischoff2021_Lung::p032_T
Bischoff2021_Lung,Lung,p032_T,B_cell,B cell,Bischoff2021_Lung::p032_T
Bischoff2021_Lung,Lung,p032_T,Macrophage,Macrophage,Bischoff2021_Lung::p032_T
Bischoff2021_Lung,Lung,p032_T,NK_cell,NK cell,Bischoff2021_Lung::p032_T
Bischoff2021_Lung,Lung,p032_T,Plasma,Plasma,Bischoff2021_Lung::p032_T
Bischoff2021_Lung,Lung,p032_T,Monocyte,Monocyte,Bischoff2021_Lung::p032_T
Bischoff2021_Lung,Lung,p032_T,Mast,Mast,Bischoff2021_Lung::p032_T
Bischoff2021_Lung,Lung,p032_T,Smooth_muscle,Smooth muscle,Bischoff2021_Lung::p032_T
Bischoff2021_Lung,Lung,p032_T,Myofibroblast,Myofibroblast,Bischoff2021_Lung::p032_T
Bischoff2021_Lung,Lung,p033_N,Epithelial,Epithelial,Bischoff2021_Lung::p033_N
Bischoff2021_Lung,Lung,p033_N,Macrophage,Macrophage,Bischoff2021_Lung::p033_N
Bischoff2021_Lung,Lung,p033_N,T_cell,T cell,Bischoff2021_Lung::p033_N
Bischoff2021_Lung,Lung,p033_N,Plasma,Plasma,Bischoff2021_Lung::p033_N
Bischoff2021_Lung,Lung,p033_N,Endothelial,Endothelial,Bischoff2021_Lung::p033_N
Bischoff2021_Lung,Lung,p033_N,NK_cell,NK cell,Bischoff2021_Lung::p033_N
Bischoff2021_Lung,Lung,p033_N,B_cell,B cell,Bischoff2021_Lung::p033_N
Bischoff2021_Lung,Lung,p033_N,Monocyte,Monocyte,Bischoff2021_Lung::p033_N
Bischoff2021_Lung,Lung,p033_N,Dendritic,Dendritic,Bischoff2021_Lung::p033_N
Bischoff2021_Lung,Lung,p033_N,Malignant,Malignant,Bischoff2021_Lung::p033_N
Bischoff2021_Lung,Lung,p033_N,Mast,Mast,Bischoff2021_Lung::p033_N
Bischoff2021_Lung,Lung,p033_N,Fibroblast,Fibroblast,Bischoff2021_Lung::p033_N
Bischoff2021_Lung,Lung,p033_N,Myofibroblast,Myofibroblast,Bischoff2021_Lung::p033_N
Bischoff2021_Lung,Lung,p033_N,Smooth_muscle,Smooth muscle,Bischoff2021_Lung::p033_N
Bischoff2021_Lung,Lung,p033_T,T_cell,T cell,Bischoff2021_Lung::p033_T
Bischoff2021_Lung,Lung,p033_T,Malignant,Malignant,Bischoff2021_Lung::p033_T
Bischoff2021_Lung,Lung,p033_T,Macrophage,Macrophage,Bischoff2021_Lung::p033_T
Bischoff2021_Lung,Lung,p033_T,B_cell,B cell,Bischoff2021_Lung::p033_T
Bischoff2021_Lung,Lung,p033_T,Endothelial,Endothelial,Bischoff2021_Lung::p033_T
Bischoff2021_Lung,Lung,p033_T,NK_cell,NK cell,Bischoff2021_Lung::p033_T
Bischoff2021_Lung,Lung,p033_T,Epithelial,Epithelial,Bischoff2021_Lung::p033_T
Bischoff2021_Lung,Lung,p033_T,Plasma,Plasma,Bischoff2021_Lung::p033_T
Bischoff2021_Lung,Lung,p033_T,Myofibroblast,Myofibroblast,Bischoff2021_Lung::p033_T
Bischoff2021_Lung,Lung,p033_T,Dendritic,Dendritic,Bischoff2021_Lung::p033_T
Bischoff2021_Lung,Lung,p033_T,Mast,Mast,Bischoff2021_Lung::p033_T
Bischoff2021_Lung,Lung,p033_T,Smooth_muscle,Smooth muscle,Bischoff2021_Lung::p033_T
Bischoff2021_Lung,Lung,p033_T,Monocyte,Monocyte,Bischoff2021_Lung::p033_T
Bischoff2021_Lung,Lung,p033_T,Fibroblast,Fibroblast,Bischoff2021_Lung::p033_T
Bischoff2021_Lung,Lung,p034_N,T_cell,T cell,Bischoff2021_Lung::p034_N
Bischoff2021_Lung,Lung,p034_N,Macrophage,Macrophage,Bischoff2021_Lung::p034_N
Bischoff2021_Lung,Lung,p034_N,Monocyte,Monocyte,Bischoff2021_Lung::p034_N
Bischoff2021_Lung,Lung,p034_N,Endothelial,Endothelial,Bischoff2021_Lung::p034_N
Bischoff2021_Lung,Lung,p034_N,Dendritic,Dendritic,Bischoff2021_Lung::p034_N
Bischoff2021_Lung,Lung,p034_N,NK_cell,NK cell,Bischoff2021_Lung::p034_N
Bischoff2021_Lung,Lung,p034_N,Epithelial,Epithelial,Bischoff2021_Lung::p034_N
Bischoff2021_Lung,Lung,p034_N,Mast,Mast,Bischoff2021_Lung::p034_N
Bischoff2021_Lung,Lung,p034_N,Plasma,Plasma,Bischoff2021_Lung::p034_N
Bischoff2021_Lung,Lung,p034_N,Smooth_muscle,Smooth muscle,Bischoff2021_Lung::p034_N
Bischoff2021_Lung,Lung,p034_N,Fibroblast,Fibroblast,Bischoff2021_Lung::p034_N
Bischoff2021_Lung,Lung,p034_N,B_cell,B cell,Bischoff2021_Lung::p034_N
Bischoff2021_Lung,Lung,p034_N,Malignant,Malignant,Bischoff2021_Lung::p034_N
Bischoff2021_Lung,Lung,p034_N,Myofibroblast,Myofibroblast,Bischoff2021_Lung::p034_N
Bischoff2021_Lung,Lung,p034_T,T_cell,T cell,Bischoff2021_Lung::p034_T
Bischoff2021_Lung,Lung,p034_T,Plasma,Plasma,Bischoff2021_Lung::p034_T
Bischoff2021_Lung,Lung,p034_T,Macrophage,Macrophage,Bischoff2021_Lung::p034_T
Bischoff2021_Lung,Lung,p034_T,Smooth_muscle,Smooth muscle,Bischoff2021_Lung::p034_T
Bischoff2021_Lung,Lung,p034_T,Malignant,Malignant,Bischoff2021_Lung::p034_T
Bischoff2021_Lung,Lung,p034_T,Mast,Mast,Bischoff2021_Lung::p034_T
Bischoff2021_Lung,Lung,p034_T,Dendritic,Dendritic,Bischoff2021_Lung::p034_T
Bischoff2021_Lung,Lung,p034_T,Monocyte,Monocyte,Bischoff2021_Lung::p034_T
Bischoff2021_Lung,Lung,p034_T,Myofibroblast,Myofibroblast,Bischoff2021_Lung::p034_T
Bischoff2021_Lung,Lung,p034_T,NK_cell,NK cell,Bischoff2021_Lung::p034_T
Bischoff2021_Lung,Lung,p034_T,Endothelial,Endothelial,Bischoff2021_Lung::p034_T
Bischoff2021_Lung,Lung,p034_T,B_cell,B cell,Bischoff2021_Lung::p034_T
Bischoff2021_Lung,Lung,p034_T,Epithelial,Epithelial,Bischoff2021_Lung::p034_T
Chan2021_Lung,Lung,RU1215,Malignant,Malignant,Chan2021_Lung::RU1215
Chan2021_Lung,Lung,RU1057_T,Endothelial,Endothelial,Chan2021_Lung::RU1057_T
Chan2021_Lung,Lung,RU1152,Malignant,Malignant,Chan2021_Lung::RU1152
Chan2021_Lung,Lung,PleuralEffusion,T_cell,T cell,Chan2021_Lung::PleuralEffusion
Chan2021_Lung,Lung,RU1128,T_cell,T cell,Chan2021_Lung::RU1128
Chan2021_Lung,Lung,RU1231A,Malignant,Malignant,Chan2021_Lung::RU1231A
Chan2021_Lung,Lung,RU1322A_LN,Malignant,Malignant,Chan2021_Lung::RU1322A_LN
Chan2021_Lung,Lung,RU1181B,Malignant,Malignant,Chan2021_Lung::RU1181B
Chan2021_Lung,Lung,RU1108a_RPMI,Malignant,Malignant,Chan2021_Lung::RU1108a_RPMI
Chan2021_Lung,Lung,RU1170g_Sort-Freeze,Endothelial,Endothelial,Chan2021_Lung::RU1170g_Sort-Freeze
Chan2021_Lung,Lung,RU1145,T_cell,T cell,Chan2021_Lung::RU1145
Chan2021_Lung,Lung,RU1138,T_cell,T cell,Chan2021_Lung::RU1138
Chan2021_Lung,Lung,RU1038_Sort-Freeze,T_cell,T cell,Chan2021_Lung::RU1038_Sort-Freeze
Chan2021_Lung,Lung,RU1145,Malignant,Malignant,Chan2021_Lung::RU1145
Chan2021_Lung,Lung,RU1137,Epithelial,Epithelial,Chan2021_Lung::RU1137
Chan2021_Lung,Lung,RU779D,T_cell,T cell,Chan2021_Lung::RU779D
Chan2021_Lung,Lung,RU1065C,T_cell,T cell,Chan2021_Lung::RU1065C
Chan2021_Lung,Lung,RU1108a_Bambanker,Malignant,Malignant,Chan2021_Lung::RU1108a_Bambanker
Chan2021_Lung,Lung,PleuralEffusion,Macrophage,Macrophage,Chan2021_Lung::PleuralEffusion
Chan2021_Lung,Lung,RU1066,Malignant,Malignant,Chan2021_Lung::RU1066
Chan2021_Lung,Lung,RU1293A,Malignant,Malignant,Chan2021_Lung::RU1293A
Chan2021_Lung,Lung,RU1080C,Malignant,Malignant,Chan2021_Lung::RU1080C
Chan2021_Lung,Lung,RU1137,Dendritic,Dendritic,Chan2021_Lung::RU1137
Chan2021_Lung,Lung,RU1080C,T_cell,T cell,Chan2021_Lung::RU1080C
Chan2021_Lung,Lung,RU1144_LN,Malignant,Malignant,Chan2021_Lung::RU1144_LN
Chan2021_Lung,Lung,RU1134_Sort-Freeze,T_cell,T cell,Chan2021_Lung::RU1134_Sort-Freeze
Chan2021_Lung,Lung,RU1108a_Bambanker_Frozen,Malignant,Malignant,Chan2021_Lung::RU1108a_Bambanker_Frozen
Chan2021_Lung,Lung,RU1128,Epithelial,Epithelial,Chan2021_Lung::RU1128
Chan2021_Lung,Lung,RU1229A_Frozen,Malignant,Malignant,Chan2021_Lung::RU1229A_Frozen
Chan2021_Lung,Lung,RU1135,T_cell,T cell,Chan2021_Lung::RU1135
Chan2021_Lung,Lung,RU1262C,Epithelial,Epithelial,Chan2021_Lung::RU1262C
Chan2021_Lung,Lung,RU1231A,Dendritic,Dendritic,Chan2021_Lung::RU1231A
Chan2021_Lung,Lung,RU1134_Sort-Freeze,Dendritic,Dendritic,Chan2021_Lung::RU1134_Sort-Freeze
Chan2021_Lung,Lung,RU1138,Mast,Mast,Chan2021_Lung::RU1138
Chan2021_Lung,Lung,RU1134_Sort-Freeze,B_cell,B cell,Chan2021_Lung::RU1134_Sort-Freeze
Chan2021_Lung,Lung,RU1181C,Malignant,Malignant,Chan2021_Lung::RU1181C
Chan2021_Lung,Lung,RU1170g_Sort-Freeze,B_cell,B cell,Chan2021_Lung::RU1170g_Sort-Freeze
Chan2021_Lung,Lung,RU1195A,T_cell,T cell,Chan2021_Lung::RU1195A
Chan2021_Lung,Lung,RU1128,Endothelial,Endothelial,Chan2021_Lung::RU1128
Chan2021_Lung,Lung,RU1061,Fibroblast,Fibroblast,Chan2021_Lung::RU1061
Chan2021_Lung,Lung,RU1134_Sort-Freeze,Mast,Mast,Chan2021_Lung::RU1134_Sort-Freeze
Chan2021_Lung,Lung,RU1262C,Endothelial,Endothelial,Chan2021_Lung::RU1262C
Chan2021_Lung,Lung,RU1181C,Dendritic,Dendritic,Chan2021_Lung::RU1181C
Chan2021_Lung,Lung,RU1152,T_cell,T cell,Chan2021_Lung::RU1152
Chan2021_Lung,Lung,RU1057_T,T_cell,T cell,Chan2021_Lung::RU1057_T
Chan2021_Lung,Lung,RU1144_T,Malignant,Malignant,Chan2021_Lung::RU1144_T
Chan2021_Lung,Lung,RU1124A_LN,T_cell,T cell,Chan2021_Lung::RU1124A_LN
Chan2021_Lung,Lung,PleuralEffusion,Malignant,Malignant,Chan2021_Lung::PleuralEffusion
Chan2021_Lung,Lung,RU426B,Malignant,Malignant,Chan2021_Lung::RU426B
Chan2021_Lung,Lung,RU1262C,T_cell,T cell,Chan2021_Lung::RU1262C
Chan2021_Lung,Lung,RU1124A_LN,Malignant,Malignant,Chan2021_Lung::RU1124A_LN
Chan2021_Lung,Lung,RU1170g,B_cell,B cell,Chan2021_Lung::RU1170g
Chan2021_Lung,Lung,RU1195A,Malignant,Malignant,Chan2021_Lung::RU1195A
Chan2021_Lung,Lung,RU1170g,T_cell,T cell,Chan2021_Lung::RU1170g
Chan2021_Lung,Lung,RU1137,Fibroblast,Fibroblast,Chan2021_Lung::RU1137
Chan2021_Lung,Lung,RU1134_Sort-Freeze,Endothelial,Endothelial,Chan2021_Lung::RU1134_Sort-Freeze
Chan2021_Lung,Lung,RU1262C,B_cell,B cell,Chan2021_Lung::RU1262C
Chan2021_Lung,Lung,RU426B,T_cell,T cell,Chan2021_Lung::RU426B
Chan2021_Lung,Lung,RU1170g_Freeze-Sort,T_cell,T cell,Chan2021_Lung::RU1170g_Freeze-Sort
Chan2021_Lung,Lung,RU1134-CN2,Fibroblast,Fibroblast,Chan2021_Lung::RU1134-CN2
Chan2021_Lung,Lung,RU1293A,T_cell,T cell,Chan2021_Lung::RU1293A
Chan2021_Lung,Lung,RU1170g,Epithelial,Epithelial,Chan2021_Lung::RU1170g
Chan2021_Lung,Lung,RU1066,T_cell,T cell,Chan2021_Lung::RU1066
Chan2021_Lung,Lung,RU1262C,Fibroblast,Fibroblast,Chan2021_Lung::RU1262C
Chan2021_Lung,Lung,RU426B,Fibroblast,Fibroblast,Chan2021_Lung::RU426B
Chan2021_Lung,Lung,RU779D,Malignant,Malignant,Chan2021_Lung::RU779D
Chan2021_Lung,Lung,RU1057_T,B_cell,B cell,Chan2021_Lung::RU1057_T
Chan2021_Lung,Lung,RU1065C,Dendritic,Dendritic,Chan2021_Lung::RU1065C
Chan2021_Lung,Lung,RU1128,B_cell,B cell,Chan2021_Lung::RU1128
Chan2021_Lung,Lung,RU1170g_Sort-Freeze,T_cell,T cell,Chan2021_Lung::RU1170g_Sort-Freeze
Chan2021_Lung,Lung,RU1135,Fibroblast,Fibroblast,Chan2021_Lung::RU1135
Chan2021_Lung,Lung,RU1137,Endothelial,Endothelial,Chan2021_Lung::RU1137
Chan2021_Lung,Lung,RU1271,Epithelial,Epithelial,Chan2021_Lung::RU1271
Chan2021_Lung,Lung,RU1138,Epithelial,Epithelial,Chan2021_Lung::RU1138
Chan2021_Lung,Lung,RU1311A_T_1,Malignant,Malignant,Chan2021_Lung::RU1311A_T_1
Chan2021_Lung,Lung,RU1065C,Malignant,Malignant,Chan2021_Lung::RU1065C
Chan2021_Lung,Lung,RU1137,B_cell,B cell,Chan2021_Lung::RU1137
Chan2021_Lung,Lung,RU1293A,Dendritic,Dendritic,Chan2021_Lung::RU1293A
Chan2021_Lung,Lung,RU1137,T_cell,T cell,Chan2021_Lung::RU1137
Chan2021_Lung,Lung,RU1057_T,Fibroblast,Fibroblast,Chan2021_Lung::RU1057_T
Chan2021_Lung,Lung,RU1170g,Endothelial,Endothelial,Chan2021_Lung::RU1170g
Chan2021_Lung,Lung,RU1144_LN,Dendritic,Dendritic,Chan2021_Lung::RU1144_LN
Chan2021_Lung,Lung,RU1061,Epithelial,Epithelial,Chan2021_Lung::RU1061
Chan2021_Lung,Lung,RU1108a_Bambanker_Frozen,Endothelial,Endothelial,Chan2021_Lung::RU1108a_Bambanker_Frozen
Chan2021_Lung,Lung,RU1229A_Frozen,Fibroblast,Fibroblast,Chan2021_Lung::RU1229A_Frozen
Chan2021_Lung,Lung,RU1271,Dendritic,Dendritic,Chan2021_Lung::RU1271
Chan2021_Lung,Lung,RU1152,Plasma,Plasma,Chan2021_Lung::RU1152
Chan2021_Lung,Lung,RU1195A,Dendritic,Dendritic,Chan2021_Lung::RU1195A
Chan2021_Lung,Lung,RU1181C,Fibroblast,Fibroblast,Chan2021_Lung::RU1181C
Chan2021_Lung,Lung,RU1170g_Freeze-Sort,B_cell,B cell,Chan2021_Lung::RU1170g_Freeze-Sort
Chan2021_Lung,Lung,RU1138,Endothelial,Endothelial,Chan2021_Lung::RU1138
Chan2021_Lung,Lung,RU1144_T,T_cell,T cell,Chan2021_Lung::RU1144_T
Chan2021_Lung,Lung,RU1144_LN,B_cell,B cell,Chan2021_Lung::RU1144_LN
Chan2021_Lung,Lung,RU1262C,Malignant,Malignant,Chan2021_Lung::RU1262C
Chan2021_Lung,Lung,RU1293A,Fibroblast,Fibroblast,Chan2021_Lung::RU1293A
Chan2021_Lung,Lung,RU1065C,Endothelial,Endothelial,Chan2021_Lung::RU1065C
Chan2021_Lung,Lung,RU1128,Dendritic,Dendritic,Chan2021_Lung::RU1128
Chan2021_Lung,Lung,RU1137,Macrophage,Macrophage,Chan2021_Lung::RU1137
Chan2021_Lung,Lung,RU1134_Sort-Freeze,Macrophage,Macrophage,Chan2021_Lung::RU1134_Sort-Freeze
Chan2021_Lung,Lung,RU1152,Dendritic,Dendritic,Chan2021_Lung::RU1152
Chan2021_Lung,Lung,RU426B,Macrophage,Macrophage,Chan2021_Lung::RU426B
Chan2021_Lung,Lung,RU1170g_Freeze-Sort,Mast,Mast,Chan2021_Lung::RU1170g_Freeze-Sort
Chan2021_Lung,Lung,RU1038_Sort-Freeze,B_cell,B cell,Chan2021_Lung::RU1038_Sort-Freeze
Chan2021_Lung,Lung,RU1057_T,Epithelial,Epithelial,Chan2021_Lung::RU1057_T
Chan2021_Lung,Lung,RU1108a_Bambanker,Fibroblast,Fibroblast,Chan2021_Lung::RU1108a_Bambanker
Chan2021_Lung,Lung,RU1322A_LN,Fibroblast,Fibroblast,Chan2021_Lung::RU1322A_LN
Chan2021_Lung,Lung,RU1170g_Freeze-Sort,Dendritic,Dendritic,Chan2021_Lung::RU1170g_Freeze-Sort
Chan2021_Lung,Lung,RU1061,Mast,Mast,Chan2021_Lung::RU1061
Chan2021_Lung,Lung,RU1144_LN,T_cell,T cell,Chan2021_Lung::RU1144_LN
Chan2021_Lung,Lung,RU1231A,T_cell,T cell,Chan2021_Lung::RU1231A
Chan2021_Lung,Lung,RU1134-CN2,T_cell,T cell,Chan2021_Lung::RU1134-CN2
Chan2021_Lung,Lung,RU1135,B_cell,B cell,Chan2021_Lung::RU1135
Chan2021_Lung,Lung,RU1065C,Macrophage,Macrophage,Chan2021_Lung::RU1065C
Chan2021_Lung,Lung,RU1170g,Macrophage,Macrophage,Chan2021_Lung::RU1170g
Chan2021_Lung,Lung,RU1170g_Sort-Freeze,Epithelial,Epithelial,Chan2021_Lung::RU1170g_Sort-Freeze
Chan2021_Lung,Lung,RU1229A_Frozen,T_cell,T cell,Chan2021_Lung::RU1229A_Frozen
Chan2021_Lung,Lung,RU1134-CN2,B_cell,B cell,Chan2021_Lung::RU1134-CN2
Chan2021_Lung,Lung,RU1170g,Dendritic,Dendritic,Chan2021_Lung::RU1170g
Chan2021_Lung,Lung,RU1134-CN2,Epithelial,Epithelial,Chan2021_Lung::RU1134-CN2
Chan2021_Lung,Lung,RU1181B,Macrophage,Macrophage,Chan2021_Lung::RU1181B
Chan2021_Lung,Lung,RU1170g_Freeze-Sort,Epithelial,Epithelial,Chan2021_Lung::RU1170g_Freeze-Sort
Chan2021_Lung,Lung,RU1170g_Sort-Freeze,Fibroblast,Fibroblast,Chan2021_Lung::RU1170g_Sort-Freeze
Chan2021_Lung,Lung,RU1229A_Frozen,Macrophage,Macrophage,Chan2021_Lung::RU1229A_Frozen
Chan2021_Lung,Lung,RU1170g_Sort-Freeze,Dendritic,Dendritic,Chan2021_Lung::RU1170g_Sort-Freeze
Chan2021_Lung,Lung,RU1138,B_cell,B cell,Chan2021_Lung::RU1138
Chan2021_Lung,Lung,RU1181C,T_cell,T cell,Chan2021_Lung::RU1181C
Chan2021_Lung,Lung,RU1262C,Macrophage,Macrophage,Chan2021_Lung::RU1262C
Chan2021_Lung,Lung,RU1271,B_cell,B cell,Chan2021_Lung::RU1271
Chan2021_Lung,Lung,RU1138,Macrophage,Macrophage,Chan2021_Lung::RU1138
Chan2021_Lung,Lung,RU1135,Mast,Mast,Chan2021_Lung::RU1135
Chan2021_Lung,Lung,RU1061,T_cell,T cell,Chan2021_Lung::RU1061
Chan2021_Lung,Lung,RU1134_Sort-Freeze,Fibroblast,Fibroblast,Chan2021_Lung::RU1134_Sort-Freeze
Chan2021_Lung,Lung,RU1293A,Endothelial,Endothelial,Chan2021_Lung::RU1293A
Chan2021_Lung,Lung,RU1170g_Freeze-Sort,Fibroblast,Fibroblast,Chan2021_Lung::RU1170g_Freeze-Sort
Chan2021_Lung,Lung,RU1128,Fibroblast,Fibroblast,Chan2021_Lung::RU1128
Chan2021_Lung,Lung,RU1057_T,Malignant,Malignant,Chan2021_Lung::RU1057_T
Chan2021_Lung,Lung,RU1144_T,Endothelial,Endothelial,Chan2021_Lung::RU1144_T
Chan2021_Lung,Lung,RU1057_T,Dendritic,Dendritic,Chan2021_Lung::RU1057_T
Chan2021_Lung,Lung,RU1195A,Macrophage,Macrophage,Chan2021_Lung::RU1195A
Chan2021_Lung,Lung,RU1061,Plasma,Plasma,Chan2021_Lung::RU1061
Chan2021_Lung,Lung,RU1231A,B_cell,B cell,Chan2021_Lung::RU1231A
Chan2021_Lung,Lung,RU1271,T_cell,T cell,Chan2021_Lung::RU1271
Chan2021_Lung,Lung,RU779D,Endothelial,Endothelial,Chan2021_Lung::RU779D
Chan2021_Lung,Lung,RU1229A_Frozen,Epithelial,Epithelial,Chan2021_Lung::RU1229A_Frozen
Chan2021_Lung,Lung,RU1057_T,Mast,Mast,Chan2021_Lung::RU1057_T
Chan2021_Lung,Lung,RU1145,Dendritic,Dendritic,Chan2021_Lung::RU1145
Chan2021_Lung,Lung,RU1066,B_cell,B cell,Chan2021_Lung::RU1066
Chan2021_Lung,Lung,RU1138,Dendritic,Dendritic,Chan2021_Lung::RU1138
Chan2021_Lung,Lung,RU1124A_LN,B_cell,B cell,Chan2021_Lung::RU1124A_LN
Chan2021_Lung,Lung,RU1128,Macrophage,Macrophage,Chan2021_Lung::RU1128
Chan2021_Lung,Lung,RU1066,Fibroblast,Fibroblast,Chan2021_Lung::RU1066
Chan2021_Lung,Lung,RU1170g,Fibroblast,Fibroblast,Chan2021_Lung::RU1170g
Chan2021_Lung,Lung,RU1262C,Mast,Mast,Chan2021_Lung::RU1262C
Chan2021_Lung,Lung,RU1134-CN2,Mast,Mast,Chan2021_Lung::RU1134-CN2
Chan2021_Lung,Lung,RU426B,Endothelial,Endothelial,Chan2021_Lung::RU426B
Chan2021_Lung,Lung,RU1108a_Bambanker_Frozen,Dendritic,Dendritic,Chan2021_Lung::RU1108a_Bambanker_Frozen
Chan2021_Lung,Lung,RU1134_Sort-Freeze,Epithelial,Epithelial,Chan2021_Lung::RU1134_Sort-Freeze
Chan2021_Lung,Lung,RU1170g,Mast,Mast,Chan2021_Lung::RU1170g
Chan2021_Lung,Lung,RU1066,Dendritic,Dendritic,Chan2021_Lung::RU1066
Chan2021_Lung,Lung,RU1262C,Dendritic,Dendritic,Chan2021_Lung::RU1262C
Chan2021_Lung,Lung,RU1137,Mast,Mast,Chan2021_Lung::RU1137
Chan2021_Lung,Lung,RU1134-CN2,Endothelial,Endothelial,Chan2021_Lung::RU1134-CN2
Chan2021_Lung,Lung,RU1170g_Sort-Freeze,Mast,Mast,Chan2021_Lung::RU1170g_Sort-Freeze
Chan2021_Lung,Lung,RU1144_T,Fibroblast,Fibroblast,Chan2021_Lung::RU1144_T
Chan2021_Lung,Lung,RU1322A_LN,Endothelial,Endothelial,Chan2021_Lung::RU1322A_LN
Chan2021_Lung,Lung,RU1108a_Bambanker_Frozen,T_cell,T cell,Chan2021_Lung::RU1108a_Bambanker_Frozen
Chan2021_Lung,Lung,RU1065C,Fibroblast,Fibroblast,Chan2021_Lung::RU1065C
Chan2021_Lung,Lung,RU1181C,Endothelial,Endothelial,Chan2021_Lung::RU1181C
Chan2021_Lung,Lung,RU1065C,Epithelial,Epithelial,Chan2021_Lung::RU1065C
Chan2021_Lung,Lung,RU1215,Macrophage,Macrophage,Chan2021_Lung::RU1215
Chan2021_Lung,Lung,RU1215,T_cell,T cell,Chan2021_Lung::RU1215
Chan2021_Lung,Lung,RU1065C,B_cell,B cell,Chan2021_Lung::RU1065C
Chan2021_Lung,Lung,RU1311A_T_1,Macrophage,Macrophage,Chan2021_Lung::RU1311A_T_1
Chan2021_Lung,Lung,RU1137,Plasma,Plasma,Chan2021_Lung::RU1137
Chan2021_Lung,Lung,RU1229A_Frozen,B_cell,B cell,Chan2021_Lung::RU1229A_Frozen
Chan2021_Lung,Lung,RU1135,Epithelial,Epithelial,Chan2021_Lung::RU1135
Chan2021_Lung,Lung,RU1061,B_cell,B cell,Chan2021_Lung::RU1061
Chan2021_Lung,Lung,RU1138,Fibroblast,Fibroblast,Chan2021_Lung::RU1138
Chan2021_Lung,Lung,RU1152,Macrophage,Macrophage,Chan2021_Lung::RU1152
Chan2021_Lung,Lung,RU426B,Dendritic,Dendritic,Chan2021_Lung::RU426B
Chan2021_Lung,Lung,RU1170g_Freeze-Sort,Macrophage,Macrophage,Chan2021_Lung::RU1170g_Freeze-Sort
Chan2021_Lung,Lung,RU1124A_LN,Dendritic,Dendritic,Chan2021_Lung::RU1124A_LN
Chan2021_Lung,Lung,RU1061,Dendritic,Dendritic,Chan2021_Lung::RU1061
Chan2021_Lung,Lung,RU1134-CN2,Macrophage,Macrophage,Chan2021_Lung::RU1134-CN2
Chan2021_Lung,Lung,RU1293A,Macrophage,Macrophage,Chan2021_Lung::RU1293A
Chan2021_Lung,Lung,RU1080C,Dendritic,Dendritic,Chan2021_Lung::RU1080C
Chan2021_Lung,Lung,RU779D,Dendritic,Dendritic,Chan2021_Lung::RU779D
Chan2021_Lung,Lung,RU1293A,B_cell,B cell,Chan2021_Lung::RU1293A
Chan2021_Lung,Lung,RU1061,Macrophage,Macrophage,Chan2021_Lung::RU1061
Chan2021_Lung,Lung,RU1108a_RPMI,Fibroblast,Fibroblast,Chan2021_Lung::RU1108a_RPMI
Chan2021_Lung,Lung,RU1108a_Bambanker,Dendritic,Dendritic,Chan2021_Lung::RU1108a_Bambanker
Chan2021_Lung,Lung,PleuralEffusion,Epithelial,Epithelial,Chan2021_Lung::PleuralEffusion
Chan2021_Lung,Lung,RU1066,Macrophage,Macrophage,Chan2021_Lung::RU1066
Chan2021_Lung,Lung,RU1195A,Epithelial,Epithelial,Chan2021_Lung::RU1195A
Chan2021_Lung,Lung,RU1108a_RPMI,Dendritic,Dendritic,Chan2021_Lung::RU1108a_RPMI
Chan2021_Lung,Lung,RU1144_LN,Fibroblast,Fibroblast,Chan2021_Lung::RU1144_LN
Chan2021_Lung,Lung,RU1134-CN2,Plasma,Plasma,Chan2021_Lung::RU1134-CN2
Chan2021_Lung,Lung,RU1135,Dendritic,Dendritic,Chan2021_Lung::RU1135
Chan2021_Lung,Lung,RU1170g_Freeze-Sort,Endothelial,Endothelial,Chan2021_Lung::RU1170g_Freeze-Sort
Chan2021_Lung,Lung,RU1134-CN2,Dendritic,Dendritic,Chan2021_Lung::RU1134-CN2
Chan2021_Lung,Lung,RU1215,Dendritic,Dendritic,Chan2021_Lung::RU1215
Chan2021_Lung,Lung,RU1108a_Bambanker_Frozen,Fibroblast,Fibroblast,Chan2021_Lung::RU1108a_Bambanker_Frozen
Chan2021_Lung,Lung,RU1108a_RPMI,T_cell,T cell,Chan2021_Lung::RU1108a_RPMI
Chan2021_Lung,Lung,RU779D,Macrophage,Macrophage,Chan2021_Lung::RU779D
Chan2021_Lung,Lung,RU1271,Macrophage,Macrophage,Chan2021_Lung::RU1271
Chan2021_Lung,Lung,RU1181C,Macrophage,Macrophage,Chan2021_Lung::RU1181C
Chan2021_Lung,Lung,RU1181C,B_cell,B cell,Chan2021_Lung::RU1181C
Chan2021_Lung,Lung,RU1144_T,Mast,Mast,Chan2021_Lung::RU1144_T
Chan2021_Lung,Lung,RU1108a_RPMI,Endothelial,Endothelial,Chan2021_Lung::RU1108a_RPMI
Chan2021_Lung,Lung,RU426B,Mast,Mast,Chan2021_Lung::RU426B
Chan2021_Lung,Lung,RU1170g_Sort-Freeze,Macrophage,Macrophage,Chan2021_Lung::RU1170g_Sort-Freeze
Chan2021_Lung,Lung,RU1124A_LN,Epithelial,Epithelial,Chan2021_Lung::RU1124A_LN
Chan2021_Lung,Lung,RU1135,Endothelial,Endothelial,Chan2021_Lung::RU1135
Chan2021_Lung,Lung,RU1080C,B_cell,B cell,Chan2021_Lung::RU1080C
Chan2021_Lung,Lung,RU1145,Plasma,Plasma,Chan2021_Lung::RU1145
Chan2021_Lung,Lung,RU1293A,Epithelial,Epithelial,Chan2021_Lung::RU1293A
Chan2021_Lung,Lung,PleuralEffusion,B_cell,B cell,Chan2021_Lung::PleuralEffusion
Chan2021_Lung,Lung,RU779D,Fibroblast,Fibroblast,Chan2021_Lung::RU779D
Chan2021_Lung,Lung,RU1144_T,Macrophage,Macrophage,Chan2021_Lung::RU1144_T
Chan2021_Lung,Lung,RU1137,Malignant,Malignant,Chan2021_Lung::RU1137
Chan2021_Lung,Lung,RU1080C,Macrophage,Macrophage,Chan2021_Lung::RU1080C
Chan2021_Lung,Lung,RU1061,Endothelial,Endothelial,Chan2021_Lung::RU1061
Chan2021_Lung,Lung,RU1134_Sort-Freeze,Plasma,Plasma,Chan2021_Lung::RU1134_Sort-Freeze
Chan2021_Lung,Lung,RU426B,Epithelial,Epithelial,Chan2021_Lung::RU426B
Chan2021_Lung,Lung,RU1108a_Bambanker_Frozen,Macrophage,Macrophage,Chan2021_Lung::RU1108a_Bambanker_Frozen
Chan2021_Lung,Lung,RU1038_Sort-Freeze,Macrophage,Macrophage,Chan2021_Lung::RU1038_Sort-Freeze
Chan2021_Lung,Lung,RU1135,Plasma,Plasma,Chan2021_Lung::RU1135
Chan2021_Lung,Lung,RU1145,Macrophage,Macrophage,Chan2021_Lung::RU1145
Chan2021_Lung,Lung,RU1135,Malignant,Malignant,Chan2021_Lung::RU1135
Chan2021_Lung,Lung,RU1135,Macrophage,Macrophage,Chan2021_Lung::RU1135
Chan2021_Lung,Lung,RU1145,Fibroblast,Fibroblast,Chan2021_Lung::RU1145
Chan2021_Lung,Lung,RU1108a_Bambanker,Endothelial,Endothelial,Chan2021_Lung::RU1108a_Bambanker
Chan2021_Lung,Lung,RU1322A_LN,T_cell,T cell,Chan2021_Lung::RU1322A_LN
Chan2021_Lung,Lung,RU1057_T,Macrophage,Macrophage,Chan2021_Lung::RU1057_T
Chan2021_Lung,Lung,RU1322A_LN,B_cell,B cell,Chan2021_Lung::RU1322A_LN
Chan2021_Lung,Lung,RU1145,Epithelial,Epithelial,Chan2021_Lung::RU1145
Chan2021_Lung,Lung,RU1145,B_cell,B cell,Chan2021_Lung::RU1145
Chan2021_Lung,Lung,RU426B,B_cell,B cell,Chan2021_Lung::RU426B
Chan2021_Lung,Lung,RU1322A_LN,Macrophage,Macrophage,Chan2021_Lung::RU1322A_LN
Chan2021_Lung,Lung,RU1231A,Macrophage,Macrophage,Chan2021_Lung::RU1231A
Chan2021_Lung,Lung,RU1038_Sort-Freeze,Endothelial,Endothelial,Chan2021_Lung::RU1038_Sort-Freeze
Chan2021_Lung,Lung,RU1231A,Fibroblast,Fibroblast,Chan2021_Lung::RU1231A
Chan2021_Lung,Lung,RU1311A_T_1,T_cell,T cell,Chan2021_Lung::RU1311A_T_1
Chan2021_Lung,Lung,RU1181B,B_cell,B cell,Chan2021_Lung::RU1181B
Chan2021_Lung,Lung,RU1108a_Bambanker,T_cell,T cell,Chan2021_Lung::RU1108a_Bambanker
Chan2021_Lung,Lung,RU1124A_LN,Macrophage,Macrophage,Chan2021_Lung::RU1124A_LN
Chan2021_Lung,Lung,RU1322A_LN,Epithelial,Epithelial,Chan2021_Lung::RU1322A_LN
Chan2021_Lung,Lung,RU1229A_Frozen,Dendritic,Dendritic,Chan2021_Lung::RU1229A_Frozen
Chan2021_Lung,Lung,RU1038_Sort-Freeze,Epithelial,Epithelial,Chan2021_Lung::RU1038_Sort-Freeze
Chan2021_Lung,Lung,RU1124A_LN,Neutrophil,Neutrophil,Chan2021_Lung::RU1124A_LN
Chan2021_Lung,Lung,RU1195A,B_cell,B cell,Chan2021_Lung::RU1195A
Chan2021_Lung,Lung,RU1066,Plasma,Plasma,Chan2021_Lung::RU1066
Chan2021_Lung,Lung,RU779D,Epithelial,Epithelial,Chan2021_Lung::RU779D
Chan2021_Lung,Lung,RU1322A_LN,Dendritic,Dendritic,Chan2021_Lung::RU1322A_LN
Chan2021_Lung,Lung,RU1311A_T_1,Epithelial,Epithelial,Chan2021_Lung::RU1311A_T_1
Chan2021_Lung,Lung,RU1229A_Frozen,Endothelial,Endothelial,Chan2021_Lung::RU1229A_Frozen
Chan2021_Lung,Lung,RU1138,Plasma,Plasma,Chan2021_Lung::RU1138
Chan2021_Lung,Lung,RU1322A_LN,Plasma,Plasma,Chan2021_Lung::RU1322A_LN
Chan2021_Lung,Lung,RU1215,Fibroblast,Fibroblast,Chan2021_Lung::RU1215
Chan2021_Lung,Lung,RU1145,Endothelial,Endothelial,Chan2021_Lung::RU1145
Chan2021_Lung,Lung,RU1066,Endothelial,Endothelial,Chan2021_Lung::RU1066
Chan2021_Lung,Lung,RU1195A,Endothelial,Endothelial,Chan2021_Lung::RU1195A
Chan2021_Lung,Lung,RU1080C,Plasma,Plasma,Chan2021_Lung::RU1080C
Chan2021_Lung,Lung,RU1195A,Mast,Mast,Chan2021_Lung::RU1195A
Chan2021_Lung,Lung,RU1215,Epithelial,Epithelial,Chan2021_Lung::RU1215
Chan2021_Lung,Lung,RU1061,Malignant,Malignant,Chan2021_Lung::RU1061
Chan2021_Lung,Lung,RU1152,B_cell,B cell,Chan2021_Lung::RU1152
Chan2021_Lung,Lung,RU1181B,Dendritic,Dendritic,Chan2021_Lung::RU1181B
Chan2021_Lung,Lung,RU1124A_LN,Endothelial,Endothelial,Chan2021_Lung::RU1124A_LN
Chan2021_Lung,Lung,RU1229A_Frozen,Mast,Mast,Chan2021_Lung::RU1229A_Frozen
Chan2021_Lung,Lung,RU1066,Epithelial,Epithelial,Chan2021_Lung::RU1066
Chan2021_Lung,Lung,RU1108a_Bambanker,Macrophage,Macrophage,Chan2021_Lung::RU1108a_Bambanker
Chan2021_Lung,Lung,RU1293A,Plasma,Plasma,Chan2021_Lung::RU1293A
Chan2021_Lung,Lung,PleuralEffusion,Dendritic,Dendritic,Chan2021_Lung::PleuralEffusion
Chan2021_Lung,Lung,RU1262C,Plasma,Plasma,Chan2021_Lung::RU1262C
Chan2021_Lung,Lung,RU1144_T,Epithelial,Epithelial,Chan2021_Lung::RU1144_T
Chan2021_Lung,Lung,RU1181C,Epithelial,Epithelial,Chan2021_Lung::RU1181C
Chan2021_Lung,Lung,RU1124A_LN,Plasma,Plasma,Chan2021_Lung::RU1124A_LN
Chan2021_Lung,Lung,RU1231A,Mast,Mast,Chan2021_Lung::RU1231A
Chan2021_Lung,Lung,RU1134-CN2,Malignant,Malignant,Chan2021_Lung::RU1134-CN2
Chan2021_Lung,Lung,RU1144_LN,Epithelial,Epithelial,Chan2021_Lung::RU1144_LN
Chan2021_Lung,Lung,RU1128,Mast,Mast,Chan2021_Lung::RU1128
Chan2021_Lung,Lung,RU1057_T,Plasma,Plasma,Chan2021_Lung::RU1057_T
Chan2021_Lung,Lung,RU1152,Epithelial,Epithelial,Chan2021_Lung::RU1152
Chan2021_Lung,Lung,RU1181B,T_cell,T cell,Chan2021_Lung::RU1181B
Chan2021_Lung,Lung,RU1144_LN,Macrophage,Macrophage,Chan2021_Lung::RU1144_LN
Chan2021_Lung,Lung,RU1124A_LN,Fibroblast,Fibroblast,Chan2021_Lung::RU1124A_LN
Chan2021_Lung,Lung,RU1080C,Fibroblast,Fibroblast,Chan2021_Lung::RU1080C
Chan2021_Lung,Lung,RU1065C,Plasma,Plasma,Chan2021_Lung::RU1065C
Chan2021_Lung,Lung,RU1181B,Endothelial,Endothelial,Chan2021_Lung::RU1181B
Chan2021_Lung,Lung,RU1145,Mast,Mast,Chan2021_Lung::RU1145
Chan2021_Lung,Lung,RU1124A_LN,Mast,Mast,Chan2021_Lung::RU1124A_LN
Chan2021_Lung,Lung,RU1144_T,B_cell,B cell,Chan2021_Lung::RU1144_T
Chan2021_Lung,Lung,RU1038_Sort-Freeze,Mast,Mast,Chan2021_Lung::RU1038_Sort-Freeze
Chan2021_Lung,Lung,RU1311A_T_1,Endothelial,Endothelial,Chan2021_Lung::RU1311A_T_1
Chan2021_Lung,Lung,RU1080C,Epithelial,Epithelial,Chan2021_Lung::RU1080C
Chan2021_Lung,Lung,RU1038_Sort-Freeze,Dendritic,Dendritic,Chan2021_Lung::RU1038_Sort-Freeze
Chan2021_Lung,Lung,RU1144_T,Dendritic,Dendritic,Chan2021_Lung::RU1144_T
Chan2021_Lung,Lung,RU1108a_RPMI,Macrophage,Macrophage,Chan2021_Lung::RU1108a_RPMI
Chan2021_Lung,Lung,RU1215,Plasma,Plasma,Chan2021_Lung::RU1215
Chan2021_Lung,Lung,RU1181B,Fibroblast,Fibroblast,Chan2021_Lung::RU1181B
Chan2021_Lung,Lung,RU1144_LN,Plasma,Plasma,Chan2021_Lung::RU1144_LN
Chan2021_Lung,Lung,RU1271,Malignant,Malignant,Chan2021_Lung::RU1271
Chan2021_Lung,Lung,RU1181C,Mast,Mast,Chan2021_Lung::RU1181C
Chan2021_Lung,Lung,RU1271,Fibroblast,Fibroblast,Chan2021_Lung::RU1271
Chan2021_Lung,Lung,RU1080C,Endothelial,Endothelial,Chan2021_Lung::RU1080C
Chan2021_Lung,Lung,RU1195A,Fibroblast,Fibroblast,Chan2021_Lung::RU1195A
Chan2021_Lung,Lung,RU1134_Sort-Freeze,Malignant,Malignant,Chan2021_Lung::RU1134_Sort-Freeze
Chan2021_Lung,Lung,RU1170g_Sort-Freeze,Plasma,Plasma,Chan2021_Lung::RU1170g_Sort-Freeze
Chan2021_Lung,Lung,RU779D,B_cell,B cell,Chan2021_Lung::RU779D
Chan2021_Lung,Lung,RU1170g_Sort-Freeze,Malignant,Malignant,Chan2021_Lung::RU1170g_Sort-Freeze
Chan2021_Lung,Lung,RU1170g,Malignant,Malignant,Chan2021_Lung::RU1170g
Chan2021_Lung,Lung,RU1134_Sort-Freeze,Neutrophil,Neutrophil,Chan2021_Lung::RU1134_Sort-Freeze
Chan2021_Lung,Lung,RU1138,Malignant,Malignant,Chan2021_Lung::RU1138
Chan2021_Lung,Lung,RU779D,Plasma,Plasma,Chan2021_Lung::RU779D
Chan2021_Lung,Lung,RU1144_LN,Endothelial,Endothelial,Chan2021_Lung::RU1144_LN
Chan2021_Lung,Lung,RU1152,Endothelial,Endothelial,Chan2021_Lung::RU1152
Guo2018_Lung,Lung,P0616A_N,T_cell,T cell,Guo2018_Lung::P0616A_N
Guo2018_Lung,Lung,P0616A_P,T_cell,T cell,Guo2018_Lung::P0616A_P
Guo2018_Lung,Lung,P0616A_T,T_cell,T cell,Guo2018_Lung::P0616A_T
Guo2018_Lung,Lung,P0616P_N,T_cell,T cell,Guo2018_Lung::P0616P_N
Guo2018_Lung,Lung,P0616P_P,T_cell,T cell,Guo2018_Lung::P0616P_P
Guo2018_Lung,Lung,P0616P_T,T_cell,T cell,Guo2018_Lung::P0616P_T
Guo2018_Lung,Lung,P0617_N,T_cell,T cell,Guo2018_Lung::P0617_N
Guo2018_Lung,Lung,P0617_P,T_cell,T cell,Guo2018_Lung::P0617_P
Guo2018_Lung,Lung,P0617_T,T_cell,T cell,Guo2018_Lung::P0617_T
Guo2018_Lung,Lung,P0619_N,T_cell,T cell,Guo2018_Lung::P0619_N
Guo2018_Lung,Lung,P0619_P,T_cell,T cell,Guo2018_Lung::P0619_P
Guo2018_Lung,Lung,P0619_T,T_cell,T cell,Guo2018_Lung::P0619_T
Guo2018_Lung,Lung,P0706_P,T_cell,T cell,Guo2018_Lung::P0706_P
Guo2018_Lung,Lung,P0706_T,T_cell,T cell,Guo2018_Lung::P0706_T
Guo2018_Lung,Lung,P0729_N,T_cell,T cell,Guo2018_Lung::P0729_N
Guo2018_Lung,Lung,P0729_P,T_cell,T cell,Guo2018_Lung::P0729_P
Guo2018_Lung,Lung,P0729_T,T_cell,T cell,Guo2018_Lung::P0729_T
Guo2018_Lung,Lung,P0913_N,T_cell,T cell,Guo2018_Lung::P0913_N
Guo2018_Lung,Lung,P0913_P,T_cell,T cell,Guo2018_Lung::P0913_P
Guo2018_Lung,Lung,P0913_T,T_cell,T cell,Guo2018_Lung::P0913_T
Guo2018_Lung,Lung,P1010_N,T_cell,T cell,Guo2018_Lung::P1010_N
Guo2018_Lung,Lung,P1010_P,T_cell,T cell,Guo2018_Lung::P1010_P
Guo2018_Lung,Lung,P1010_T,T_cell,T cell,Guo2018_Lung::P1010_T
Guo2018_Lung,Lung,P1011_N,T_cell,T cell,Guo2018_Lung::P1011_N
Guo2018_Lung,Lung,P1011_P,T_cell,T cell,Guo2018_Lung::P1011_P
Guo2018_Lung,Lung,P1011_T,T_cell,T cell,Guo2018_Lung::P1011_T
Guo2018_Lung,Lung,P1118_N,T_cell,T cell,Guo2018_Lung::P1118_N
Guo2018_Lung,Lung,P1118_P,T_cell,T cell,Guo2018_Lung::P1118_P
Guo2018_Lung,Lung,P1118_T,T_cell,T cell,Guo2018_Lung::P1118_T
Guo2018_Lung,Lung,P1120_N,T_cell,T cell,Guo2018_Lung::P1120_N
Guo2018_Lung,Lung,P1120_P,T_cell,T cell,Guo2018_Lung::P1120_P
Guo2018_Lung,Lung,P1120_T,T_cell,T cell,Guo2018_Lung::P1120_T
Guo2018_Lung,Lung,P1202_N,T_cell,T cell,Guo2018_Lung::P1202_N
Guo2018_Lung,Lung,P1202_P,T_cell,T cell,Guo2018_Lung::P1202_P
Guo2018_Lung,Lung,P1202_T,T_cell,T cell,Guo2018_Lung::P1202_T
Guo2018_Lung,Lung,P1208_P,T_cell,T cell,Guo2018_Lung::P1208_P
Guo2018_Lung,Lung,P1208_T,T_cell,T cell,Guo2018_Lung::P1208_T
Guo2018_Lung,Lung,P1219_N,T_cell,T cell,Guo2018_Lung::P1219_N
Guo2018_Lung,Lung,P1219_P,T_cell,T cell,Guo2018_Lung::P1219_P
Guo2018_Lung,Lung,P1219_T,T_cell,T cell,Guo2018_Lung::P1219_T
Kim2020_Lung,Lung,P0034,B_cell,B cell,Kim2020_Lung::P0034
Kim2020_Lung,Lung,P0034,Malignant,Malignant,Kim2020_Lung::P0034
Kim2020_Lung,Lung,P0031,Epithelial,Epithelial,Kim2020_Lung::P0031
Kim2020_Lung,Lung,P1028,Malignant,Malignant,Kim2020_Lung::P1028
Kim2020_Lung,Lung,P0019,Macrophage,Macrophage,Kim2020_Lung::P0019
Kim2020_Lung,Lung,P0030,Mast,Mast,Kim2020_Lung::P0030
Kim2020_Lung,Lung,P0028,T_cell,T cell,Kim2020_Lung::P0028
Kim2020_Lung,Lung,P0006,T_cell,T cell,Kim2020_Lung::P0006
Kim2020_Lung,Lung,P1049,T_cell,T cell,Kim2020_Lung::P1049
Kim2020_Lung,Lung,P1049,NK_cell,NK cell,Kim2020_Lung::P1049
Kim2020_Lung,Lung,P0008,T_cell,T cell,Kim2020_Lung::P0008
Kim2020_Lung,Lung,P1058,T_cell,T cell,Kim2020_Lung::P1058
Kim2020_Lung,Lung,P0006,B_cell,B cell,Kim2020_Lung::P0006
Kim2020_Lung,Lung,P0028,Epithelial,Epithelial,Kim2020_Lung::P0028
Kim2020_Lung,Lung,P0025,B_cell,B cell,Kim2020_Lung::P0025
Kim2020_Lung,Lung,P0020,Macrophage,Macrophage,Kim2020_Lung::P0020
Kim2020_Lung,Lung,P0019,T_cell,T cell,Kim2020_Lung::P0019
Kim2020_Lung,Lung,P0008,Macrophage,Macrophage,Kim2020_Lung::P0008
Kim2020_Lung,Lung,P0031,Malignant,Malignant,Kim2020_Lung::P0031
Kim2020_Lung,Lung,P0018,B_cell,B cell,Kim2020_Lung::P0018
Kim2020_Lung,Lung,P0019,Malignant,Malignant,Kim2020_Lung::P0019
Kim2020_Lung,Lung,P0006,Fibroblast,Fibroblast,Kim2020_Lung::P0006
Kim2020_Lung,Lung,P1049,B_cell,B cell,Kim2020_Lung::P1049
Kim2020_Lung,Lung,P0020,Malignant,Malignant,Kim2020_Lung::P0020
Kim2020_Lung,Lung,P0028,Macrophage,Macrophage,Kim2020_Lung::P0028
Kim2020_Lung,Lung,P0008,Fibroblast,Fibroblast,Kim2020_Lung::P0008
Kim2020_Lung,Lung,P0020,Mast,Mast,Kim2020_Lung::P0020
Kim2020_Lung,Lung,P0034,Macrophage,Macrophage,Kim2020_Lung::P0034
Kim2020_Lung,Lung,P0019,Fibroblast,Fibroblast,Kim2020_Lung::P0019
Kim2020_Lung,Lung,P1058,Macrophage,Macrophage,Kim2020_Lung::P1058
Kim2020_Lung,Lung,P0006,Macrophage,Macrophage,Kim2020_Lung::P0006
Kim2020_Lung,Lung,P1058,B_cell,B cell,Kim2020_Lung::P1058
Kim2020_Lung,Lung,P0031,T_cell,T cell,Kim2020_Lung::P0031
Kim2020_Lung,Lung,P0019,B_cell,B cell,Kim2020_Lung::P0019
Kim2020_Lung,Lung,P0019,Epithelial,Epithelial,Kim2020_Lung::P0019
Kim2020_Lung,Lung,P1006,Macrophage,Macrophage,Kim2020_Lung::P1006
Kim2020_Lung,Lung,P0008,B_cell,B cell,Kim2020_Lung::P0008
Kim2020_Lung,Lung,P0030,Malignant,Malignant,Kim2020_Lung::P0030
Kim2020_Lung,Lung,P1006,Malignant,Malignant,Kim2020_Lung::P1006
Kim2020_Lung,Lung,P0028,Malignant,Malignant,Kim2020_Lung::P0028
Kim2020_Lung,Lung,P1028,Macrophage,Macrophage,Kim2020_Lung::P1028
Kim2020_Lung,Lung,P1058,Malignant,Malignant,Kim2020_Lung::P1058
Kim2020_Lung,Lung,P0030,Macrophage,Macrophage,Kim2020_Lung::P0030
Kim2020_Lung,Lung,P0025,T_cell,T cell,Kim2020_Lung::P0025
Kim2020_Lung,Lung,P0018,Malignant,Malignant,Kim2020_Lung::P0018
Kim2020_Lung,Lung,P0018,Macrophage,Macrophage,Kim2020_Lung::P0018
Kim2020_Lung,Lung,P0020,T_cell,T cell,Kim2020_Lung::P0020
Kim2020_Lung,Lung,P0020,Fibroblast,Fibroblast,Kim2020_Lung::P0020
Kim2020_Lung,Lung,P0006,Mast,Mast,Kim2020_Lung::P0006
Kim2020_Lung,Lung,P0019,Endothelial,Endothelial,Kim2020_Lung::P0019
Kim2020_Lung,Lung,P1006,T_cell,T cell,Kim2020_Lung::P1006
Kim2020_Lung,Lung,P0030,B_cell,B cell,Kim2020_Lung::P0030
Kim2020_Lung,Lung,P0031,Fibroblast,Fibroblast,Kim2020_Lung::P0031
Kim2020_Lung,Lung,P0025,Macrophage,Macrophage,Kim2020_Lung::P0025
Kim2020_Lung,Lung,P0019,Mast,Mast,Kim2020_Lung::P0019
Kim2020_Lung,Lung,P0034,Fibroblast,Fibroblast,Kim2020_Lung::P0034
Kim2020_Lung,Lung,P1049,Macrophage,Macrophage,Kim2020_Lung::P1049
Kim2020_Lung,Lung,P0025,NK_cell,NK cell,Kim2020_Lung::P0025
Kim2020_Lung,Lung,P0025,Mast,Mast,Kim2020_Lung::P0025
Kim2020_Lung,Lung,P0028,Mast,Mast,Kim2020_Lung::P0028
Kim2020_Lung,Lung,P0018,Mast,Mast,Kim2020_Lung::P0018
Kim2020_Lung,Lung,P0030,T_cell,T cell,Kim2020_Lung::P0030
Kim2020_Lung,Lung,P0018,Fibroblast,Fibroblast,Kim2020_Lung::P0018
Kim2020_Lung,Lung,P0031,Macrophage,Macrophage,Kim2020_Lung::P0031
Kim2020_Lung,Lung,P0018,T_cell,T cell,Kim2020_Lung::P0018
Kim2020_Lung,Lung,P1006,Fibroblast,Fibroblast,Kim2020_Lung::P1006
Kim2020_Lung,Lung,P0030,Dendritic,Dendritic,Kim2020_Lung::P0030
Kim2020_Lung,Lung,P0034,Mast,Mast,Kim2020_Lung::P0034
Kim2020_Lung,Lung,P0030,NK_cell,NK cell,Kim2020_Lung::P0030
Kim2020_Lung,Lung,P0025,Endothelial,Endothelial,Kim2020_Lung::P0025
Kim2020_Lung,Lung,P0006,Malignant,Malignant,Kim2020_Lung::P0006
Kim2020_Lung,Lung,P0031,Mast,Mast,Kim2020_Lung::P0031
Kim2020_Lung,Lung,P0031,B_cell,B cell,Kim2020_Lung::P0031
Kim2020_Lung,Lung,P0020,Epithelial,Epithelial,Kim2020_Lung::P0020
Kim2020_Lung,Lung,P1058,Fibroblast,Fibroblast,Kim2020_Lung::P1058
Kim2020_Lung,Lung,P0025,Dendritic,Dendritic,Kim2020_Lung::P0025
Kim2020_Lung,Lung,P0019,NK_cell,NK cell,Kim2020_Lung::P0019
Kim2020_Lung,Lung,P0030,Fibroblast,Fibroblast,Kim2020_Lung::P0030
Kim2020_Lung,Lung,P0031,Endothelial,Endothelial,Kim2020_Lung::P0031
Kim2020_Lung,Lung,P0028,Fibroblast,Fibroblast,Kim2020_Lung::P0028
Kim2020_Lung,Lung,P0034,Epithelial,Epithelial,Kim2020_Lung::P0034
Kim2020_Lung,Lung,P1049,Malignant,Malignant,Kim2020_Lung::P1049
Kim2020_Lung,Lung,P0030,Epithelial,Epithelial,Kim2020_Lung::P0030
Kim2020_Lung,Lung,P0020,B_cell,B cell,Kim2020_Lung::P0020
Kim2020_Lung,Lung,P1049,Endothelial,Endothelial,Kim2020_Lung::P1049
Kim2020_Lung,Lung,P0006,Epithelial,Epithelial,Kim2020_Lung::P0006
Kim2020_Lung,Lung,P0025,Malignant,Malignant,Kim2020_Lung::P0025
Kim2020_Lung,Lung,P0025,Epithelial,Epithelial,Kim2020_Lung::P0025
Kim2020_Lung,Lung,P1028,Epithelial,Epithelial,Kim2020_Lung::P1028
Kim2020_Lung,Lung,P0006,Endothelial,Endothelial,Kim2020_Lung::P0006
Kim2020_Lung,Lung,P0019,Dendritic,Dendritic,Kim2020_Lung::P0019
Kim2020_Lung,Lung,P0028,B_cell,B cell,Kim2020_Lung::P0028
Kim2020_Lung,Lung,P0008,NK_cell,NK cell,Kim2020_Lung::P0008
Kim2020_Lung,Lung,P0008,Malignant,Malignant,Kim2020_Lung::P0008
Kim2020_Lung,Lung,P0034,T_cell,T cell,Kim2020_Lung::P0034
Kim2020_Lung,Lung,P0018,Endothelial,Endothelial,Kim2020_Lung::P0018
Kim2020_Lung,Lung,P0008,Mast,Mast,Kim2020_Lung::P0008
Kim2020_Lung,Lung,P1006,NK_cell,NK cell,Kim2020_Lung::P1006
Kim2020_Lung,Lung,P0006,NK_cell,NK cell,Kim2020_Lung::P0006
Kim2020_Lung,Lung,P0030,Endothelial,Endothelial,Kim2020_Lung::P0030
Kim2020_Lung,Lung,P0028,Endothelial,Endothelial,Kim2020_Lung::P0028
Kim2020_Lung,Lung,P0006,Dendritic,Dendritic,Kim2020_Lung::P0006
Kim2020_Lung,Lung,P1028,B_cell,B cell,Kim2020_Lung::P1028
Kim2020_Lung,Lung,P0025,Fibroblast,Fibroblast,Kim2020_Lung::P0025
Kim2020_Lung,Lung,P0020,Dendritic,Dendritic,Kim2020_Lung::P0020
Kim2020_Lung,Lung,P0018,Epithelial,Epithelial,Kim2020_Lung::P0018
Kim2020_Lung,Lung,P1058,Mast,Mast,Kim2020_Lung::P1058
Kim2020_Lung,Lung,P0018,NK_cell,NK cell,Kim2020_Lung::P0018
Kim2020_Lung,Lung,P0028,NK_cell,NK cell,Kim2020_Lung::P0028
Kim2020_Lung,Lung,P1028,T_cell,T cell,Kim2020_Lung::P1028
Kim2020_Lung,Lung,P1058,Epithelial,Epithelial,Kim2020_Lung::P1058
Kim2020_Lung,Lung,P0034,Dendritic,Dendritic,Kim2020_Lung::P0034
Kim2020_Lung,Lung,P0031,Dendritic,Dendritic,Kim2020_Lung::P0031
Kim2020_Lung,Lung,P1028,Mast,Mast,Kim2020_Lung::P1028
Kim2020_Lung,Lung,P1006,Endothelial,Endothelial,Kim2020_Lung::P1006
Kim2020_Lung,Lung,P0034,Endothelial,Endothelial,Kim2020_Lung::P0034
Kim2020_Lung,Lung,P1058,Dendritic,Dendritic,Kim2020_Lung::P1058
Kim2020_Lung,Lung,P0031,NK_cell,NK cell,Kim2020_Lung::P0031
Kim2020_Lung,Lung,P1028,Fibroblast,Fibroblast,Kim2020_Lung::P1028
Kim2020_Lung,Lung,P0020,NK_cell,NK cell,Kim2020_Lung::P0020
Kim2020_Lung,Lung,P1006,B_cell,B cell,Kim2020_Lung::P1006
Kim2020_Lung,Lung,P0018,Dendritic,Dendritic,Kim2020_Lung::P0018
Kim2020_Lung,Lung,P0008,Epithelial,Epithelial,Kim2020_Lung::P0008
Kim2020_Lung,Lung,P1058,NK_cell,NK cell,Kim2020_Lung::P1058
Kim2020_Lung,Lung,P0008,Dendritic,Dendritic,Kim2020_Lung::P0008
Kim2020_Lung,Lung,P1058,Endothelial,Endothelial,Kim2020_Lung::P1058
Kim2020_Lung,Lung,P1049,Epithelial,Epithelial,Kim2020_Lung::P1049
Kim2020_Lung,Lung,P1006,Epithelial,Epithelial,Kim2020_Lung::P1006
Kim2020_Lung,Lung,P0008,Endothelial,Endothelial,Kim2020_Lung::P0008
Kim2020_Lung,Lung,P1049,Mast,Mast,Kim2020_Lung::P1049
Kim2020_Lung,Lung,P1028,Endothelial,Endothelial,Kim2020_Lung::P1028
Kim2020_Lung,Lung,P0028,Dendritic,Dendritic,Kim2020_Lung::P0028
Kim2020_Lung,Lung,P0020,Endothelial,Endothelial,Kim2020_Lung::P0020
Kim2020_Lung,Lung,P1006,Mast,Mast,Kim2020_Lung::P1006
Laughney2020_Lung,Lung,RU653,T_cell,T cell,Laughney2020_Lung::RU653
Laughney2020_Lung,Lung,RU653,Macrophage,Macrophage,Laughney2020_Lung::RU653
Laughney2020_Lung,Lung,RU653,Dendritic,Dendritic,Laughney2020_Lung::RU653
Laughney2020_Lung,Lung,RU653,Pericyte,Pericyte,Laughney2020_Lung::RU653
Laughney2020_Lung,Lung,RU653,Malignant,Malignant,Laughney2020_Lung::RU653
Laughney2020_Lung,Lung,RU653,Mast,Mast,Laughney2020_Lung::RU653
Laughney2020_Lung,Lung,RU653,Endothelial,Endothelial,Laughney2020_Lung::RU653
Laughney2020_Lung,Lung,RU653,Myeloid,Myeloid,Laughney2020_Lung::RU653
Laughney2020_Lung,Lung,RU653,B_cell,B cell,Laughney2020_Lung::RU653
Laughney2020_Lung,Lung,RU653,Monocyte,Monocyte,Laughney2020_Lung::RU653
Laughney2020_Lung,Lung,RU653,Fibroblast,Fibroblast,Laughney2020_Lung::RU653
Laughney2020_Lung,Lung,RU653,Mesenchymal,Mesenchymal,Laughney2020_Lung::RU653
Laughney2020_Lung,Lung,RU653,NK_cell,NK cell,Laughney2020_Lung::RU653
Laughney2020_Lung,Lung,RU653,Neutrophil,Neutrophil,Laughney2020_Lung::RU653
Laughney2020_Lung,Lung,RU661,T_cell,T cell,Laughney2020_Lung::RU661
Laughney2020_Lung,Lung,RU661,Monocyte,Monocyte,Laughney2020_Lung::RU661
Laughney2020_Lung,Lung,RU661,Macrophage,Macrophage,Laughney2020_Lung::RU661
Laughney2020_Lung,Lung,RU661,Dendritic,Dendritic,Laughney2020_Lung::RU661
Laughney2020_Lung,Lung,RU661,Myeloid,Myeloid,Laughney2020_Lung::RU661
Laughney2020_Lung,Lung,RU661,Malignant,Malignant,Laughney2020_Lung::RU661
Laughney2020_Lung,Lung,RU661,B_cell,B cell,Laughney2020_Lung::RU661
Laughney2020_Lung,Lung,RU661,Pericyte,Pericyte,Laughney2020_Lung::RU661
Laughney2020_Lung,Lung,RU661,Mesenchymal,Mesenchymal,Laughney2020_Lung::RU661
Laughney2020_Lung,Lung,RU661,Endothelial,Endothelial,Laughney2020_Lung::RU661
Laughney2020_Lung,Lung,RU661,NK_cell,NK cell,Laughney2020_Lung::RU661
Laughney2020_Lung,Lung,RU661,Mast,Mast,Laughney2020_Lung::RU661
Laughney2020_Lung,Lung,RU661,Plasma,Plasma,Laughney2020_Lung::RU661
Laughney2020_Lung,Lung,RU661,Fibroblast,Fibroblast,Laughney2020_Lung::RU661
Laughney2020_Lung,Lung,RU661,Neutrophil,Neutrophil,Laughney2020_Lung::RU661
Laughney2020_Lung,Lung,RU666,Pericyte,Pericyte,Laughney2020_Lung::RU666
Laughney2020_Lung,Lung,RU666,Malignant,Malignant,Laughney2020_Lung::RU666
Laughney2020_Lung,Lung,RU666,T_cell,T cell,Laughney2020_Lung::RU666
Laughney2020_Lung,Lung,RU666,Fibroblast,Fibroblast,Laughney2020_Lung::RU666
Laughney2020_Lung,Lung,RU666,Endothelial,Endothelial,Laughney2020_Lung::RU666
Laughney2020_Lung,Lung,RU666,NK_cell,NK cell,Laughney2020_Lung::RU666
Laughney2020_Lung,Lung,RU666,Myeloid,Myeloid,Laughney2020_Lung::RU666
Laughney2020_Lung,Lung,RU666,Monocyte,Monocyte,Laughney2020_Lung::RU666
Laughney2020_Lung,Lung,RU666,Macrophage,Macrophage,Laughney2020_Lung::RU666
Laughney2020_Lung,Lung,RU666,Neutrophil,Neutrophil,Laughney2020_Lung::RU666
Laughney2020_Lung,Lung,RU666,B_cell,B cell,Laughney2020_Lung::RU666
Laughney2020_Lung,Lung,RU666,Mesenchymal,Mesenchymal,Laughney2020_Lung::RU666
Laughney2020_Lung,Lung,RU666,Dendritic,Dendritic,Laughney2020_Lung::RU666
Laughney2020_Lung,Lung,RU666,Mast,Mast,Laughney2020_Lung::RU666
Laughney2020_Lung,Lung,RU675Norm,T_cell,T cell,Laughney2020_Lung::RU675Norm
Laughney2020_Lung,Lung,RU675Norm,NK_cell,NK cell,Laughney2020_Lung::RU675Norm
Laughney2020_Lung,Lung,RU675Norm,Macrophage,Macrophage,Laughney2020_Lung::RU675Norm
Laughney2020_Lung,Lung,RU675Norm,Myeloid,Myeloid,Laughney2020_Lung::RU675Norm
Laughney2020_Lung,Lung,RU675Norm,Dendritic,Dendritic,Laughney2020_Lung::RU675Norm
Laughney2020_Lung,Lung,RU675Norm,Mast,Mast,Laughney2020_Lung::RU675Norm
Laughney2020_Lung,Lung,RU675Norm,Monocyte,Monocyte,Laughney2020_Lung::RU675Norm
Laughney2020_Lung,Lung,RU675Norm,Epithelial,Epithelial,Laughney2020_Lung::RU675Norm
Laughney2020_Lung,Lung,RU675Norm,B_cell,B cell,Laughney2020_Lung::RU675Norm
Laughney2020_Lung,Lung,RU675Norm,Endothelial,Endothelial,Laughney2020_Lung::RU675Norm
Laughney2020_Lung,Lung,RU675Norm,Pericyte,Pericyte,Laughney2020_Lung::RU675Norm
Laughney2020_Lung,Lung,RU675Norm,Mesenchymal,Mesenchymal,Laughney2020_Lung::RU675Norm
Laughney2020_Lung,Lung,RU675Norm,Fibroblast,Fibroblast,Laughney2020_Lung::RU675Norm
Laughney2020_Lung,Lung,RU675Norm,Neutrophil,Neutrophil,Laughney2020_Lung::RU675Norm
Laughney2020_Lung,Lung,RU675Norm,Plasma,Plasma,Laughney2020_Lung::RU675Norm
Laughney2020_Lung,Lung,RU675Tum,T_cell,T cell,Laughney2020_Lung::RU675Tum
Laughney2020_Lung,Lung,RU675Tum,Macrophage,Macrophage,Laughney2020_Lung::RU675Tum
Laughney2020_Lung,Lung,RU675Tum,Dendritic,Dendritic,Laughney2020_Lung::RU675Tum
Laughney2020_Lung,Lung,RU675Tum,Malignant,Malignant,Laughney2020_Lung::RU675Tum
Laughney2020_Lung,Lung,RU675Tum,Monocyte,Monocyte,Laughney2020_Lung::RU675Tum
Laughney2020_Lung,Lung,RU675Tum,Pericyte,Pericyte,Laughney2020_Lung::RU675Tum
Laughney2020_Lung,Lung,RU675Tum,Mast,Mast,Laughney2020_Lung::RU675Tum
Laughney2020_Lung,Lung,RU675Tum,Myeloid,Myeloid,Laughney2020_Lung::RU675Tum
Laughney2020_Lung,Lung,RU675Tum,NK_cell,NK cell,Laughney2020_Lung::RU675Tum
Laughney2020_Lung,Lung,RU675Tum,Endothelial,Endothelial,Laughney2020_Lung::RU675Tum
Laughney2020_Lung,Lung,RU675Tum,Fibroblast,Fibroblast,Laughney2020_Lung::RU675Tum
Laughney2020_Lung,Lung,RU675Tum,B_cell,B cell,Laughney2020_Lung::RU675Tum
Laughney2020_Lung,Lung,RU675Tum,Mesenchymal,Mesenchymal,Laughney2020_Lung::RU675Tum
Laughney2020_Lung,Lung,RU675Tum,Neutrophil,Neutrophil,Laughney2020_Lung::RU675Tum
Laughney2020_Lung,Lung,RU675Tum,Plasma,Plasma,Laughney2020_Lung::RU675Tum
Laughney2020_Lung,Lung,RU676,T_cell,T cell,Laughney2020_Lung::RU676
Laughney2020_Lung,Lung,RU676,B_cell,B cell,Laughney2020_Lung::RU676
Laughney2020_Lung,Lung,RU676,Plasma,Plasma,Laughney2020_Lung::RU676
Laughney2020_Lung,Lung,RU676,Myeloid,Myeloid,Laughney2020_Lung::RU676
Laughney2020_Lung,Lung,RU676,Mesenchymal,Mesenchymal,Laughney2020_Lung::RU676
Laughney2020_Lung,Lung,RU676,Mast,Mast,Laughney2020_Lung::RU676
Laughney2020_Lung,Lung,RU676,Dendritic,Dendritic,Laughney2020_Lung::RU676
Laughney2020_Lung,Lung,RU676,Monocyte,Monocyte,Laughney2020_Lung::RU676
Laughney2020_Lung,Lung,RU676,Malignant,Malignant,Laughney2020_Lung::RU676
Laughney2020_Lung,Lung,RU676,NK_cell,NK cell,Laughney2020_Lung::RU676
Laughney2020_Lung,Lung,RU676,Pericyte,Pericyte,Laughney2020_Lung::RU676
Laughney2020_Lung,Lung,RU676,Endothelial,Endothelial,Laughney2020_Lung::RU676
Laughney2020_Lung,Lung,RU676,Macrophage,Macrophage,Laughney2020_Lung::RU676
Laughney2020_Lung,Lung,RU676,Fibroblast,Fibroblast,Laughney2020_Lung::RU676
Laughney2020_Lung,Lung,RU676,Neutrophil,Neutrophil,Laughney2020_Lung::RU676
Laughney2020_Lung,Lung,RU255B,Malignant,Malignant,Laughney2020_Lung::RU255B
Laughney2020_Lung,Lung,RU255B,Monocyte,Monocyte,Laughney2020_Lung::RU255B
Laughney2020_Lung,Lung,RU255B,B_cell,B cell,Laughney2020_Lung::RU255B
Laughney2020_Lung,Lung,RU255B,Macrophage,Macrophage,Laughney2020_Lung::RU255B
Laughney2020_Lung,Lung,RU255B,Endothelial,Endothelial,Laughney2020_Lung::RU255B
Laughney2020_Lung,Lung,RU255B,Pericyte,Pericyte,Laughney2020_Lung::RU255B
Laughney2020_Lung,Lung,RU255B,T_cell,T cell,Laughney2020_Lung::RU255B
Laughney2020_Lung,Lung,RU255B,Mesenchymal,Mesenchymal,Laughney2020_Lung::RU255B
Laughney2020_Lung,Lung,RU255B,Dendritic,Dendritic,Laughney2020_Lung::RU255B
Laughney2020_Lung,Lung,RU255B,Fibroblast,Fibroblast,Laughney2020_Lung::RU255B
Laughney2020_Lung,Lung,RU255B,Plasma,Plasma,Laughney2020_Lung::RU255B
Laughney2020_Lung,Lung,RU255B,Myeloid,Myeloid,Laughney2020_Lung::RU255B
Laughney2020_Lung,Lung,RU255B,Neutrophil,Neutrophil,Laughney2020_Lung::RU255B
Laughney2020_Lung,Lung,RU255B,Mast,Mast,Laughney2020_Lung::RU255B
Laughney2020_Lung,Lung,RU255B,NK_cell,NK cell,Laughney2020_Lung::RU255B
Laughney2020_Lung,Lung,RU679,Pericyte,Pericyte,Laughney2020_Lung::RU679
Laughney2020_Lung,Lung,RU679,T_cell,T cell,Laughney2020_Lung::RU679
Laughney2020_Lung,Lung,RU679,Malignant,Malignant,Laughney2020_Lung::RU679
Laughney2020_Lung,Lung,RU679,Myeloid,Myeloid,Laughney2020_Lung::RU679
Laughney2020_Lung,Lung,RU679,Mast,Mast,Laughney2020_Lung::RU679
Laughney2020_Lung,Lung,RU679,Plasma,Plasma,Laughney2020_Lung::RU679
Laughney2020_Lung,Lung,RU679,Macrophage,Macrophage,Laughney2020_Lung::RU679
Laughney2020_Lung,Lung,RU679,B_cell,B cell,Laughney2020_Lung::RU679
Laughney2020_Lung,Lung,RU679,Endothelial,Endothelial,Laughney2020_Lung::RU679
Laughney2020_Lung,Lung,RU679,Monocyte,Monocyte,Laughney2020_Lung::RU679
Laughney2020_Lung,Lung,RU679,Fibroblast,Fibroblast,Laughney2020_Lung::RU679
Laughney2020_Lung,Lung,RU679,Dendritic,Dendritic,Laughney2020_Lung::RU679
Laughney2020_Lung,Lung,RU679,Mesenchymal,Mesenchymal,Laughney2020_Lung::RU679
Laughney2020_Lung,Lung,RU679,Neutrophil,Neutrophil,Laughney2020_Lung::RU679
Laughney2020_Lung,Lung,RU679,NK_cell,NK cell,Laughney2020_Lung::RU679
Laughney2020_Lung,Lung,RU680,Monocyte,Monocyte,Laughney2020_Lung::RU680
Laughney2020_Lung,Lung,RU680,T_cell,T cell,Laughney2020_Lung::RU680
Laughney2020_Lung,Lung,RU680,Malignant,Malignant,Laughney2020_Lung::RU680
Laughney2020_Lung,Lung,RU680,Fibroblast,Fibroblast,Laughney2020_Lung::RU680
Laughney2020_Lung,Lung,RU680,Macrophage,Macrophage,Laughney2020_Lung::RU680
Laughney2020_Lung,Lung,RU680,Pericyte,Pericyte,Laughney2020_Lung::RU680
Laughney2020_Lung,Lung,RU680,Endothelial,Endothelial,Laughney2020_Lung::RU680
Laughney2020_Lung,Lung,RU680,Myeloid,Myeloid,Laughney2020_Lung::RU680
Laughney2020_Lung,Lung,RU680,Plasma,Plasma,Laughney2020_Lung::RU680
Laughney2020_Lung,Lung,RU680,B_cell,B cell,Laughney2020_Lung::RU680
Laughney2020_Lung,Lung,RU680,Mesenchymal,Mesenchymal,Laughney2020_Lung::RU680
Laughney2020_Lung,Lung,RU680,Dendritic,Dendritic,Laughney2020_Lung::RU680
Laughney2020_Lung,Lung,RU680,NK_cell,NK cell,Laughney2020_Lung::RU680
Laughney2020_Lung,Lung,RU680,Mast,Mast,Laughney2020_Lung::RU680
Laughney2020_Lung,Lung,RU681,Dendritic,Dendritic,Laughney2020_Lung::RU681
Laughney2020_Lung,Lung,RU681,Malignant,Malignant,Laughney2020_Lung::RU681
Laughney2020_Lung,Lung,RU681,Macrophage,Macrophage,Laughney2020_Lung::RU681
Laughney2020_Lung,Lung,RU681,Pericyte,Pericyte,Laughney2020_Lung::RU681
Laughney2020_Lung,Lung,RU681,Endothelial,Endothelial,Laughney2020_Lung::RU681
Laughney2020_Lung,Lung,RU681,Fibroblast,Fibroblast,Laughney2020_Lung::RU681
Laughney2020_Lung,Lung,RU681,T_cell,T cell,Laughney2020_Lung::RU681
Laughney2020_Lung,Lung,RU681,Myeloid,Myeloid,Laughney2020_Lung::RU681
Laughney2020_Lung,Lung,RU681,Monocyte,Monocyte,Laughney2020_Lung::RU681
Laughney2020_Lung,Lung,RU681,NK_cell,NK cell,Laughney2020_Lung::RU681
Laughney2020_Lung,Lung,RU681,Mesenchymal,Mesenchymal,Laughney2020_Lung::RU681
Laughney2020_Lung,Lung,RU681,B_cell,B cell,Laughney2020_Lung::RU681
Laughney2020_Lung,Lung,RU681,Plasma,Plasma,Laughney2020_Lung::RU681
Laughney2020_Lung,Lung,RU681,Neutrophil,Neutrophil,Laughney2020_Lung::RU681
Laughney2020_Lung,Lung,RU682Tum,T_cell,T cell,Laughney2020_Lung::RU682Tum
Laughney2020_Lung,Lung,RU682Tum,Malignant,Malignant,Laughney2020_Lung::RU682Tum
Laughney2020_Lung,Lung,RU682Tum,B_cell,B cell,Laughney2020_Lung::RU682Tum
Laughney2020_Lung,Lung,RU682Tum,Plasma,Plasma,Laughney2020_Lung::RU682Tum
Laughney2020_Lung,Lung,RU682Tum,Macrophage,Macrophage,Laughney2020_Lung::RU682Tum
Laughney2020_Lung,Lung,RU682Tum,Monocyte,Monocyte,Laughney2020_Lung::RU682Tum
Laughney2020_Lung,Lung,RU682Tum,Myeloid,Myeloid,Laughney2020_Lung::RU682Tum
Laughney2020_Lung,Lung,RU682Tum,Mast,Mast,Laughney2020_Lung::RU682Tum
Laughney2020_Lung,Lung,RU682Tum,Endothelial,Endothelial,Laughney2020_Lung::RU682Tum
Laughney2020_Lung,Lung,RU682Tum,NK_cell,NK cell,Laughney2020_Lung::RU682Tum
Laughney2020_Lung,Lung,RU682Tum,Fibroblast,Fibroblast,Laughney2020_Lung::RU682Tum
Laughney2020_Lung,Lung,RU682Tum,Pericyte,Pericyte,Laughney2020_Lung::RU682Tum
Laughney2020_Lung,Lung,RU682Tum,Dendritic,Dendritic,Laughney2020_Lung::RU682Tum
Laughney2020_Lung,Lung,RU682Tum,Mesenchymal,Mesenchymal,Laughney2020_Lung::RU682Tum
Laughney2020_Lung,Lung,RU682Tum,Neutrophil,Neutrophil,Laughney2020_Lung::RU682Tum
Laughney2020_Lung,Lung,RU682Norm,Macrophage,Macrophage,Laughney2020_Lung::RU682Norm
Laughney2020_Lung,Lung,RU682Norm,Epithelial,Epithelial,Laughney2020_Lung::RU682Norm
Laughney2020_Lung,Lung,RU682Norm,T_cell,T cell,Laughney2020_Lung::RU682Norm
Laughney2020_Lung,Lung,RU682Norm,NK_cell,NK cell,Laughney2020_Lung::RU682Norm
Laughney2020_Lung,Lung,RU682Norm,Monocyte,Monocyte,Laughney2020_Lung::RU682Norm
Laughney2020_Lung,Lung,RU682Norm,Pericyte,Pericyte,Laughney2020_Lung::RU682Norm
Laughney2020_Lung,Lung,RU682Norm,Myeloid,Myeloid,Laughney2020_Lung::RU682Norm
Laughney2020_Lung,Lung,RU682Norm,Mesenchymal,Mesenchymal,Laughney2020_Lung::RU682Norm
Laughney2020_Lung,Lung,RU682Norm,Dendritic,Dendritic,Laughney2020_Lung::RU682Norm
Laughney2020_Lung,Lung,RU682Norm,B_cell,B cell,Laughney2020_Lung::RU682Norm
Laughney2020_Lung,Lung,RU682Norm,Endothelial,Endothelial,Laughney2020_Lung::RU682Norm
Laughney2020_Lung,Lung,RU682Norm,Neutrophil,Neutrophil,Laughney2020_Lung::RU682Norm
Laughney2020_Lung,Lung,RU682Norm,Fibroblast,Fibroblast,Laughney2020_Lung::RU682Norm
Laughney2020_Lung,Lung,RU682Norm,Mast,Mast,Laughney2020_Lung::RU682Norm
Laughney2020_Lung,Lung,RU682Norm,Plasma,Plasma,Laughney2020_Lung::RU682Norm
Laughney2020_Lung,Lung,RU684Tum,T_cell,T cell,Laughney2020_Lung::RU684Tum
Laughney2020_Lung,Lung,RU684Tum,Dendritic,Dendritic,Laughney2020_Lung::RU684Tum
Laughney2020_Lung,Lung,RU684Tum,B_cell,B cell,Laughney2020_Lung::RU684Tum
Laughney2020_Lung,Lung,RU684Tum,Malignant,Malignant,Laughney2020_Lung::RU684Tum
Laughney2020_Lung,Lung,RU684Tum,Macrophage,Macrophage,Laughney2020_Lung::RU684Tum
Laughney2020_Lung,Lung,RU684Tum,Pericyte,Pericyte,Laughney2020_Lung::RU684Tum
Laughney2020_Lung,Lung,RU684Tum,Endothelial,Endothelial,Laughney2020_Lung::RU684Tum
Laughney2020_Lung,Lung,RU684Tum,Mesenchymal,Mesenchymal,Laughney2020_Lung::RU684Tum
Laughney2020_Lung,Lung,RU684Tum,Myeloid,Myeloid,Laughney2020_Lung::RU684Tum
Laughney2020_Lung,Lung,RU684Tum,Mast,Mast,Laughney2020_Lung::RU684Tum
Laughney2020_Lung,Lung,RU684Tum,NK_cell,NK cell,Laughney2020_Lung::RU684Tum
Laughney2020_Lung,Lung,RU684Tum,Fibroblast,Fibroblast,Laughney2020_Lung::RU684Tum
Laughney2020_Lung,Lung,RU684Tum,Plasma,Plasma,Laughney2020_Lung::RU684Tum
Laughney2020_Lung,Lung,RU684Tum,Monocyte,Monocyte,Laughney2020_Lung::RU684Tum
Laughney2020_Lung,Lung,RU684Norm,T_cell,T cell,Laughney2020_Lung::RU684Norm
Laughney2020_Lung,Lung,RU684Norm,Epithelial,Epithelial,Laughney2020_Lung::RU684Norm
Laughney2020_Lung,Lung,RU684Norm,Monocyte,Monocyte,Laughney2020_Lung::RU684Norm
Laughney2020_Lung,Lung,RU684Norm,Pericyte,Pericyte,Laughney2020_Lung::RU684Norm
Laughney2020_Lung,Lung,RU684Norm,NK_cell,NK cell,Laughney2020_Lung::RU684Norm
Laughney2020_Lung,Lung,RU684Norm,Dendritic,Dendritic,Laughney2020_Lung::RU684Norm
Laughney2020_Lung,Lung,RU684Norm,Mast,Mast,Laughney2020_Lung::RU684Norm
Laughney2020_Lung,Lung,RU684Norm,B_cell,B cell,Laughney2020_Lung::RU684Norm
Laughney2020_Lung,Lung,RU684Norm,Macrophage,Macrophage,Laughney2020_Lung::RU684Norm
Laughney2020_Lung,Lung,RU684Norm,Mesenchymal,Mesenchymal,Laughney2020_Lung::RU684Norm
Laughney2020_Lung,Lung,RU684Norm,Myeloid,Myeloid,Laughney2020_Lung::RU684Norm
Laughney2020_Lung,Lung,RU684Norm,Endothelial,Endothelial,Laughney2020_Lung::RU684Norm
Laughney2020_Lung,Lung,RU684Norm,Plasma,Plasma,Laughney2020_Lung::RU684Norm
Laughney2020_Lung,Lung,RU684Norm,Neutrophil,Neutrophil,Laughney2020_Lung::RU684Norm
Laughney2020_Lung,Lung,RU684Norm,Fibroblast,Fibroblast,Laughney2020_Lung::RU684Norm
Laughney2020_Lung,Lung,RU685,T_cell,T cell,Laughney2020_Lung::RU685
Laughney2020_Lung,Lung,RU685,Epithelial,Epithelial,Laughney2020_Lung::RU685
Laughney2020_Lung,Lung,RU685,Mesenchymal,Mesenchymal,Laughney2020_Lung::RU685
Laughney2020_Lung,Lung,RU685,Monocyte,Monocyte,Laughney2020_Lung::RU685
Laughney2020_Lung,Lung,RU685,Endothelial,Endothelial,Laughney2020_Lung::RU685
Laughney2020_Lung,Lung,RU685,NK_cell,NK cell,Laughney2020_Lung::RU685
Laughney2020_Lung,Lung,RU685,Dendritic,Dendritic,Laughney2020_Lung::RU685
Laughney2020_Lung,Lung,RU685,Neutrophil,Neutrophil,Laughney2020_Lung::RU685
Laughney2020_Lung,Lung,RU685,B_cell,B cell,Laughney2020_Lung::RU685
Laughney2020_Lung,Lung,RU685,Pericyte,Pericyte,Laughney2020_Lung::RU685
Laughney2020_Lung,Lung,RU685,Myeloid,Myeloid,Laughney2020_Lung::RU685
Laughney2020_Lung,Lung,RU685,Macrophage,Macrophage,Laughney2020_Lung::RU685
Laughney2020_Lung,Lung,RU685,Mast,Mast,Laughney2020_Lung::RU685
Laughney2020_Lung,Lung,RU685,Fibroblast,Fibroblast,Laughney2020_Lung::RU685
Laughney2020_Lung,Lung,RU699,T_cell,T cell,Laughney2020_Lung::RU699
Laughney2020_Lung,Lung,RU699,Monocyte,Monocyte,Laughney2020_Lung::RU699
Laughney2020_Lung,Lung,RU699,Plasma,Plasma,Laughney2020_Lung::RU699
Laughney2020_Lung,Lung,RU699,Malignant,Malignant,Laughney2020_Lung::RU699
Laughney2020_Lung,Lung,RU699,Myeloid,Myeloid,Laughney2020_Lung::RU699
Laughney2020_Lung,Lung,RU699,B_cell,B cell,Laughney2020_Lung::RU699
Laughney2020_Lung,Lung,RU699,Macrophage,Macrophage,Laughney2020_Lung::RU699
Laughney2020_Lung,Lung,RU699,NK_cell,NK cell,Laughney2020_Lung::RU699
Laughney2020_Lung,Lung,RU699,Fibroblast,Fibroblast,Laughney2020_Lung::RU699
Laughney2020_Lung,Lung,RU699,Neutrophil,Neutrophil,Laughney2020_Lung::RU699
Laughney2020_Lung,Lung,RU699,Mast,Mast,Laughney2020_Lung::RU699
Laughney2020_Lung,Lung,RU699,Dendritic,Dendritic,Laughney2020_Lung::RU699
Laughney2020_Lung,Lung,RU699,Endothelial,Endothelial,Laughney2020_Lung::RU699
Laughney2020_Lung,Lung,RU699,Pericyte,Pericyte,Laughney2020_Lung::RU699
Laughney2020_Lung,Lung,RU699,Mesenchymal,Mesenchymal,Laughney2020_Lung::RU699
Laughney2020_Lung,Lung,RU701,T_cell,T cell,Laughney2020_Lung::RU701
Laughney2020_Lung,Lung,RU701,Plasma,Plasma,Laughney2020_Lung::RU701
Laughney2020_Lung,Lung,RU701,Malignant,Malignant,Laughney2020_Lung::RU701
Laughney2020_Lung,Lung,RU701,Fibroblast,Fibroblast,Laughney2020_Lung::RU701
Laughney2020_Lung,Lung,RU701,Myeloid,Myeloid,Laughney2020_Lung::RU701
Laughney2020_Lung,Lung,RU701,NK_cell,NK cell,Laughney2020_Lung::RU701
Laughney2020_Lung,Lung,RU701,Mesenchymal,Mesenchymal,Laughney2020_Lung::RU701
Laughney2020_Lung,Lung,RU701,Macrophage,Macrophage,Laughney2020_Lung::RU701
Laughney2020_Lung,Lung,RU701,Endothelial,Endothelial,Laughney2020_Lung::RU701
Laughney2020_Lung,Lung,RU701,B_cell,B cell,Laughney2020_Lung::RU701
Laughney2020_Lung,Lung,RU701,Mast,Mast,Laughney2020_Lung::RU701
Laughney2020_Lung,Lung,RU701,Monocyte,Monocyte,Laughney2020_Lung::RU701
Laughney2020_Lung,Lung,RU701,Dendritic,Dendritic,Laughney2020_Lung::RU701
Laughney2020_Lung,Lung,RU701,Neutrophil,Neutrophil,Laughney2020_Lung::RU701
Laughney2020_Lung,Lung,RU701,Pericyte,Pericyte,Laughney2020_Lung::RU701
Maynard2020_Lung,Lung,LT_S03,Dendritic,Dendritic,Maynard2020_Lung::LT_S03
Maynard2020_Lung,Lung,LT_S07,Macrophage,Macrophage,Maynard2020_Lung::LT_S07
Maynard2020_Lung,Lung,LT_S14,NK_cell,NK cell,Maynard2020_Lung::LT_S14
Maynard2020_Lung,Lung,LT_S41,Macrophage,Macrophage,Maynard2020_Lung::LT_S41
Maynard2020_Lung,Lung,LT_S42,T_cell,T cell,Maynard2020_Lung::LT_S42
Maynard2020_Lung,Lung,LT_S66,B_cell,B cell,Maynard2020_Lung::LT_S66
Maynard2020_Lung,Lung,LT_S66,T_cell,T cell,Maynard2020_Lung::LT_S66
Maynard2020_Lung,Lung,LT_S47,Plasma,Plasma,Maynard2020_Lung::LT_S47
Maynard2020_Lung,Lung,LT_S47,Malignant,Malignant,Maynard2020_Lung::LT_S47
Maynard2020_Lung,Lung,LT_S82,T_cell,T cell,Maynard2020_Lung::LT_S82
Maynard2020_Lung,Lung,LT_S75,Endothelial,Endothelial,Maynard2020_Lung::LT_S75
Maynard2020_Lung,Lung,LT_S74,Fibroblast,Fibroblast,Maynard2020_Lung::LT_S74
Maynard2020_Lung,Lung,LT_S79,Malignant,Malignant,Maynard2020_Lung::LT_S79
Maynard2020_Lung,Lung,LT_S78,Plasma,Plasma,Maynard2020_Lung::LT_S78
Maynard2020_Lung,Lung,LT_S80,Endothelial,Endothelial,Maynard2020_Lung::LT_S80
Maynard2020_Lung,Lung,LT_S65,Macrophage,Macrophage,Maynard2020_Lung::LT_S65
Maynard2020_Lung,Lung,LT_S66,NK_cell,NK cell,Maynard2020_Lung::LT_S66
Maynard2020_Lung,Lung,LT_S34,Fibroblast,Fibroblast,Maynard2020_Lung::LT_S34
Maynard2020_Lung,Lung,LT_S72,B_cell,B cell,Maynard2020_Lung::LT_S72
Maynard2020_Lung,Lung,LT_S72,Macrophage,Macrophage,Maynard2020_Lung::LT_S72
Maynard2020_Lung,Lung,LT_S55,Endothelial,Endothelial,Maynard2020_Lung::LT_S55
Maynard2020_Lung,Lung,LT_S55,T_cell,T cell,Maynard2020_Lung::LT_S55
Maynard2020_Lung,Lung,LT_S54,Fibroblast,Fibroblast,Maynard2020_Lung::LT_S54
Maynard2020_Lung,Lung,LT_S57,Fibroblast,Fibroblast,Maynard2020_Lung::LT_S57
Maynard2020_Lung,Lung,LT_S57,Epithelial,Epithelial,Maynard2020_Lung::LT_S57
Maynard2020_Lung,Lung,LT_S63,T_cell,T cell,Maynard2020_Lung::LT_S63
Maynard2020_Lung,Lung,LT_S58,Endothelial,Endothelial,Maynard2020_Lung::LT_S58
Maynard2020_Lung,Lung,LT_S49,Fibroblast,Fibroblast,Maynard2020_Lung::LT_S49
Maynard2020_Lung,Lung,LT_S49,Macrophage,Macrophage,Maynard2020_Lung::LT_S49
Maynard2020_Lung,Lung,LT_S52,Fibroblast,Fibroblast,Maynard2020_Lung::LT_S52
Maynard2020_Lung,Lung,LT_S53,Malignant,Malignant,Maynard2020_Lung::LT_S53
Maynard2020_Lung,Lung,LT_S52,Mast,Mast,Maynard2020_Lung::LT_S52
Maynard2020_Lung,Lung,LT_S69,Macrophage,Macrophage,Maynard2020_Lung::LT_S69
Maynard2020_Lung,Lung,LT_S69,B_cell,B cell,Maynard2020_Lung::LT_S69
Maynard2020_Lung,Lung,LT_S71,Mast,Mast,Maynard2020_Lung::LT_S71
Maynard2020_Lung,Lung,LT_S72,NK_cell,NK cell,Maynard2020_Lung::LT_S72
Maynard2020_Lung,Lung,LT_S21,Malignant,Malignant,Maynard2020_Lung::LT_S21
Maynard2020_Lung,Lung,LT_S21,Macrophage,Macrophage,Maynard2020_Lung::LT_S21
Maynard2020_Lung,Lung,LT_S21,T_cell,T cell,Maynard2020_Lung::LT_S21
Maynard2020_Lung,Lung,LT_S66,Macrophage,Macrophage,Maynard2020_Lung::LT_S66
Maynard2020_Lung,Lung,LT_S50,Plasma,Plasma,Maynard2020_Lung::LT_S50
Maynard2020_Lung,Lung,LT_S50,Macrophage,Macrophage,Maynard2020_Lung::LT_S50
Maynard2020_Lung,Lung,LT_S82,Macrophage,Macrophage,Maynard2020_Lung::LT_S82
Maynard2020_Lung,Lung,LT_S82,Dendritic,Dendritic,Maynard2020_Lung::LT_S82
Maynard2020_Lung,Lung,LT_S74,Epithelial,Epithelial,Maynard2020_Lung::LT_S74
Maynard2020_Lung,Lung,LT_S79,Endothelial,Endothelial,Maynard2020_Lung::LT_S79
Maynard2020_Lung,Lung,LT_S80,Macrophage,Macrophage,Maynard2020_Lung::LT_S80
Maynard2020_Lung,Lung,LT_S78,Fibroblast,Fibroblast,Maynard2020_Lung::LT_S78
Maynard2020_Lung,Lung,LT_S80,Plasma,Plasma,Maynard2020_Lung::LT_S80
Maynard2020_Lung,Lung,LT_S78,Endothelial,Endothelial,Maynard2020_Lung::LT_S78
Maynard2020_Lung,Lung,LT_S80,B_cell,B cell,Maynard2020_Lung::LT_S80
Maynard2020_Lung,Lung,LT_S28,T_cell,T cell,Maynard2020_Lung::LT_S28
Maynard2020_Lung,Lung,LT_S66,Mast,Mast,Maynard2020_Lung::LT_S66
Maynard2020_Lung,Lung,LT_S23,T_cell,T cell,Maynard2020_Lung::LT_S23
Maynard2020_Lung,Lung,LT_S34,Mast,Mast,Maynard2020_Lung::LT_S34
Maynard2020_Lung,Lung,LT_S55,Fibroblast,Fibroblast,Maynard2020_Lung::LT_S55
Maynard2020_Lung,Lung,LT_S55,Plasma,Plasma,Maynard2020_Lung::LT_S55
Maynard2020_Lung,Lung,LT_S54,Macrophage,Macrophage,Maynard2020_Lung::LT_S54
Maynard2020_Lung,Lung,LT_S57,T_cell,T cell,Maynard2020_Lung::LT_S57
Maynard2020_Lung,Lung,LT_S57,Plasma,Plasma,Maynard2020_Lung::LT_S57
Maynard2020_Lung,Lung,LT_S63,Malignant,Malignant,Maynard2020_Lung::LT_S63
Maynard2020_Lung,Lung,LT_S58,Malignant,Malignant,Maynard2020_Lung::LT_S58
Maynard2020_Lung,Lung,LT_S58,Epithelial,Epithelial,Maynard2020_Lung::LT_S58
Maynard2020_Lung,Lung,LT_S52,Macrophage,Macrophage,Maynard2020_Lung::LT_S52
Maynard2020_Lung,Lung,LT_S53,Macrophage,Macrophage,Maynard2020_Lung::LT_S53
Maynard2020_Lung,Lung,LT_S71,Plasma,Plasma,Maynard2020_Lung::LT_S71
Maynard2020_Lung,Lung,LT_S71,B_cell,B cell,Maynard2020_Lung::LT_S71
Maynard2020_Lung,Lung,LT_S72,Mast,Mast,Maynard2020_Lung::LT_S72
Maynard2020_Lung,Lung,LT_S03,B_cell,B cell,Maynard2020_Lung::LT_S03
Maynard2020_Lung,Lung,LT_S13,Macrophage,Macrophage,Maynard2020_Lung::LT_S13
Maynard2020_Lung,Lung,LT_S79,Fibroblast,Fibroblast,Maynard2020_Lung::LT_S79
Maynard2020_Lung,Lung,LT_S79,Plasma,Plasma,Maynard2020_Lung::LT_S79
Maynard2020_Lung,Lung,LT_S80,Lymphovascular,Lymphovascular,Maynard2020_Lung::LT_S80
Maynard2020_Lung,Lung,LT_S66,Malignant,Malignant,Maynard2020_Lung::LT_S66
Maynard2020_Lung,Lung,LT_S34,Macrophage,Macrophage,Maynard2020_Lung::LT_S34
Maynard2020_Lung,Lung,LT_S55,Malignant,Malignant,Maynard2020_Lung::LT_S55
Maynard2020_Lung,Lung,LT_S56,Epithelial,Epithelial,Maynard2020_Lung::LT_S56
Maynard2020_Lung,Lung,LT_S54,Plasma,Plasma,Maynard2020_Lung::LT_S54
Maynard2020_Lung,Lung,LT_S57,Mast,Mast,Maynard2020_Lung::LT_S57
Maynard2020_Lung,Lung,LT_S57,Macrophage,Macrophage,Maynard2020_Lung::LT_S57
Maynard2020_Lung,Lung,LT_S58,Fibroblast,Fibroblast,Maynard2020_Lung::LT_S58
Maynard2020_Lung,Lung,LT_S63,Plasma,Plasma,Maynard2020_Lung::LT_S63
Maynard2020_Lung,Lung,LT_S49,T_cell,T cell,Maynard2020_Lung::LT_S49
Maynard2020_Lung,Lung,LT_S71,T_cell,T cell,Maynard2020_Lung::LT_S71
Maynard2020_Lung,Lung,LT_S08,Malignant,Malignant,Maynard2020_Lung::LT_S08
Maynard2020_Lung,Lung,LT_S47,T_cell,T cell,Maynard2020_Lung::LT_S47
Maynard2020_Lung,Lung,LT_S47,Macrophage,Macrophage,Maynard2020_Lung::LT_S47
Maynard2020_Lung,Lung,LT_S82,Fibroblast,Fibroblast,Maynard2020_Lung::LT_S82
Maynard2020_Lung,Lung,LT_S74,T_cell,T cell,Maynard2020_Lung::LT_S74
Maynard2020_Lung,Lung,LT_S74,Plasma,Plasma,Maynard2020_Lung::LT_S74
Maynard2020_Lung,Lung,LT_S74,B_cell,B cell,Maynard2020_Lung::LT_S74
Maynard2020_Lung,Lung,LT_S79,T_cell,T cell,Maynard2020_Lung::LT_S79
Maynard2020_Lung,Lung,LT_S79,Macrophage,Macrophage,Maynard2020_Lung::LT_S79
Maynard2020_Lung,Lung,LT_S79,Dendritic,Dendritic,Maynard2020_Lung::LT_S79
Maynard2020_Lung,Lung,LT_S78,T_cell,T cell,Maynard2020_Lung::LT_S78
Maynard2020_Lung,Lung,LT_S81,Endothelial,Endothelial,Maynard2020_Lung::LT_S81
Maynard2020_Lung,Lung,LT_S72,Malignant,Malignant,Maynard2020_Lung::LT_S72
Maynard2020_Lung,Lung,LT_S72,Fibroblast,Fibroblast,Maynard2020_Lung::LT_S72
Maynard2020_Lung,Lung,LT_S58,T_cell,T cell,Maynard2020_Lung::LT_S58
Maynard2020_Lung,Lung,LT_S69,Malignant,Malignant,Maynard2020_Lung::LT_S69
Maynard2020_Lung,Lung,LT_S66,Endothelial,Endothelial,Maynard2020_Lung::LT_S66
Maynard2020_Lung,Lung,LT_S78,Dendritic,Dendritic,Maynard2020_Lung::LT_S78
Maynard2020_Lung,Lung,LT_S66,Fibroblast,Fibroblast,Maynard2020_Lung::LT_S66
Maynard2020_Lung,Lung,LT_S81,T_cell,T cell,Maynard2020_Lung::LT_S81
Maynard2020_Lung,Lung,LT_S75,B_cell,B cell,Maynard2020_Lung::LT_S75
Maynard2020_Lung,Lung,LT_S58,Macrophage,Macrophage,Maynard2020_Lung::LT_S58
Maynard2020_Lung,Lung,LT_S51,Macrophage,Macrophage,Maynard2020_Lung::LT_S51
Maynard2020_Lung,Lung,LT_S69,Plasma,Plasma,Maynard2020_Lung::LT_S69
Maynard2020_Lung,Lung,LT_S71,Malignant,Malignant,Maynard2020_Lung::LT_S71
Maynard2020_Lung,Lung,LT_S11,Malignant,Malignant,Maynard2020_Lung::LT_S11
Maynard2020_Lung,Lung,LT_S11,Plasma,Plasma,Maynard2020_Lung::LT_S11
Maynard2020_Lung,Lung,LT_S75,Macrophage,Macrophage,Maynard2020_Lung::LT_S75
Maynard2020_Lung,Lung,LT_S80,T_cell,T cell,Maynard2020_Lung::LT_S80
Maynard2020_Lung,Lung,LT_S65,Epithelial,Epithelial,Maynard2020_Lung::LT_S65
Maynard2020_Lung,Lung,LT_S65,Fibroblast,Fibroblast,Maynard2020_Lung::LT_S65
Maynard2020_Lung,Lung,LT_S66,Plasma,Plasma,Maynard2020_Lung::LT_S66
Maynard2020_Lung,Lung,LT_S81,Fibroblast,Fibroblast,Maynard2020_Lung::LT_S81
Maynard2020_Lung,Lung,LT_S23,B_cell,B cell,Maynard2020_Lung::LT_S23
Maynard2020_Lung,Lung,LT_S63,Fibroblast,Fibroblast,Maynard2020_Lung::LT_S63
Maynard2020_Lung,Lung,LT_S71,Fibroblast,Fibroblast,Maynard2020_Lung::LT_S71
Maynard2020_Lung,Lung,LT_S69,Epithelial,Epithelial,Maynard2020_Lung::LT_S69
Maynard2020_Lung,Lung,LT_S23,NK_cell,NK cell,Maynard2020_Lung::LT_S23
Maynard2020_Lung,Lung,LT_S75,T_cell,T cell,Maynard2020_Lung::LT_S75
Maynard2020_Lung,Lung,LT_S57,Malignant,Malignant,Maynard2020_Lung::LT_S57
Maynard2020_Lung,Lung,LT_S16,T_cell,T cell,Maynard2020_Lung::LT_S16
Maynard2020_Lung,Lung,LT_S74,NK_cell,NK cell,Maynard2020_Lung::LT_S74
Maynard2020_Lung,Lung,LT_S79,Mast,Mast,Maynard2020_Lung::LT_S79
Maynard2020_Lung,Lung,LT_S65,Malignant,Malignant,Maynard2020_Lung::LT_S65
Maynard2020_Lung,Lung,LT_S23,Macrophage,Macrophage,Maynard2020_Lung::LT_S23
Maynard2020_Lung,Lung,LT_S34,Endothelial,Endothelial,Maynard2020_Lung::LT_S34
Maynard2020_Lung,Lung,LT_S75,Plasma,Plasma,Maynard2020_Lung::LT_S75
Maynard2020_Lung,Lung,LT_S56,Malignant,Malignant,Maynard2020_Lung::LT_S56
Maynard2020_Lung,Lung,LT_S56,Fibroblast,Fibroblast,Maynard2020_Lung::LT_S56
Maynard2020_Lung,Lung,LT_S57,Endothelial,Endothelial,Maynard2020_Lung::LT_S57
Maynard2020_Lung,Lung,LT_S52,Malignant,Malignant,Maynard2020_Lung::LT_S52
Maynard2020_Lung,Lung,LT_S49,Plasma,Plasma,Maynard2020_Lung::LT_S49
Maynard2020_Lung,Lung,LT_S71,Endothelial,Endothelial,Maynard2020_Lung::LT_S71
Maynard2020_Lung,Lung,LT_S71,Epithelial,Epithelial,Maynard2020_Lung::LT_S71
Maynard2020_Lung,Lung,LT_S78,Macrophage,Macrophage,Maynard2020_Lung::LT_S78
Maynard2020_Lung,Lung,LT_S48,Endothelial,Endothelial,Maynard2020_Lung::LT_S48
Maynard2020_Lung,Lung,LT_S79,NK_cell,NK cell,Maynard2020_Lung::LT_S79
Maynard2020_Lung,Lung,LT_S81,NK_cell,NK cell,Maynard2020_Lung::LT_S81
Maynard2020_Lung,Lung,LT_S57,NK_cell,NK cell,Maynard2020_Lung::LT_S57
Maynard2020_Lung,Lung,LT_S63,Endothelial,Endothelial,Maynard2020_Lung::LT_S63
Maynard2020_Lung,Lung,LT_S78,NK_cell,NK cell,Maynard2020_Lung::LT_S78
Maynard2020_Lung,Lung,LT_S65,Plasma,Plasma,Maynard2020_Lung::LT_S65
Maynard2020_Lung,Lung,LT_S65,Endothelial,Endothelial,Maynard2020_Lung::LT_S65
Maynard2020_Lung,Lung,LT_S81,Macrophage,Macrophage,Maynard2020_Lung::LT_S81
Maynard2020_Lung,Lung,LT_S34,Lymphovascular,Lymphovascular,Maynard2020_Lung::LT_S34
Maynard2020_Lung,Lung,LT_S48,Fibroblast,Fibroblast,Maynard2020_Lung::LT_S48
Maynard2020_Lung,Lung,LT_S03,Plasma,Plasma,Maynard2020_Lung::LT_S03
Maynard2020_Lung,Lung,LT_S11,T_cell,T cell,Maynard2020_Lung::LT_S11
Maynard2020_Lung,Lung,LT_S14,T_cell,T cell,Maynard2020_Lung::LT_S14
Maynard2020_Lung,Lung,LT_S42,B_cell,B cell,Maynard2020_Lung::LT_S42
Maynard2020_Lung,Lung,LT_S82,Endothelial,Endothelial,Maynard2020_Lung::LT_S82
Maynard2020_Lung,Lung,LT_S65,Dendritic,Dendritic,Maynard2020_Lung::LT_S65
Maynard2020_Lung,Lung,LT_S34,T_cell,T cell,Maynard2020_Lung::LT_S34
Maynard2020_Lung,Lung,LT_S58,Plasma,Plasma,Maynard2020_Lung::LT_S58
Maynard2020_Lung,Lung,LT_S52,Plasma,Plasma,Maynard2020_Lung::LT_S52
Maynard2020_Lung,Lung,LT_S53,Endothelial,Endothelial,Maynard2020_Lung::LT_S53
Maynard2020_Lung,Lung,LT_S45,T_cell,T cell,Maynard2020_Lung::LT_S45
Maynard2020_Lung,Lung,LT_S45,NK_cell,NK cell,Maynard2020_Lung::LT_S45
Maynard2020_Lung,Lung,LT_S45,Mast,Mast,Maynard2020_Lung::LT_S45
Maynard2020_Lung,Lung,LT_S79,B_cell,B cell,Maynard2020_Lung::LT_S79
Maynard2020_Lung,Lung,LT_S80,NK_cell,NK cell,Maynard2020_Lung::LT_S80
Maynard2020_Lung,Lung,LT_S24,T_cell,T cell,Maynard2020_Lung::LT_S24
Maynard2020_Lung,Lung,LT_S49,B_cell,B cell,Maynard2020_Lung::LT_S49
Maynard2020_Lung,Lung,LT_S71,Lymphovascular,Lymphovascular,Maynard2020_Lung::LT_S71
Maynard2020_Lung,Lung,LT_S21,B_cell,B cell,Maynard2020_Lung::LT_S21
Maynard2020_Lung,Lung,LT_S45,Plasma,Plasma,Maynard2020_Lung::LT_S45
Maynard2020_Lung,Lung,LT_S45,Fibroblast,Fibroblast,Maynard2020_Lung::LT_S45
Maynard2020_Lung,Lung,LT_S78,Mast,Mast,Maynard2020_Lung::LT_S78
Maynard2020_Lung,Lung,LT_S34,Malignant,Malignant,Maynard2020_Lung::LT_S34
Maynard2020_Lung,Lung,LT_S34,Plasma,Plasma,Maynard2020_Lung::LT_S34
Maynard2020_Lung,Lung,LT_S58,NK_cell,NK cell,Maynard2020_Lung::LT_S58
Maynard2020_Lung,Lung,LT_S49,Dendritic,Dendritic,Maynard2020_Lung::LT_S49
Maynard2020_Lung,Lung,LT_S82,Plasma,Plasma,Maynard2020_Lung::LT_S82
Maynard2020_Lung,Lung,LT_S78,Lymphovascular,Lymphovascular,Maynard2020_Lung::LT_S78
Maynard2020_Lung,Lung,LT_S65,T_cell,T cell,Maynard2020_Lung::LT_S65
Maynard2020_Lung,Lung,LT_S67,Dendritic,Dendritic,Maynard2020_Lung::LT_S67
Maynard2020_Lung,Lung,LT_S63,B_cell,B cell,Maynard2020_Lung::LT_S63
Maynard2020_Lung,Lung,LT_S63,Macrophage,Macrophage,Maynard2020_Lung::LT_S63
Maynard2020_Lung,Lung,LT_S58,Mast,Mast,Maynard2020_Lung::LT_S58
Maynard2020_Lung,Lung,LT_S69,T_cell,T cell,Maynard2020_Lung::LT_S69
Maynard2020_Lung,Lung,LT_S75,Lymphovascular,Lymphovascular,Maynard2020_Lung::LT_S75
Maynard2020_Lung,Lung,LT_S66,Dendritic,Dendritic,Maynard2020_Lung::LT_S66
Maynard2020_Lung,Lung,LT_S50,Malignant,Malignant,Maynard2020_Lung::LT_S50
Maynard2020_Lung,Lung,LT_S05,Macrophage,Macrophage,Maynard2020_Lung::LT_S05
Maynard2020_Lung,Lung,LT_S07,NK_cell,NK cell,Maynard2020_Lung::LT_S07
Maynard2020_Lung,Lung,LT_S13,T_cell,T cell,Maynard2020_Lung::LT_S13
Maynard2020_Lung,Lung,LT_S82,Mast,Mast,Maynard2020_Lung::LT_S82
Maynard2020_Lung,Lung,LT_S79,Lymphovascular,Lymphovascular,Maynard2020_Lung::LT_S79
Maynard2020_Lung,Lung,LT_S78,Malignant,Malignant,Maynard2020_Lung::LT_S78
Maynard2020_Lung,Lung,LT_S81,Lymphovascular,Lymphovascular,Maynard2020_Lung::LT_S81
Maynard2020_Lung,Lung,LT_S71,Macrophage,Macrophage,Maynard2020_Lung::LT_S71
Maynard2020_Lung,Lung,LT_S03,Macrophage,Macrophage,Maynard2020_Lung::LT_S03
Maynard2020_Lung,Lung,LT_S74,Malignant,Malignant,Maynard2020_Lung::LT_S74
Maynard2020_Lung,Lung,LT_S75,Malignant,Malignant,Maynard2020_Lung::LT_S75
Maynard2020_Lung,Lung,LT_S72,Plasma,Plasma,Maynard2020_Lung::LT_S72
Maynard2020_Lung,Lung,LT_S55,Macrophage,Macrophage,Maynard2020_Lung::LT_S55
Maynard2020_Lung,Lung,LT_S21,Endothelial,Endothelial,Maynard2020_Lung::LT_S21
Maynard2020_Lung,Lung,LT_S78,Epithelial,Epithelial,Maynard2020_Lung::LT_S78
Maynard2020_Lung,Lung,LT_S81,Plasma,Plasma,Maynard2020_Lung::LT_S81
Maynard2020_Lung,Lung,LT_S63,Dendritic,Dendritic,Maynard2020_Lung::LT_S63
Maynard2020_Lung,Lung,LT_S47,Endothelial,Endothelial,Maynard2020_Lung::LT_S47
Maynard2020_Lung,Lung,LT_S74,Endothelial,Endothelial,Maynard2020_Lung::LT_S74
Maynard2020_Lung,Lung,LT_S79,Epithelial,Epithelial,Maynard2020_Lung::LT_S79
Maynard2020_Lung,Lung,LT_S80,Fibroblast,Fibroblast,Maynard2020_Lung::LT_S80
Maynard2020_Lung,Lung,LT_S65,NK_cell,NK cell,Maynard2020_Lung::LT_S65
Maynard2020_Lung,Lung,LT_S63,Mast,Mast,Maynard2020_Lung::LT_S63
Maynard2020_Lung,Lung,LT_S53,Fibroblast,Fibroblast,Maynard2020_Lung::LT_S53
Maynard2020_Lung,Lung,LT_S56,T_cell,T cell,Maynard2020_Lung::LT_S56
Maynard2020_Lung,Lung,LT_S51,Malignant,Malignant,Maynard2020_Lung::LT_S51
Maynard2020_Lung,Lung,LT_S72,T_cell,T cell,Maynard2020_Lung::LT_S72
Maynard2020_Lung,Lung,LT_S05,Dendritic,Dendritic,Maynard2020_Lung::LT_S05
Maynard2020_Lung,Lung,LT_S42,NK_cell,NK cell,Maynard2020_Lung::LT_S42
Maynard2020_Lung,Lung,LT_S81,Malignant,Malignant,Maynard2020_Lung::LT_S81
Maynard2020_Lung,Lung,LT_S57,Lymphovascular,Lymphovascular,Maynard2020_Lung::LT_S57
Maynard2020_Lung,Lung,LT_S69,NK_cell,NK cell,Maynard2020_Lung::LT_S69
Maynard2020_Lung,Lung,LT_S02,Endothelial,Endothelial,Maynard2020_Lung::LT_S02
Maynard2020_Lung,Lung,LT_S01,Fibroblast,Fibroblast,Maynard2020_Lung::LT_S01
Maynard2020_Lung,Lung,LT_S11,Epithelial,Epithelial,Maynard2020_Lung::LT_S11
Maynard2020_Lung,Lung,LT_S56,Plasma,Plasma,Maynard2020_Lung::LT_S56
Maynard2020_Lung,Lung,LT_S56,Macrophage,Macrophage,Maynard2020_Lung::LT_S56
Maynard2020_Lung,Lung,LT_S71,NK_cell,NK cell,Maynard2020_Lung::LT_S71
Maynard2020_Lung,Lung,LT_S08,Macrophage,Macrophage,Maynard2020_Lung::LT_S08
Maynard2020_Lung,Lung,LT_S47,Fibroblast,Fibroblast,Maynard2020_Lung::LT_S47
Maynard2020_Lung,Lung,LT_S74,Macrophage,Macrophage,Maynard2020_Lung::LT_S74
Maynard2020_Lung,Lung,LT_S81,Epithelial,Epithelial,Maynard2020_Lung::LT_S81
Maynard2020_Lung,Lung,LT_S34,Epithelial,Epithelial,Maynard2020_Lung::LT_S34
Maynard2020_Lung,Lung,LT_S82,Malignant,Malignant,Maynard2020_Lung::LT_S82
Maynard2020_Lung,Lung,LT_S65,Mast,Mast,Maynard2020_Lung::LT_S65
Maynard2020_Lung,Lung,LT_S82,Epithelial,Epithelial,Maynard2020_Lung::LT_S82
Maynard2020_Lung,Lung,LT_S55,Mast,Mast,Maynard2020_Lung::LT_S55
Maynard2020_Lung,Lung,LT_S69,Lymphovascular,Lymphovascular,Maynard2020_Lung::LT_S69
Maynard2020_Lung,Lung,LT_S69,Fibroblast,Fibroblast,Maynard2020_Lung::LT_S69
Maynard2020_Lung,Lung,LT_S43,Plasma,Plasma,Maynard2020_Lung::LT_S43
Maynard2020_Lung,Lung,LT_S47,NK_cell,NK cell,Maynard2020_Lung::LT_S47
Maynard2020_Lung,Lung,LT_S75,Dendritic,Dendritic,Maynard2020_Lung::LT_S75
Maynard2020_Lung,Lung,LT_S80,Mast,Mast,Maynard2020_Lung::LT_S80
Maynard2020_Lung,Lung,LT_S11,Endothelial,Endothelial,Maynard2020_Lung::LT_S11
Maynard2020_Lung,Lung,LT_S66,Lymphovascular,Lymphovascular,Maynard2020_Lung::LT_S66
Maynard2020_Lung,Lung,LT_S66,Epithelial,Epithelial,Maynard2020_Lung::LT_S66
Maynard2020_Lung,Lung,LT_S16,NK_cell,NK cell,Maynard2020_Lung::LT_S16
Maynard2020_Lung,Lung,LT_S75,NK_cell,NK cell,Maynard2020_Lung::LT_S75
Maynard2020_Lung,Lung,LT_S43,B_cell,B cell,Maynard2020_Lung::LT_S43
Maynard2020_Lung,Lung,LT_S02,Fibroblast,Fibroblast,Maynard2020_Lung::LT_S02
Maynard2020_Lung,Lung,LT_S45,Endothelial,Endothelial,Maynard2020_Lung::LT_S45
Maynard2020_Lung,Lung,LT_S53,T_cell,T cell,Maynard2020_Lung::LT_S53
Maynard2020_Lung,Lung,LT_S21,NK_cell,NK cell,Maynard2020_Lung::LT_S21
Maynard2020_Lung,Lung,LT_S41,T_cell,T cell,Maynard2020_Lung::LT_S41
Maynard2020_Lung,Lung,LT_S78,B_cell,B cell,Maynard2020_Lung::LT_S78
Maynard2020_Lung,Lung,LT_S21,Dendritic,Dendritic,Maynard2020_Lung::LT_S21
Maynard2020_Lung,Lung,LT_S07,Plasma,Plasma,Maynard2020_Lung::LT_S07
Maynard2020_Lung,Lung,LT_S28,B_cell,B cell,Maynard2020_Lung::LT_S28
Maynard2020_Lung,Lung,LT_S58,Dendritic,Dendritic,Maynard2020_Lung::LT_S58
Maynard2020_Lung,Lung,LT_S02,Macrophage,Macrophage,Maynard2020_Lung::LT_S02
Maynard2020_Lung,Lung,LT_S07,Mast,Mast,Maynard2020_Lung::LT_S07
Maynard2020_Lung,Lung,LT_S80,Malignant,Malignant,Maynard2020_Lung::LT_S80
Maynard2020_Lung,Lung,LT_S01,Macrophage,Macrophage,Maynard2020_Lung::LT_S01
Maynard2020_Lung,Lung,LT_S82,B_cell,B cell,Maynard2020_Lung::LT_S82
Maynard2020_Lung,Lung,LT_S47,B_cell,B cell,Maynard2020_Lung::LT_S47
Maynard2020_Lung,Lung,LT_S72,Dendritic,Dendritic,Maynard2020_Lung::LT_S72
Maynard2020_Lung,Lung,LT_S50,Fibroblast,Fibroblast,Maynard2020_Lung::LT_S50
Maynard2020_Lung,Lung,LT_S80,Dendritic,Dendritic,Maynard2020_Lung::LT_S80
Maynard2020_Lung,Lung,LT_S55,B_cell,B cell,Maynard2020_Lung::LT_S55
Maynard2020_Lung,Lung,LT_S82,NK_cell,NK cell,Maynard2020_Lung::LT_S82
Maynard2020_Lung,Lung,LT_S07,Malignant,Malignant,Maynard2020_Lung::LT_S07
Maynard2020_Lung,Lung,LT_S80,Epithelial,Epithelial,Maynard2020_Lung::LT_S80
Maynard2020_Lung,Lung,LT_S72,Endothelial,Endothelial,Maynard2020_Lung::LT_S72
Maynard2020_Lung,Lung,LT_S74,Mast,Mast,Maynard2020_Lung::LT_S74
Maynard2020_Lung,Lung,LT_S56,B_cell,B cell,Maynard2020_Lung::LT_S56
Maynard2020_Lung,Lung,LT_S16,Plasma,Plasma,Maynard2020_Lung::LT_S16
Maynard2020_Lung,Lung,LT_S11,Macrophage,Macrophage,Maynard2020_Lung::LT_S11
Maynard2020_Lung,Lung,LT_S34,B_cell,B cell,Maynard2020_Lung::LT_S34
Maynard2020_Lung,Lung,LT_S38,Endothelial,Endothelial,Maynard2020_Lung::LT_S38
Maynard2020_Lung,Lung,LT_S57,B_cell,B cell,Maynard2020_Lung::LT_S57
Maynard2020_Lung,Lung,LT_S63,Lymphovascular,Lymphovascular,Maynard2020_Lung::LT_S63
Maynard2020_Lung,Lung,LT_S81,Dendritic,Dendritic,Maynard2020_Lung::LT_S81
Maynard2020_Lung,Lung,LT_S53,NK_cell,NK cell,Maynard2020_Lung::LT_S53
Maynard2020_Lung,Lung,LT_S11,Fibroblast,Fibroblast,Maynard2020_Lung::LT_S11
Maynard2020_Lung,Lung,LT_S12,Mast,Mast,Maynard2020_Lung::LT_S12
Maynard2020_Lung,Lung,LT_S55,Lymphovascular,Lymphovascular,Maynard2020_Lung::LT_S55
Maynard2020_Lung,Lung,LT_S01,Malignant,Malignant,Maynard2020_Lung::LT_S01
Maynard2020_Lung,Lung,LT_S11,Mast,Mast,Maynard2020_Lung::LT_S11
Maynard2020_Lung,Lung,LT_S67,Macrophage,Macrophage,Maynard2020_Lung::LT_S67
Maynard2020_Lung,Lung,LT_S65,B_cell,B cell,Maynard2020_Lung::LT_S65
Maynard2020_Lung,Lung,LT_S58,B_cell,B cell,Maynard2020_Lung::LT_S58
Maynard2020_Lung,Lung,LT_S74,Lymphovascular,Lymphovascular,Maynard2020_Lung::LT_S74
Maynard2020_Lung,Lung,LT_S01,Mast,Mast,Maynard2020_Lung::LT_S01
Maynard2020_Lung,Lung,LT_S08,NK_cell,NK cell,Maynard2020_Lung::LT_S08
Maynard2020_Lung,Lung,LT_S28,Macrophage,Macrophage,Maynard2020_Lung::LT_S28
Maynard2020_Lung,Lung,LT_S63,NK_cell,NK cell,Maynard2020_Lung::LT_S63
Maynard2020_Lung,Lung,LT_S03,Mast,Mast,Maynard2020_Lung::LT_S03
Maynard2020_Lung,Lung,LT_S48,Malignant,Malignant,Maynard2020_Lung::LT_S48
Maynard2020_Lung,Lung,LT_S08,Dendritic,Dendritic,Maynard2020_Lung::LT_S08
Maynard2020_Lung,Lung,LT_S69,Endothelial,Endothelial,Maynard2020_Lung::LT_S69
Maynard2020_Lung,Lung,LT_S65,Lymphovascular,Lymphovascular,Maynard2020_Lung::LT_S65
Maynard2020_Lung,Lung,LT_S75,Fibroblast,Fibroblast,Maynard2020_Lung::LT_S75
Maynard2020_Lung,Lung,LT_S11,Lymphovascular,Lymphovascular,Maynard2020_Lung::LT_S11
Maynard2020_Lung,Lung,LT_S28,NK_cell,NK cell,Maynard2020_Lung::LT_S28
Maynard2020_Lung,Lung,LT_S50,B_cell,B cell,Maynard2020_Lung::LT_S50
Maynard2020_Lung,Lung,LT_S45,B_cell,B cell,Maynard2020_Lung::LT_S45
Maynard2020_Lung,Lung,LT_S03,NK_cell,NK cell,Maynard2020_Lung::LT_S03
Maynard2020_Lung,Lung,LT_S49,NK_cell,NK cell,Maynard2020_Lung::LT_S49
Maynard2020_Lung,Lung,LT_S02,Mast,Mast,Maynard2020_Lung::LT_S02
Maynard2020_Lung,Lung,LT_S16,Lymphovascular,Lymphovascular,Maynard2020_Lung::LT_S16
Maynard2020_Lung,Lung,LT_S03,Fibroblast,Fibroblast,Maynard2020_Lung::LT_S03
Maynard2020_Lung,Lung,LT_S48,Lymphovascular,Lymphovascular,Maynard2020_Lung::LT_S48
Maynard2020_Lung,Lung,LT_S56,Mast,Mast,Maynard2020_Lung::LT_S56
Maynard2020_Lung,Lung,LT_S53,Plasma,Plasma,Maynard2020_Lung::LT_S53
Maynard2020_Lung,Lung,LT_S28,Malignant,Malignant,Maynard2020_Lung::LT_S28
Maynard2020_Lung,Lung,LT_S69,Dendritic,Dendritic,Maynard2020_Lung::LT_S69
Maynard2020_Lung,Lung,LT_S03,Epithelial,Epithelial,Maynard2020_Lung::LT_S03
Maynard2020_Lung,Lung,LT_S05,Malignant,Malignant,Maynard2020_Lung::LT_S05
Maynard2020_Lung,Lung,LT_S34,Dendritic,Dendritic,Maynard2020_Lung::LT_S34
Maynard2020_Lung,Lung,LT_S74,Dendritic,Dendritic,Maynard2020_Lung::LT_S74
Maynard2020_Lung,Lung,LT_S55,NK_cell,NK cell,Maynard2020_Lung::LT_S55
Maynard2020_Lung,Lung,LT_S52,Epithelial,Epithelial,Maynard2020_Lung::LT_S52
Maynard2020_Lung,Lung,LT_S12,Fibroblast,Fibroblast,Maynard2020_Lung::LT_S12
Maynard2020_Lung,Lung,LT_S47,Lymphovascular,Lymphovascular,Maynard2020_Lung::LT_S47
Maynard2020_Lung,Lung,LT_S72,Epithelial,Epithelial,Maynard2020_Lung::LT_S72
Maynard2020_Lung,Lung,LT_S03,Endothelial,Endothelial,Maynard2020_Lung::LT_S03
Maynard2020_Lung,Lung,LT_S08,T_cell,T cell,Maynard2020_Lung::LT_S08
Maynard2020_Lung,Lung,LT_S07,T_cell,T cell,Maynard2020_Lung::LT_S07
Maynard2020_Lung,Lung,LT_S41,Fibroblast,Fibroblast,Maynard2020_Lung::LT_S41
Maynard2020_Lung,Lung,LT_S57,Dendritic,Dendritic,Maynard2020_Lung::LT_S57
Maynard2020_Lung,Lung,LT_S03,T_cell,T cell,Maynard2020_Lung::LT_S03
Maynard2020_Lung,Lung,LT_S54,Mast,Mast,Maynard2020_Lung::LT_S54
Maynard2020_Lung,Lung,LT_S21,Mast,Mast,Maynard2020_Lung::LT_S21
Maynard2020_Lung,Lung,LT_S02,B_cell,B cell,Maynard2020_Lung::LT_S02
Maynard2020_Lung,Lung,LT_S22,B_cell,B cell,Maynard2020_Lung::LT_S22
Maynard2020_Lung,Lung,LT_S72,Lymphovascular,Lymphovascular,Maynard2020_Lung::LT_S72
Maynard2020_Lung,Lung,LT_S67,Epithelial,Epithelial,Maynard2020_Lung::LT_S67
Maynard2020_Lung,Lung,LT_S13,B_cell,B cell,Maynard2020_Lung::LT_S13
Maynard2020_Lung,Lung,LT_S45,Lymphovascular,Lymphovascular,Maynard2020_Lung::LT_S45
Maynard2020_Lung,Lung,LT_S07,Dendritic,Dendritic,Maynard2020_Lung::LT_S07
Maynard2020_Lung,Lung,LT_S02,Dendritic,Dendritic,Maynard2020_Lung::LT_S02
Maynard2020_Lung,Lung,LT_S81,B_cell,B cell,Maynard2020_Lung::LT_S81
Maynard2020_Lung,Lung,LT_S12,Endothelial,Endothelial,Maynard2020_Lung::LT_S12
Maynard2020_Lung,Lung,LT_S41,Malignant,Malignant,Maynard2020_Lung::LT_S41
Maynard2020_Lung,Lung,LT_S46,Macrophage,Macrophage,Maynard2020_Lung::LT_S46
Maynard2020_Lung,Lung,LT_S47,Epithelial,Epithelial,Maynard2020_Lung::LT_S47
Maynard2020_Lung,Lung,LT_S81,Mast,Mast,Maynard2020_Lung::LT_S81
Maynard2020_Lung,Lung,LT_S41,Epithelial,Epithelial,Maynard2020_Lung::LT_S41
Maynard2020_Lung,Lung,LT_S82,Lymphovascular,Lymphovascular,Maynard2020_Lung::LT_S82
Maynard2020_Lung,Lung,LT_S24,NK_cell,NK cell,Maynard2020_Lung::LT_S24
Maynard2020_Lung,Lung,LT_S22,T_cell,T cell,Maynard2020_Lung::LT_S22
Maynard2020_Lung,Lung,LT_S51,B_cell,B cell,Maynard2020_Lung::LT_S51
Maynard2020_Lung,Lung,LT_S48,Macrophage,Macrophage,Maynard2020_Lung::LT_S48
Maynard2020_Lung,Lung,LT_S50,T_cell,T cell,Maynard2020_Lung::LT_S50
Maynard2020_Lung,Lung,LT_S56,NK_cell,NK cell,Maynard2020_Lung::LT_S56
Maynard2020_Lung,Lung,LT_S54,Malignant,Malignant,Maynard2020_Lung::LT_S54
Maynard2020_Lung,Lung,LT_S51,Fibroblast,Fibroblast,Maynard2020_Lung::LT_S51
Maynard2020_Lung,Lung,LT_S48,Plasma,Plasma,Maynard2020_Lung::LT_S48
Maynard2020_Lung,Lung,LT_S50,Mast,Mast,Maynard2020_Lung::LT_S50
Maynard2020_Lung,Lung,LT_S11,B_cell,B cell,Maynard2020_Lung::LT_S11
Maynard2020_Lung,Lung,LT_S35,Malignant,Malignant,Maynard2020_Lung::LT_S35
Maynard2020_Lung,Lung,LT_S51,Plasma,Plasma,Maynard2020_Lung::LT_S51
Maynard2020_Lung,Lung,LT_S51,Lymphovascular,Lymphovascular,Maynard2020_Lung::LT_S51
Maynard2020_Lung,Lung,LT_S49,Malignant,Malignant,Maynard2020_Lung::LT_S49
Maynard2020_Lung,Lung,LT_S45,Dendritic,Dendritic,Maynard2020_Lung::LT_S45
Maynard2020_Lung,Lung,LT_S71,Dendritic,Dendritic,Maynard2020_Lung::LT_S71
Maynard2020_Lung,Lung,LT_S43,Endothelial,Endothelial,Maynard2020_Lung::LT_S43
Maynard2020_Lung,Lung,LT_S50,Endothelial,Endothelial,Maynard2020_Lung::LT_S50
Maynard2020_Lung,Lung,LT_S16,Mast,Mast,Maynard2020_Lung::LT_S16
Maynard2020_Lung,Lung,LT_S50,Dendritic,Dendritic,Maynard2020_Lung::LT_S50
Maynard2020_Lung,Lung,LT_S42,Fibroblast,Fibroblast,Maynard2020_Lung::LT_S42
Maynard2020_Lung,Lung,LT_S52,B_cell,B cell,Maynard2020_Lung::LT_S52
Maynard2020_Lung,Lung,LT_S16,B_cell,B cell,Maynard2020_Lung::LT_S16
Maynard2020_Lung,Lung,LT_S28,Epithelial,Epithelial,Maynard2020_Lung::LT_S28
Maynard2020_Lung,Lung,LT_S42,Malignant,Malignant,Maynard2020_Lung::LT_S42
Maynard2020_Lung,Lung,LT_S67,B_cell,B cell,Maynard2020_Lung::LT_S67
Maynard2020_Lung,Lung,LT_S49,Lymphovascular,Lymphovascular,Maynard2020_Lung::LT_S49
Maynard2020_Lung,Lung,LT_S12,Lymphovascular,Lymphovascular,Maynard2020_Lung::LT_S12
Maynard2020_Lung,Lung,LT_S28,Plasma,Plasma,Maynard2020_Lung::LT_S28
Maynard2020_Lung,Lung,LT_S56,Dendritic,Dendritic,Maynard2020_Lung::LT_S56
Maynard2020_Lung,Lung,LT_S43,Macrophage,Macrophage,Maynard2020_Lung::LT_S43
Maynard2020_Lung,Lung,LT_S50,Lymphovascular,Lymphovascular,Maynard2020_Lung::LT_S50
Maynard2020_Lung,Lung,LT_S13,Fibroblast,Fibroblast,Maynard2020_Lung::LT_S13
Maynard2020_Lung,Lung,LT_S21,Plasma,Plasma,Maynard2020_Lung::LT_S21
Maynard2020_Lung,Lung,LT_S22,Fibroblast,Fibroblast,Maynard2020_Lung::LT_S22
Maynard2020_Lung,Lung,LT_S12,Epithelial,Epithelial,Maynard2020_Lung::LT_S12
Maynard2020_Lung,Lung,LT_S50,Epithelial,Epithelial,Maynard2020_Lung::LT_S50
Maynard2020_Lung,Lung,LT_S21,Fibroblast,Fibroblast,Maynard2020_Lung::LT_S21
Maynard2020_Lung,Lung,LT_S67,Fibroblast,Fibroblast,Maynard2020_Lung::LT_S67
Maynard2020_Lung,Lung,LT_S43,Epithelial,Epithelial,Maynard2020_Lung::LT_S43
Maynard2020_Lung,Lung,LT_S16,Malignant,Malignant,Maynard2020_Lung::LT_S16
Maynard2020_Lung,Lung,LT_S22,Macrophage,Macrophage,Maynard2020_Lung::LT_S22
Maynard2020_Lung,Lung,LT_S41,Lymphovascular,Lymphovascular,Maynard2020_Lung::LT_S41
Maynard2020_Lung,Lung,LT_S23,Malignant,Malignant,Maynard2020_Lung::LT_S23
Maynard2020_Lung,Lung,LT_S23,Fibroblast,Fibroblast,Maynard2020_Lung::LT_S23
Maynard2020_Lung,Lung,LT_S56,Endothelial,Endothelial,Maynard2020_Lung::LT_S56
Maynard2020_Lung,Lung,LT_S23,Plasma,Plasma,Maynard2020_Lung::LT_S23
Maynard2020_Lung,Lung,LT_S43,Lymphovascular,Lymphovascular,Maynard2020_Lung::LT_S43
Maynard2020_Lung,Lung,LT_S48,B_cell,B cell,Maynard2020_Lung::LT_S48
Maynard2020_Lung,Lung,LT_S13,NK_cell,NK cell,Maynard2020_Lung::LT_S13
Maynard2020_Lung,Lung,LT_S46,Fibroblast,Fibroblast,Maynard2020_Lung::LT_S46
Maynard2020_Lung,Lung,LT_S67,Lymphovascular,Lymphovascular,Maynard2020_Lung::LT_S67
Qian2020_Lung,Lung,1,Malignant,Malignant,Qian2020_Lung::1
Qian2020_Lung,Lung,1,T_cell,T cell,Qian2020_Lung::1
Qian2020_Lung,Lung,1,Mast,Mast,Qian2020_Lung::1
Qian2020_Lung,Lung,1,Macrophage,Macrophage,Qian2020_Lung::1
Qian2020_Lung,Lung,1,Fibroblast,Fibroblast,Qian2020_Lung::1
Qian2020_Lung,Lung,1,Epithelial,Epithelial,Qian2020_Lung::1
Qian2020_Lung,Lung,1,B_cell,B cell,Qian2020_Lung::1
Qian2020_Lung,Lung,1,Dendritic,Dendritic,Qian2020_Lung::1
Qian2020_Lung,Lung,2,T_cell,T cell,Qian2020_Lung::2
Qian2020_Lung,Lung,2,Mast,Mast,Qian2020_Lung::2
Qian2020_Lung,Lung,2,Macrophage,Macrophage,Qian2020_Lung::2
Qian2020_Lung,Lung,2,Endothelial,Endothelial,Qian2020_Lung::2
Qian2020_Lung,Lung,2,Fibroblast,Fibroblast,Qian2020_Lung::2
Qian2020_Lung,Lung,2,B_cell,B cell,Qian2020_Lung::2
Qian2020_Lung,Lung,2,Malignant,Malignant,Qian2020_Lung::2
Qian2020_Lung,Lung,2,Epithelial,Epithelial,Qian2020_Lung::2
Qian2020_Lung,Lung,2,Dendritic,Dendritic,Qian2020_Lung::2
Qian2020_Lung,Lung,3,Macrophage,Macrophage,Qian2020_Lung::3
Qian2020_Lung,Lung,3,B_cell,B cell,Qian2020_Lung::3
Qian2020_Lung,Lung,3,Fibroblast,Fibroblast,Qian2020_Lung::3
Qian2020_Lung,Lung,3,Endothelial,Endothelial,Qian2020_Lung::3
Qian2020_Lung,Lung,3,Malignant,Malignant,Qian2020_Lung::3
Qian2020_Lung,Lung,3,T_cell,T cell,Qian2020_Lung::3
Qian2020_Lung,Lung,3,Epithelial,Epithelial,Qian2020_Lung::3
Qian2020_Lung,Lung,3,Dendritic,Dendritic,Qian2020_Lung::3
Qian2020_Lung,Lung,3,Mast,Mast,Qian2020_Lung::3
Qian2020_Lung,Lung,4,T_cell,T cell,Qian2020_Lung::4
Qian2020_Lung,Lung,4,Macrophage,Macrophage,Qian2020_Lung::4
Qian2020_Lung,Lung,4,Malignant,Malignant,Qian2020_Lung::4
Qian2020_Lung,Lung,4,B_cell,B cell,Qian2020_Lung::4
Qian2020_Lung,Lung,4,Epithelial,Epithelial,Qian2020_Lung::4
Qian2020_Lung,Lung,4,Mast,Mast,Qian2020_Lung::4
Qian2020_Lung,Lung,4,Endothelial,Endothelial,Qian2020_Lung::4
Qian2020_Lung,Lung,4,Fibroblast,Fibroblast,Qian2020_Lung::4
Qian2020_Lung,Lung,4,Dendritic,Dendritic,Qian2020_Lung::4
Qian2020_Lung,Lung,5,Macrophage,Macrophage,Qian2020_Lung::5
Qian2020_Lung,Lung,5,Malignant,Malignant,Qian2020_Lung::5
Qian2020_Lung,Lung,5,Endothelial,Endothelial,Qian2020_Lung::5
Qian2020_Lung,Lung,5,Fibroblast,Fibroblast,Qian2020_Lung::5
Qian2020_Lung,Lung,5,T_cell,T cell,Qian2020_Lung::5
Qian2020_Lung,Lung,5,B_cell,B cell,Qian2020_Lung::5
Qian2020_Lung,Lung,5,Epithelial,Epithelial,Qian2020_Lung::5
Qian2020_Lung,Lung,5,Mast,Mast,Qian2020_Lung::5
Qian2020_Lung,Lung,5,Dendritic,Dendritic,Qian2020_Lung::5
Qian2020_Lung,Lung,6,Malignant,Malignant,Qian2020_Lung::6
Qian2020_Lung,Lung,6,Macrophage,Macrophage,Qian2020_Lung::6
Qian2020_Lung,Lung,6,Mast,Mast,Qian2020_Lung::6
Qian2020_Lung,Lung,6,T_cell,T cell,Qian2020_Lung::6
Qian2020_Lung,Lung,6,Fibroblast,Fibroblast,Qian2020_Lung::6
Qian2020_Lung,Lung,6,Epithelial,Epithelial,Qian2020_Lung::6
Qian2020_Lung,Lung,6,B_cell,B cell,Qian2020_Lung::6
Qian2020_Lung,Lung,6,Endothelial,Endothelial,Qian2020_Lung::6
Qian2020_Lung,Lung,6,Dendritic,Dendritic,Qian2020_Lung::6
Qian2020_Lung,Lung,7,Macrophage,Macrophage,Qian2020_Lung::7
Qian2020_Lung,Lung,7,T_cell,T cell,Qian2020_Lung::7
Qian2020_Lung,Lung,7,Fibroblast,Fibroblast,Qian2020_Lung::7
Qian2020_Lung,Lung,7,Mast,Mast,Qian2020_Lung::7
Qian2020_Lung,Lung,7,Dendritic,Dendritic,Qian2020_Lung::7
Qian2020_Lung,Lung,7,Malignant,Malignant,Qian2020_Lung::7
Qian2020_Lung,Lung,7,Epithelial,Epithelial,Qian2020_Lung::7
Qian2020_Lung,Lung,7,B_cell,B cell,Qian2020_Lung::7
Qian2020_Lung,Lung,7,Endothelial,Endothelial,Qian2020_Lung::7
Qian2020_Lung,Lung,7,Erythroblast,Erythroblast,Qian2020_Lung::7
Qian2020_Lung,Lung,8,T_cell,T cell,Qian2020_Lung::8
Qian2020_Lung,Lung,8,Macrophage,Macrophage,Qian2020_Lung::8
Qian2020_Lung,Lung,8,B_cell,B cell,Qian2020_Lung::8
Qian2020_Lung,Lung,8,Malignant,Malignant,Qian2020_Lung::8
Qian2020_Lung,Lung,8,Mast,Mast,Qian2020_Lung::8
Qian2020_Lung,Lung,8,Epithelial,Epithelial,Qian2020_Lung::8
Qian2020_Lung,Lung,8,Fibroblast,Fibroblast,Qian2020_Lung::8
Qian2020_Lung,Lung,8,Erythroblast,Erythroblast,Qian2020_Lung::8
Qian2020_Lung,Lung,8,Endothelial,Endothelial,Qian2020_Lung::8
Song2019_Lung,Lung,P1_Tumor,Monocyte,Monocyte,Song2019_Lung::P1_Tumor
Song2019_Lung,Lung,P1_Tumor,NK_cell,NK cell,Song2019_Lung::P1_Tumor
Song2019_Lung,Lung,P1_Tumor,T_cell,T cell,Song2019_Lung::P1_Tumor
Song2019_Lung,Lung,P1_Tumor,Malignant,Malignant,Song2019_Lung::P1_Tumor
Song2019_Lung,Lung,P1_Tumor,Fibroblast,Fibroblast,Song2019_Lung::P1_Tumor
Song2019_Lung,Lung,P1_Tumor,Dendritic,Dendritic,Song2019_Lung::P1_Tumor
Song2019_Lung,Lung,P1_Tumor,B_cell,B cell,Song2019_Lung::P1_Tumor
Song2019_Lung,Lung,P1_Tumor,Macrophage,Macrophage,Song2019_Lung::P1_Tumor
Song2019_Lung,Lung,P1_Tumor,Epithelial,Epithelial,Song2019_Lung::P1_Tumor
Song2019_Lung,Lung,P1_Normal,Monocyte,Monocyte,Song2019_Lung::P1_Normal
Song2019_Lung,Lung,P1_Normal,T_cell,T cell,Song2019_Lung::P1_Normal
Song2019_Lung,Lung,P1_Normal,NK_cell,NK cell,Song2019_Lung::P1_Normal
Song2019_Lung,Lung,P1_Normal,B_cell,B cell,Song2019_Lung::P1_Normal
Song2019_Lung,Lung,P1_Normal,Macrophage,Macrophage,Song2019_Lung::P1_Normal
Song2019_Lung,Lung,P1_Normal,Epithelial,Epithelial,Song2019_Lung::P1_Normal
Song2019_Lung,Lung,P3_Tumor,Monocyte,Monocyte,Song2019_Lung::P3_Tumor
Song2019_Lung,Lung,P3_Tumor,Malignant,Malignant,Song2019_Lung::P3_Tumor
Song2019_Lung,Lung,P3_Tumor,Epithelial,Epithelial,Song2019_Lung::P3_Tumor
Song2019_Lung,Lung,P3_Normal,Dendritic,Dendritic,Song2019_Lung::P3_Normal
Song2019_Lung,Lung,P3_Normal,T_cell,T cell,Song2019_Lung::P3_Normal
Song2019_Lung,Lung,P3_Normal,Monocyte,Monocyte,Song2019_Lung::P3_Normal
Song2019_Lung,Lung,P3_Normal,Macrophage,Macrophage,Song2019_Lung::P3_Normal
Song2019_Lung,Lung,P4_Tumor,Malignant,Malignant,Song2019_Lung::P4_Tumor
Song2019_Lung,Lung,P4_Tumor,Dendritic,Dendritic,Song2019_Lung::P4_Tumor
Song2019_Lung,Lung,P4_Tumor,Epithelial,Epithelial,Song2019_Lung::P4_Tumor
Song2019_Lung,Lung,P4_Tumor,Monocyte,Monocyte,Song2019_Lung::P4_Tumor
Song2019_Lung,Lung,P4_Tumor,Macrophage,Macrophage,Song2019_Lung::P4_Tumor
Song2019_Lung,Lung,P4_Normal,Dendritic,Dendritic,Song2019_Lung::P4_Normal
Song2019_Lung,Lung,P4_Normal,T_cell,T cell,Song2019_Lung::P4_Normal
Song2019_Lung,Lung,P4_Normal,Monocyte,Monocyte,Song2019_Lung::P4_Normal
Song2019_Lung,Lung,P4_Normal,B_cell,B cell,Song2019_Lung::P4_Normal
Song2019_Lung,Lung,P4_Normal,NK_cell,NK cell,Song2019_Lung::P4_Normal
Song2019_Lung,Lung,P4_Normal,Epithelial,Epithelial,Song2019_Lung::P4_Normal
Song2019_Lung,Lung,P4_Normal,Malignant,Malignant,Song2019_Lung::P4_Normal
Xing2021_Lung,Lung,NM3N,T_cell,T cell,Xing2021_Lung::NM3N
Xing2021_Lung,Lung,NM3N,NK_cell,NK cell,Xing2021_Lung::NM3N
Xing2021_Lung,Lung,NM4N,T_cell,T cell,Xing2021_Lung::NM4N
Xing2021_Lung,Lung,NM4N,NK_cell,NK cell,Xing2021_Lung::NM4N
Xing2021_Lung,Lung,NM5N,T_cell,T cell,Xing2021_Lung::NM5N
Xing2021_Lung,Lung,NM5N,NK_cell,NK cell,Xing2021_Lung::NM5N
Xing2021_Lung,Lung,NM6N,T_cell,T cell,Xing2021_Lung::NM6N
Xing2021_Lung,Lung,NM6N,NK_cell,NK cell,Xing2021_Lung::NM6N
Xing2021_Lung,Lung,NM7N,T_cell,T cell,Xing2021_Lung::NM7N
Xing2021_Lung,Lung,NM7N,NK_cell,NK cell,Xing2021_Lung::NM7N
Xing2021_Lung,Lung,NM8N,T_cell,T cell,Xing2021_Lung::NM8N
Xing2021_Lung,Lung,NM8N,NK_cell,NK cell,Xing2021_Lung::NM8N
Xing2021_Lung,Lung,SSN05,T_cell,T cell,Xing2021_Lung::SSN05
Xing2021_Lung,Lung,SSN05,NK_cell,NK cell,Xing2021_Lung::SSN05
Xing2021_Lung,Lung,SSN09,T_cell,T cell,Xing2021_Lung::SSN09
Xing2021_Lung,Lung,SSN09,NK_cell,NK cell,Xing2021_Lung::SSN09
Xing2021_Lung,Lung,SSN10,T_cell,T cell,Xing2021_Lung::SSN10
Xing2021_Lung,Lung,SSN10,NK_cell,NK cell,Xing2021_Lung::SSN10
Xing2021_Lung,Lung,SSN11,T_cell,T cell,Xing2021_Lung::SSN11
Xing2021_Lung,Lung,SSN11,NK_cell,NK cell,Xing2021_Lung::SSN11
Xing2021_Lung,Lung,SSN12,T_cell,T cell,Xing2021_Lung::SSN12
Xing2021_Lung,Lung,SSN12,NK_cell,NK cell,Xing2021_Lung::SSN12
Xing2021_Lung,Lung,SSN19,NK_cell,NK cell,Xing2021_Lung::SSN19
Xing2021_Lung,Lung,SSN19,T_cell,T cell,Xing2021_Lung::SSN19
Xing2021_Lung,Lung,SSN21,T_cell,T cell,Xing2021_Lung::SSN21
Xing2021_Lung,Lung,SSN21,NK_cell,NK cell,Xing2021_Lung::SSN21
Xing2021_Lung,Lung,SSN22,T_cell,T cell,Xing2021_Lung::SSN22
Xing2021_Lung,Lung,SSN22,NK_cell,NK cell,Xing2021_Lung::SSN22
Xing2021_Lung,Lung,SSN24,T_cell,T cell,Xing2021_Lung::SSN24
Xing2021_Lung,Lung,SSN24,NK_cell,NK cell,Xing2021_Lung::SSN24
Xing2021_Lung,Lung,SSN25,T_cell,T cell,Xing2021_Lung::SSN25
Xing2021_Lung,Lung,SSN25,NK_cell,NK cell,Xing2021_Lung::SSN25
Xing2021_Lung,Lung,SSN27,T_cell,T cell,Xing2021_Lung::SSN27
Xing2021_Lung,Lung,SSN27,NK_cell,NK cell,Xing2021_Lung::SSN27
Xing2021_Lung,Lung,SSN28,T_cell,T cell,Xing2021_Lung::SSN28
Xing2021_Lung,Lung,SSN28,NK_cell,NK cell,Xing2021_Lung::SSN28
Xing2021_Lung,Lung,SSN29,NK_cell,NK cell,Xing2021_Lung::SSN29
Xing2021_Lung,Lung,SSN29,T_cell,T cell,Xing2021_Lung::SSN29
Xing2021_Lung,Lung,SSN30,T_cell,T cell,Xing2021_Lung::SSN30
Xing2021_Lung,Lung,SSN30,NK_cell,NK cell,Xing2021_Lung::SSN30
Xing2021_Lung,Lung,SSN31,T_cell,T cell,Xing2021_Lung::SSN31
Xing2021_Lung,Lung,SSN31,NK_cell,NK cell,Xing2021_Lung::SSN31
Xing2021_Lung,Lung,SSN33,T_cell,T cell,Xing2021_Lung::SSN33
Xing2021_Lung,Lung,SSN33,NK_cell,NK cell,Xing2021_Lung::SSN33
Xing2021_Lung,Lung,NM3C,T_cell,T cell,Xing2021_Lung::NM3C
Xing2021_Lung,Lung,NM3C,NK_cell,NK cell,Xing2021_Lung::NM3C
Xing2021_Lung,Lung,NM3M,T_cell,T cell,Xing2021_Lung::NM3M
Xing2021_Lung,Lung,NM3M,NK_cell,NK cell,Xing2021_Lung::NM3M
Xing2021_Lung,Lung,NM3E,T_cell,T cell,Xing2021_Lung::NM3E
Xing2021_Lung,Lung,NM3E,NK_cell,NK cell,Xing2021_Lung::NM3E
Xing2021_Lung,Lung,NM4C,T_cell,T cell,Xing2021_Lung::NM4C
Xing2021_Lung,Lung,NM4C,NK_cell,NK cell,Xing2021_Lung::NM4C
Xing2021_Lung,Lung,NM4M,T_cell,T cell,Xing2021_Lung::NM4M
Xing2021_Lung,Lung,NM4M,NK_cell,NK cell,Xing2021_Lung::NM4M
Xing2021_Lung,Lung,NM4E,T_cell,T cell,Xing2021_Lung::NM4E
Xing2021_Lung,Lung,NM4E,NK_cell,NK cell,Xing2021_Lung::NM4E
Xing2021_Lung,Lung,NM6C,NK_cell,NK cell,Xing2021_Lung::NM6C
Xing2021_Lung,Lung,NM6C,T_cell,T cell,Xing2021_Lung::NM6C
Xing2021_Lung,Lung,NM6M,T_cell,T cell,Xing2021_Lung::NM6M
Xing2021_Lung,Lung,NM6M,NK_cell,NK cell,Xing2021_Lung::NM6M
Xing2021_Lung,Lung,NM6E,T_cell,T cell,Xing2021_Lung::NM6E
Xing2021_Lung,Lung,NM6E,NK_cell,NK cell,Xing2021_Lung::NM6E
Xing2021_Lung,Lung,NM3N,Macrophage,Macrophage,Xing2021_Lung::NM3N
Xing2021_Lung,Lung,NM3N,Monocyte,Monocyte,Xing2021_Lung::NM3N
Xing2021_Lung,Lung,NM3N,Dendritic,Dendritic,Xing2021_Lung::NM3N
Xing2021_Lung,Lung,NM4N,Macrophage,Macrophage,Xing2021_Lung::NM4N
Xing2021_Lung,Lung,NM4N,Monocyte,Monocyte,Xing2021_Lung::NM4N
Xing2021_Lung,Lung,NM4N,Dendritic,Dendritic,Xing2021_Lung::NM4N
Xing2021_Lung,Lung,NM5N,Macrophage,Macrophage,Xing2021_Lung::NM5N
Xing2021_Lung,Lung,NM5N,Monocyte,Monocyte,Xing2021_Lung::NM5N
Xing2021_Lung,Lung,NM5N,Dendritic,Dendritic,Xing2021_Lung::NM5N
Xing2021_Lung,Lung,NM6N,Macrophage,Macrophage,Xing2021_Lung::NM6N
Xing2021_Lung,Lung,NM6N,Monocyte,Monocyte,Xing2021_Lung::NM6N
Xing2021_Lung,Lung,NM6N,Dendritic,Dendritic,Xing2021_Lung::NM6N
Xing2021_Lung,Lung,NM7N,Macrophage,Macrophage,Xing2021_Lung::NM7N
Xing2021_Lung,Lung,NM7N,Monocyte,Monocyte,Xing2021_Lung::NM7N
Xing2021_Lung,Lung,NM7N,Dendritic,Dendritic,Xing2021_Lung::NM7N
Xing2021_Lung,Lung,NM8N,Macrophage,Macrophage,Xing2021_Lung::NM8N
Xing2021_Lung,Lung,NM8N,Monocyte,Monocyte,Xing2021_Lung::NM8N
Xing2021_Lung,Lung,NM8N,Dendritic,Dendritic,Xing2021_Lung::NM8N
Xing2021_Lung,Lung,SSN05,Macrophage,Macrophage,Xing2021_Lung::SSN05
Xing2021_Lung,Lung,SSN05,Monocyte,Monocyte,Xing2021_Lung::SSN05
Xing2021_Lung,Lung,SSN05,Dendritic,Dendritic,Xing2021_Lung::SSN05
Xing2021_Lung,Lung,SSN09,Macrophage,Macrophage,Xing2021_Lung::SSN09
Xing2021_Lung,Lung,SSN09,Monocyte,Monocyte,Xing2021_Lung::SSN09
Xing2021_Lung,Lung,SSN10,Macrophage,Macrophage,Xing2021_Lung::SSN10
Xing2021_Lung,Lung,SSN10,Monocyte,Monocyte,Xing2021_Lung::SSN10
Xing2021_Lung,Lung,SSN10,Dendritic,Dendritic,Xing2021_Lung::SSN10
Xing2021_Lung,Lung,SSN11,Macrophage,Macrophage,Xing2021_Lung::SSN11
Xing2021_Lung,Lung,SSN11,Monocyte,Monocyte,Xing2021_Lung::SSN11
Xing2021_Lung,Lung,SSN11,Dendritic,Dendritic,Xing2021_Lung::SSN11
Xing2021_Lung,Lung,SSN12,Macrophage,Macrophage,Xing2021_Lung::SSN12
Xing2021_Lung,Lung,SSN12,Monocyte,Monocyte,Xing2021_Lung::SSN12
Xing2021_Lung,Lung,SSN12,Dendritic,Dendritic,Xing2021_Lung::SSN12
Xing2021_Lung,Lung,SSN19,Dendritic,Dendritic,Xing2021_Lung::SSN19
Xing2021_Lung,Lung,SSN19,Macrophage,Macrophage,Xing2021_Lung::SSN19
Xing2021_Lung,Lung,SSN19,Monocyte,Monocyte,Xing2021_Lung::SSN19
Xing2021_Lung,Lung,SSN21,Macrophage,Macrophage,Xing2021_Lung::SSN21
Xing2021_Lung,Lung,SSN21,Monocyte,Monocyte,Xing2021_Lung::SSN21
Xing2021_Lung,Lung,SSN21,Dendritic,Dendritic,Xing2021_Lung::SSN21
Xing2021_Lung,Lung,SSN22,Monocyte,Monocyte,Xing2021_Lung::SSN22
Xing2021_Lung,Lung,SSN22,Macrophage,Macrophage,Xing2021_Lung::SSN22
Xing2021_Lung,Lung,SSN22,Dendritic,Dendritic,Xing2021_Lung::SSN22
Xing2021_Lung,Lung,SSN24,Macrophage,Macrophage,Xing2021_Lung::SSN24
Xing2021_Lung,Lung,SSN24,Monocyte,Monocyte,Xing2021_Lung::SSN24
Xing2021_Lung,Lung,SSN24,Dendritic,Dendritic,Xing2021_Lung::SSN24
Xing2021_Lung,Lung,SSN25,Monocyte,Monocyte,Xing2021_Lung::SSN25
Xing2021_Lung,Lung,SSN25,Macrophage,Macrophage,Xing2021_Lung::SSN25
Xing2021_Lung,Lung,SSN25,Dendritic,Dendritic,Xing2021_Lung::SSN25
Xing2021_Lung,Lung,SSN27,Macrophage,Macrophage,Xing2021_Lung::SSN27
Xing2021_Lung,Lung,SSN27,Monocyte,Monocyte,Xing2021_Lung::SSN27
Xing2021_Lung,Lung,SSN27,Dendritic,Dendritic,Xing2021_Lung::SSN27
Xing2021_Lung,Lung,SSN28,Macrophage,Macrophage,Xing2021_Lung::SSN28
Xing2021_Lung,Lung,SSN28,Monocyte,Monocyte,Xing2021_Lung::SSN28
Xing2021_Lung,Lung,SSN28,Dendritic,Dendritic,Xing2021_Lung::SSN28
Xing2021_Lung,Lung,SSN29,Macrophage,Macrophage,Xing2021_Lung::SSN29
Xing2021_Lung,Lung,SSN29,Monocyte,Monocyte,Xing2021_Lung::SSN29
Xing2021_Lung,Lung,SSN29,Dendritic,Dendritic,Xing2021_Lung::SSN29
Xing2021_Lung,Lung,SSN30,Macrophage,Macrophage,Xing2021_Lung::SSN30
Xing2021_Lung,Lung,SSN30,Monocyte,Monocyte,Xing2021_Lung::SSN30
Xing2021_Lung,Lung,SSN30,Dendritic,Dendritic,Xing2021_Lung::SSN30
Xing2021_Lung,Lung,SSN31,Macrophage,Macrophage,Xing2021_Lung::SSN31
Xing2021_Lung,Lung,SSN31,Dendritic,Dendritic,Xing2021_Lung::SSN31
Xing2021_Lung,Lung,SSN31,Monocyte,Monocyte,Xing2021_Lung::SSN31
Xing2021_Lung,Lung,SSN33,Macrophage,Macrophage,Xing2021_Lung::SSN33
Xing2021_Lung,Lung,SSN33,Monocyte,Monocyte,Xing2021_Lung::SSN33
Xing2021_Lung,Lung,NM3C,Macrophage,Macrophage,Xing2021_Lung::NM3C
Xing2021_Lung,Lung,NM3C,Monocyte,Monocyte,Xing2021_Lung::NM3C
Xing2021_Lung,Lung,NM3C,Dendritic,Dendritic,Xing2021_Lung::NM3C
Xing2021_Lung,Lung,NM3M,Macrophage,Macrophage,Xing2021_Lung::NM3M
Xing2021_Lung,Lung,NM3M,Dendritic,Dendritic,Xing2021_Lung::NM3M
Xing2021_Lung,Lung,NM3M,Monocyte,Monocyte,Xing2021_Lung::NM3M
Xing2021_Lung,Lung,NM3E,Macrophage,Macrophage,Xing2021_Lung::NM3E
Xing2021_Lung,Lung,NM3E,Monocyte,Monocyte,Xing2021_Lung::NM3E
Xing2021_Lung,Lung,NM3E,Dendritic,Dendritic,Xing2021_Lung::NM3E
Xing2021_Lung,Lung,NM4C,Macrophage,Macrophage,Xing2021_Lung::NM4C
Xing2021_Lung,Lung,NM4C,Monocyte,Monocyte,Xing2021_Lung::NM4C
Xing2021_Lung,Lung,NM4C,Dendritic,Dendritic,Xing2021_Lung::NM4C
Xing2021_Lung,Lung,NM4M,Macrophage,Macrophage,Xing2021_Lung::NM4M
Xing2021_Lung,Lung,NM4M,Monocyte,Monocyte,Xing2021_Lung::NM4M
Xing2021_Lung,Lung,NM4M,Dendritic,Dendritic,Xing2021_Lung::NM4M
Xing2021_Lung,Lung,NM4E,Macrophage,Macrophage,Xing2021_Lung::NM4E
Xing2021_Lung,Lung,NM4E,Monocyte,Monocyte,Xing2021_Lung::NM4E
Xing2021_Lung,Lung,NM4E,Dendritic,Dendritic,Xing2021_Lung::NM4E
Xing2021_Lung,Lung,NM6C,Macrophage,Macrophage,Xing2021_Lung::NM6C
Xing2021_Lung,Lung,NM6M,Macrophage,Macrophage,Xing2021_Lung::NM6M
Xing2021_Lung,Lung,NM6M,Monocyte,Monocyte,Xing2021_Lung::NM6M
Xing2021_Lung,Lung,NM6M,Dendritic,Dendritic,Xing2021_Lung::NM6M
Xing2021_Lung,Lung,NM6E,Macrophage,Macrophage,Xing2021_Lung::NM6E
Xing2021_Lung,Lung,NM6E,Monocyte,Monocyte,Xing2021_Lung::NM6E
Xing2021_Lung,Lung,NM6E,Dendritic,Dendritic,Xing2021_Lung::NM6E
Xing2021_Lung,Lung,NM3N,Epithelial,Epithelial,Xing2021_Lung::NM3N
Xing2021_Lung,Lung,NM4N,Epithelial,Epithelial,Xing2021_Lung::NM4N
Xing2021_Lung,Lung,NM5N,Epithelial,Epithelial,Xing2021_Lung::NM5N
Xing2021_Lung,Lung,NM6N,Epithelial,Epithelial,Xing2021_Lung::NM6N
Xing2021_Lung,Lung,NM7N,Epithelial,Epithelial,Xing2021_Lung::NM7N
Xing2021_Lung,Lung,NM8N,Epithelial,Epithelial,Xing2021_Lung::NM8N
Xing2021_Lung,Lung,SSN05,Epithelial,Epithelial,Xing2021_Lung::SSN05
Xing2021_Lung,Lung,SSN05,Malignant,Malignant,Xing2021_Lung::SSN05
Xing2021_Lung,Lung,SSN09,Epithelial,Epithelial,Xing2021_Lung::SSN09
Xing2021_Lung,Lung,SSN09,Malignant,Malignant,Xing2021_Lung::SSN09
Xing2021_Lung,Lung,SSN10,Epithelial,Epithelial,Xing2021_Lung::SSN10
Xing2021_Lung,Lung,SSN10,Malignant,Malignant,Xing2021_Lung::SSN10
Xing2021_Lung,Lung,SSN11,Epithelial,Epithelial,Xing2021_Lung::SSN11
Xing2021_Lung,Lung,SSN11,Malignant,Malignant,Xing2021_Lung::SSN11
Xing2021_Lung,Lung,SSN12,Malignant,Malignant,Xing2021_Lung::SSN12
Xing2021_Lung,Lung,SSN12,Epithelial,Epithelial,Xing2021_Lung::SSN12
Xing2021_Lung,Lung,SSN19,Malignant,Malignant,Xing2021_Lung::SSN19
Xing2021_Lung,Lung,SSN19,Epithelial,Epithelial,Xing2021_Lung::SSN19
Xing2021_Lung,Lung,SSN21,Malignant,Malignant,Xing2021_Lung::SSN21
Xing2021_Lung,Lung,SSN21,Epithelial,Epithelial,Xing2021_Lung::SSN21
Xing2021_Lung,Lung,SSN22,Malignant,Malignant,Xing2021_Lung::SSN22
Xing2021_Lung,Lung,SSN22,Epithelial,Epithelial,Xing2021_Lung::SSN22
Xing2021_Lung,Lung,SSN24,Epithelial,Epithelial,Xing2021_Lung::SSN24
Xing2021_Lung,Lung,SSN24,Malignant,Malignant,Xing2021_Lung::SSN24
Xing2021_Lung,Lung,SSN25,Malignant,Malignant,Xing2021_Lung::SSN25
Xing2021_Lung,Lung,SSN25,Epithelial,Epithelial,Xing2021_Lung::SSN25
Xing2021_Lung,Lung,SSN27,Epithelial,Epithelial,Xing2021_Lung::SSN27
Xing2021_Lung,Lung,SSN27,Malignant,Malignant,Xing2021_Lung::SSN27
Xing2021_Lung,Lung,SSN28,Malignant,Malignant,Xing2021_Lung::SSN28
Xing2021_Lung,Lung,SSN28,Epithelial,Epithelial,Xing2021_Lung::SSN28
Xing2021_Lung,Lung,SSN29,Malignant,Malignant,Xing2021_Lung::SSN29
Xing2021_Lung,Lung,SSN29,Epithelial,Epithelial,Xing2021_Lung::SSN29
Xing2021_Lung,Lung,SSN30,Epithelial,Epithelial,Xing2021_Lung::SSN30
Xing2021_Lung,Lung,SSN30,Malignant,Malignant,Xing2021_Lung::SSN30
Xing2021_Lung,Lung,SSN31,Epithelial,Epithelial,Xing2021_Lung::SSN31
Xing2021_Lung,Lung,SSN31,Malignant,Malignant,Xing2021_Lung::SSN31
Xing2021_Lung,Lung,SSN33,Epithelial,Epithelial,Xing2021_Lung::SSN33
Xing2021_Lung,Lung,SSN33,Malignant,Malignant,Xing2021_Lung::SSN33
Xing2021_Lung,Lung,NM3C,Epithelial,Epithelial,Xing2021_Lung::NM3C
Xing2021_Lung,Lung,NM3C,Malignant,Malignant,Xing2021_Lung::NM3C
Xing2021_Lung,Lung,NM3M,Epithelial,Epithelial,Xing2021_Lung::NM3M
Xing2021_Lung,Lung,NM3M,Malignant,Malignant,Xing2021_Lung::NM3M
Xing2021_Lung,Lung,NM3E,Epithelial,Epithelial,Xing2021_Lung::NM3E
Xing2021_Lung,Lung,NM3E,Malignant,Malignant,Xing2021_Lung::NM3E
Xing2021_Lung,Lung,NM4C,Epithelial,Epithelial,Xing2021_Lung::NM4C
Xing2021_Lung,Lung,NM4C,Malignant,Malignant,Xing2021_Lung::NM4C
Xing2021_Lung,Lung,NM4M,Epithelial,Epithelial,Xing2021_Lung::NM4M
Xing2021_Lung,Lung,NM4E,Epithelial,Epithelial,Xing2021_Lung::NM4E
Xing2021_Lung,Lung,NM6C,Epithelial,Epithelial,Xing2021_Lung::NM6C
Xing2021_Lung,Lung,NM6C,Malignant,Malignant,Xing2021_Lung::NM6C
Xing2021_Lung,Lung,NM6M,Epithelial,Epithelial,Xing2021_Lung::NM6M
Xing2021_Lung,Lung,NM6M,Malignant,Malignant,Xing2021_Lung::NM6M
Xing2021_Lung,Lung,NM6E,Epithelial,Epithelial,Xing2021_Lung::NM6E
Xing2021_Lung,Lung,NM6E,Malignant,Malignant,Xing2021_Lung::NM6E
Xing2021_Lung,Lung,SSN09,Dendritic,Dendritic,Xing2021_Lung::SSN09
Xing2021_Lung,Lung,SSN10,Granulocytes,Granulocytes,Xing2021_Lung::SSN10
Xing2021_Lung,Lung,SSN11,Granulocytes,Granulocytes,Xing2021_Lung::SSN11
Xing2021_Lung,Lung,SSN22,Granulocytes,Granulocytes,Xing2021_Lung::SSN22
Xing2021_Lung,Lung,SSN24,Granulocytes,Granulocytes,Xing2021_Lung::SSN24
Xing2021_Lung,Lung,SSN29,Granulocytes,Granulocytes,Xing2021_Lung::SSN29
Xing2021_Lung,Lung,SSN31,Granulocytes,Granulocytes,Xing2021_Lung::SSN31
Xing2021_Lung,Lung,SSN33,Dendritic,Dendritic,Xing2021_Lung::SSN33
Xing2021_Lung,Lung,NM6C,Dendritic,Dendritic,Xing2021_Lung::NM6C
Xing2021_Lung,Lung,NM3N,B_cell,B cell,Xing2021_Lung::NM3N
Xing2021_Lung,Lung,NM4N,B_cell,B cell,Xing2021_Lung::NM4N
Xing2021_Lung,Lung,NM5N,B_cell,B cell,Xing2021_Lung::NM5N
Xing2021_Lung,Lung,NM6N,B_cell,B cell,Xing2021_Lung::NM6N
Xing2021_Lung,Lung,NM7N,B_cell,B cell,Xing2021_Lung::NM7N
Xing2021_Lung,Lung,NM8N,B_cell,B cell,Xing2021_Lung::NM8N
Xing2021_Lung,Lung,SSN05,B_cell,B cell,Xing2021_Lung::SSN05
Xing2021_Lung,Lung,SSN09,B_cell,B cell,Xing2021_Lung::SSN09
Xing2021_Lung,Lung,SSN10,B_cell,B cell,Xing2021_Lung::SSN10
Xing2021_Lung,Lung,SSN11,B_cell,B cell,Xing2021_Lung::SSN11
Xing2021_Lung,Lung,SSN12,B_cell,B cell,Xing2021_Lung::SSN12
Xing2021_Lung,Lung,SSN19,B_cell,B cell,Xing2021_Lung::SSN19
Xing2021_Lung,Lung,SSN21,B_cell,B cell,Xing2021_Lung::SSN21
Xing2021_Lung,Lung,SSN22,B_cell,B cell,Xing2021_Lung::SSN22
Xing2021_Lung,Lung,SSN24,B_cell,B cell,Xing2021_Lung::SSN24
Xing2021_Lung,Lung,SSN25,B_cell,B cell,Xing2021_Lung::SSN25
Xing2021_Lung,Lung,SSN27,B_cell,B cell,Xing2021_Lung::SSN27
Xing2021_Lung,Lung,SSN28,B_cell,B cell,Xing2021_Lung::SSN28
Xing2021_Lung,Lung,SSN29,B_cell,B cell,Xing2021_Lung::SSN29
Xing2021_Lung,Lung,SSN30,B_cell,B cell,Xing2021_Lung::SSN30
Xing2021_Lung,Lung,SSN31,B_cell,B cell,Xing2021_Lung::SSN31
Xing2021_Lung,Lung,SSN33,B_cell,B cell,Xing2021_Lung::SSN33
Xing2021_Lung,Lung,NM3C,B_cell,B cell,Xing2021_Lung::NM3C
Xing2021_Lung,Lung,NM3M,B_cell,B cell,Xing2021_Lung::NM3M
Xing2021_Lung,Lung,NM3E,B_cell,B cell,Xing2021_Lung::NM3E
Xing2021_Lung,Lung,NM4C,B_cell,B cell,Xing2021_Lung::NM4C
Xing2021_Lung,Lung,NM4M,B_cell,B cell,Xing2021_Lung::NM4M
Xing2021_Lung,Lung,NM4E,B_cell,B cell,Xing2021_Lung::NM4E
Xing2021_Lung,Lung,NM6C,B_cell,B cell,Xing2021_Lung::NM6C
Xing2021_Lung,Lung,NM6M,B_cell,B cell,Xing2021_Lung::NM6M
Xing2021_Lung,Lung,NM6E,B_cell,B cell,Xing2021_Lung::NM6E
Xing2021_Lung,Lung,NM4M,Malignant,Malignant,Xing2021_Lung::NM4M
Xing2021_Lung,Lung,NM4E,Malignant,Malignant,Xing2021_Lung::NM4E
Xing2021_Lung,Lung,NM3N,Endothelial,Endothelial,Xing2021_Lung::NM3N
Xing2021_Lung,Lung,NM4N,Endothelial,Endothelial,Xing2021_Lung::NM4N
Xing2021_Lung,Lung,NM5N,Endothelial,Endothelial,Xing2021_Lung::NM5N
Xing2021_Lung,Lung,NM6N,Endothelial,Endothelial,Xing2021_Lung::NM6N
Xing2021_Lung,Lung,NM7N,Endothelial,Endothelial,Xing2021_Lung::NM7N
Xing2021_Lung,Lung,NM8N,Endothelial,Endothelial,Xing2021_Lung::NM8N
Xing2021_Lung,Lung,SSN05,Endothelial,Endothelial,Xing2021_Lung::SSN05
Xing2021_Lung,Lung,SSN09,Endothelial,Endothelial,Xing2021_Lung::SSN09
Xing2021_Lung,Lung,SSN10,Endothelial,Endothelial,Xing2021_Lung::SSN10
Xing2021_Lung,Lung,SSN11,Endothelial,Endothelial,Xing2021_Lung::SSN11
Xing2021_Lung,Lung,SSN12,Endothelial,Endothelial,Xing2021_Lung::SSN12
Xing2021_Lung,Lung,SSN19,Endothelial,Endothelial,Xing2021_Lung::SSN19
Xing2021_Lung,Lung,SSN21,Endothelial,Endothelial,Xing2021_Lung::SSN21
Xing2021_Lung,Lung,SSN22,Endothelial,Endothelial,Xing2021_Lung::SSN22
Xing2021_Lung,Lung,SSN24,Endothelial,Endothelial,Xing2021_Lung::SSN24
Xing2021_Lung,Lung,SSN25,Endothelial,Endothelial,Xing2021_Lung::SSN25
Xing2021_Lung,Lung,SSN27,Endothelial,Endothelial,Xing2021_Lung::SSN27
Xing2021_Lung,Lung,SSN28,Endothelial,Endothelial,Xing2021_Lung::SSN28
Xing2021_Lung,Lung,SSN29,Endothelial,Endothelial,Xing2021_Lung::SSN29
Xing2021_Lung,Lung,SSN30,Endothelial,Endothelial,Xing2021_Lung::SSN30
Xing2021_Lung,Lung,SSN31,Endothelial,Endothelial,Xing2021_Lung::SSN31
Xing2021_Lung,Lung,SSN33,Endothelial,Endothelial,Xing2021_Lung::SSN33
Xing2021_Lung,Lung,NM3C,Endothelial,Endothelial,Xing2021_Lung::NM3C
Xing2021_Lung,Lung,NM3M,Endothelial,Endothelial,Xing2021_Lung::NM3M
Xing2021_Lung,Lung,NM3E,Endothelial,Endothelial,Xing2021_Lung::NM3E
Xing2021_Lung,Lung,NM4C,Endothelial,Endothelial,Xing2021_Lung::NM4C
Xing2021_Lung,Lung,NM4M,Endothelial,Endothelial,Xing2021_Lung::NM4M
Xing2021_Lung,Lung,NM4E,Endothelial,Endothelial,Xing2021_Lung::NM4E
Xing2021_Lung,Lung,NM6C,Endothelial,Endothelial,Xing2021_Lung::NM6C
Xing2021_Lung,Lung,NM6M,Endothelial,Endothelial,Xing2021_Lung::NM6M
Xing2021_Lung,Lung,NM6E,Endothelial,Endothelial,Xing2021_Lung::NM6E
Xing2021_Lung,Lung,NM3N,Mast,Mast,Xing2021_Lung::NM3N
Xing2021_Lung,Lung,NM4N,Mast,Mast,Xing2021_Lung::NM4N
Xing2021_Lung,Lung,NM5N,Mast,Mast,Xing2021_Lung::NM5N
Xing2021_Lung,Lung,NM6N,Mast,Mast,Xing2021_Lung::NM6N
Xing2021_Lung,Lung,NM7N,Mast,Mast,Xing2021_Lung::NM7N
Xing2021_Lung,Lung,NM8N,Mast,Mast,Xing2021_Lung::NM8N
Xing2021_Lung,Lung,SSN05,Mast,Mast,Xing2021_Lung::SSN05
Xing2021_Lung,Lung,SSN09,Mast,Mast,Xing2021_Lung::SSN09
Xing2021_Lung,Lung,SSN10,Mast,Mast,Xing2021_Lung::SSN10
Xing2021_Lung,Lung,SSN11,Mast,Mast,Xing2021_Lung::SSN11
Xing2021_Lung,Lung,SSN12,Mast,Mast,Xing2021_Lung::SSN12
Xing2021_Lung,Lung,SSN19,Mast,Mast,Xing2021_Lung::SSN19
Xing2021_Lung,Lung,SSN21,Mast,Mast,Xing2021_Lung::SSN21
Xing2021_Lung,Lung,SSN22,Mast,Mast,Xing2021_Lung::SSN22
Xing2021_Lung,Lung,SSN24,Mast,Mast,Xing2021_Lung::SSN24
Xing2021_Lung,Lung,SSN25,Mast,Mast,Xing2021_Lung::SSN25
Xing2021_Lung,Lung,SSN27,Mast,Mast,Xing2021_Lung::SSN27
Xing2021_Lung,Lung,SSN28,Mast,Mast,Xing2021_Lung::SSN28
Xing2021_Lung,Lung,SSN29,Mast,Mast,Xing2021_Lung::SSN29
Xing2021_Lung,Lung,SSN30,Mast,Mast,Xing2021_Lung::SSN30
Xing2021_Lung,Lung,SSN31,Mast,Mast,Xing2021_Lung::SSN31
Xing2021_Lung,Lung,SSN33,Mast,Mast,Xing2021_Lung::SSN33
Xing2021_Lung,Lung,NM3C,Mast,Mast,Xing2021_Lung::NM3C
Xing2021_Lung,Lung,NM3M,Mast,Mast,Xing2021_Lung::NM3M
Xing2021_Lung,Lung,NM3E,Mast,Mast,Xing2021_Lung::NM3E
Xing2021_Lung,Lung,NM4C,Mast,Mast,Xing2021_Lung::NM4C
Xing2021_Lung,Lung,NM4M,Mast,Mast,Xing2021_Lung::NM4M
Xing2021_Lung,Lung,NM4E,Mast,Mast,Xing2021_Lung::NM4E
Xing2021_Lung,Lung,NM6C,Mast,Mast,Xing2021_Lung::NM6C
Xing2021_Lung,Lung,NM6M,Mast,Mast,Xing2021_Lung::NM6M
Xing2021_Lung,Lung,NM6E,Mast,Mast,Xing2021_Lung::NM6E
Xing2021_Lung,Lung,NM3N,Fibroblast,Fibroblast,Xing2021_Lung::NM3N
Xing2021_Lung,Lung,NM4N,Fibroblast,Fibroblast,Xing2021_Lung::NM4N
Xing2021_Lung,Lung,NM5N,Fibroblast,Fibroblast,Xing2021_Lung::NM5N
Xing2021_Lung,Lung,NM6N,Fibroblast,Fibroblast,Xing2021_Lung::NM6N
Xing2021_Lung,Lung,NM7N,Fibroblast,Fibroblast,Xing2021_Lung::NM7N
Xing2021_Lung,Lung,NM8N,Fibroblast,Fibroblast,Xing2021_Lung::NM8N
Xing2021_Lung,Lung,SSN05,Fibroblast,Fibroblast,Xing2021_Lung::SSN05
Xing2021_Lung,Lung,SSN09,Fibroblast,Fibroblast,Xing2021_Lung::SSN09
Xing2021_Lung,Lung,SSN10,Fibroblast,Fibroblast,Xing2021_Lung::SSN10
Xing2021_Lung,Lung,SSN11,Fibroblast,Fibroblast,Xing2021_Lung::SSN11
Xing2021_Lung,Lung,SSN12,Fibroblast,Fibroblast,Xing2021_Lung::SSN12
Xing2021_Lung,Lung,SSN19,Fibroblast,Fibroblast,Xing2021_Lung::SSN19
Xing2021_Lung,Lung,SSN21,Fibroblast,Fibroblast,Xing2021_Lung::SSN21
Xing2021_Lung,Lung,SSN22,Fibroblast,Fibroblast,Xing2021_Lung::SSN22
Xing2021_Lung,Lung,SSN24,Fibroblast,Fibroblast,Xing2021_Lung::SSN24
Xing2021_Lung,Lung,SSN25,Fibroblast,Fibroblast,Xing2021_Lung::SSN25
Xing2021_Lung,Lung,SSN27,Fibroblast,Fibroblast,Xing2021_Lung::SSN27
Xing2021_Lung,Lung,SSN28,Fibroblast,Fibroblast,Xing2021_Lung::SSN28
Xing2021_Lung,Lung,SSN29,Fibroblast,Fibroblast,Xing2021_Lung::SSN29
Xing2021_Lung,Lung,SSN30,Fibroblast,Fibroblast,Xing2021_Lung::SSN30
Xing2021_Lung,Lung,SSN31,Fibroblast,Fibroblast,Xing2021_Lung::SSN31
Xing2021_Lung,Lung,SSN33,Fibroblast,Fibroblast,Xing2021_Lung::SSN33
Xing2021_Lung,Lung,NM3C,Fibroblast,Fibroblast,Xing2021_Lung::NM3C
Xing2021_Lung,Lung,NM3M,Fibroblast,Fibroblast,Xing2021_Lung::NM3M
Xing2021_Lung,Lung,NM3E,Fibroblast,Fibroblast,Xing2021_Lung::NM3E
Xing2021_Lung,Lung,NM4C,Fibroblast,Fibroblast,Xing2021_Lung::NM4C
Xing2021_Lung,Lung,NM4M,Fibroblast,Fibroblast,Xing2021_Lung::NM4M
Xing2021_Lung,Lung,NM4E,Fibroblast,Fibroblast,Xing2021_Lung::NM4E
Xing2021_Lung,Lung,NM6C,Fibroblast,Fibroblast,Xing2021_Lung::NM6C
Xing2021_Lung,Lung,NM6M,Fibroblast,Fibroblast,Xing2021_Lung::NM6M
Xing2021_Lung,Lung,NM6E,Fibroblast,Fibroblast,Xing2021_Lung::NM6E
Xing2021_Lung,Lung,NM3N,Granulocytes,Granulocytes,Xing2021_Lung::NM3N
Xing2021_Lung,Lung,NM5N,Granulocytes,Granulocytes,Xing2021_Lung::NM5N
Xing2021_Lung,Lung,NM6N,Granulocytes,Granulocytes,Xing2021_Lung::NM6N
Xing2021_Lung,Lung,NM7N,Granulocytes,Granulocytes,Xing2021_Lung::NM7N
Xing2021_Lung,Lung,SSN05,Granulocytes,Granulocytes,Xing2021_Lung::SSN05
Xing2021_Lung,Lung,SSN09,Granulocytes,Granulocytes,Xing2021_Lung::SSN09
Xing2021_Lung,Lung,SSN12,Granulocytes,Granulocytes,Xing2021_Lung::SSN12
Xing2021_Lung,Lung,SSN21,Granulocytes,Granulocytes,Xing2021_Lung::SSN21
Xing2021_Lung,Lung,SSN25,Granulocytes,Granulocytes,Xing2021_Lung::SSN25
Xing2021_Lung,Lung,NM3E,Granulocytes,Granulocytes,Xing2021_Lung::NM3E
Xing2021_Lung,Lung,NM6C,Monocyte,Monocyte,Xing2021_Lung::NM6C
Xing2021_Lung,Lung,NM6C,Granulocytes,Granulocytes,Xing2021_Lung::NM6C
Xing2021_Lung,Lung,NM6E,Granulocytes,Granulocytes,Xing2021_Lung::NM6E
Xing2021_Lung,Lung,NM3N,Erythroblast,Erythroblast,Xing2021_Lung::NM3N
Xing2021_Lung,Lung,NM4N,Erythroblast,Erythroblast,Xing2021_Lung::NM4N
Xing2021_Lung,Lung,NM5N,Erythroblast,Erythroblast,Xing2021_Lung::NM5N
Xing2021_Lung,Lung,NM6N,Erythroblast,Erythroblast,Xing2021_Lung::NM6N
Xing2021_Lung,Lung,NM7N,Erythroblast,Erythroblast,Xing2021_Lung::NM7N
Xing2021_Lung,Lung,NM8N,Erythroblast,Erythroblast,Xing2021_Lung::NM8N
Xing2021_Lung,Lung,SSN05,Erythroblast,Erythroblast,Xing2021_Lung::SSN05
Xing2021_Lung,Lung,SSN09,Erythroblast,Erythroblast,Xing2021_Lung::SSN09
Xing2021_Lung,Lung,SSN10,Erythroblast,Erythroblast,Xing2021_Lung::SSN10
Xing2021_Lung,Lung,SSN11,Erythroblast,Erythroblast,Xing2021_Lung::SSN11
Xing2021_Lung,Lung,SSN12,Erythroblast,Erythroblast,Xing2021_Lung::SSN12
Xing2021_Lung,Lung,SSN21,Erythroblast,Erythroblast,Xing2021_Lung::SSN21
Xing2021_Lung,Lung,SSN22,Erythroblast,Erythroblast,Xing2021_Lung::SSN22
Xing2021_Lung,Lung,SSN24,Erythroblast,Erythroblast,Xing2021_Lung::SSN24
Xing2021_Lung,Lung,SSN25,Erythroblast,Erythroblast,Xing2021_Lung::SSN25
Xing2021_Lung,Lung,SSN27,Erythroblast,Erythroblast,Xing2021_Lung::SSN27
Xing2021_Lung,Lung,SSN28,Erythroblast,Erythroblast,Xing2021_Lung::SSN28
Xing2021_Lung,Lung,SSN29,Erythroblast,Erythroblast,Xing2021_Lung::SSN29
Xing2021_Lung,Lung,SSN30,Erythroblast,Erythroblast,Xing2021_Lung::SSN30
Xing2021_Lung,Lung,SSN31,Erythroblast,Erythroblast,Xing2021_Lung::SSN31
Xing2021_Lung,Lung,SSN33,Erythroblast,Erythroblast,Xing2021_Lung::SSN33
Xing2021_Lung,Lung,NM3C,Erythroblast,Erythroblast,Xing2021_Lung::NM3C
Xing2021_Lung,Lung,NM3M,Erythroblast,Erythroblast,Xing2021_Lung::NM3M
Xing2021_Lung,Lung,NM4C,Erythroblast,Erythroblast,Xing2021_Lung::NM4C
Xing2021_Lung,Lung,NM4M,Erythroblast,Erythroblast,Xing2021_Lung::NM4M
Xing2021_Lung,Lung,NM6C,Erythroblast,Erythroblast,Xing2021_Lung::NM6C
Xing2021_Lung,Lung,NM6M,Erythroblast,Erythroblast,Xing2021_Lung::NM6M
Xing2021_Lung,Lung,NM6E,Erythroblast,Erythroblast,Xing2021_Lung::NM6E
Zilionis2019_Lung,Lung,p1,B_cell,B cell,Zilionis2019_Lung::p1
Zilionis2019_Lung,Lung,p4,B_cell,B cell,Zilionis2019_Lung::p4
Zilionis2019_Lung,Lung,p6,B_cell,B cell,Zilionis2019_Lung::p6
Zilionis2019_Lung,Lung,p3,B_cell,B cell,Zilionis2019_Lung::p3
Zilionis2019_Lung,Lung,p7,B_cell,B cell,Zilionis2019_Lung::p7
Zilionis2019_Lung,Lung,p2,B_cell,B cell,Zilionis2019_Lung::p2
Zilionis2019_Lung,Lung,p5,B_cell,B cell,Zilionis2019_Lung::p5
Zilionis2019_Lung,Lung,p1,T_cell,T cell,Zilionis2019_Lung::p1
Zilionis2019_Lung,Lung,p4,T_cell,T cell,Zilionis2019_Lung::p4
Zilionis2019_Lung,Lung,p6,T_cell,T cell,Zilionis2019_Lung::p6
Zilionis2019_Lung,Lung,p3,T_cell,T cell,Zilionis2019_Lung::p3
Zilionis2019_Lung,Lung,p7,T_cell,T cell,Zilionis2019_Lung::p7
Zilionis2019_Lung,Lung,p2,T_cell,T cell,Zilionis2019_Lung::p2
Zilionis2019_Lung,Lung,p5,T_cell,T cell,Zilionis2019_Lung::p5
Zilionis2019_Lung,Lung,p1,Dendritic,Dendritic,Zilionis2019_Lung::p1
Zilionis2019_Lung,Lung,p4,Dendritic,Dendritic,Zilionis2019_Lung::p4
Zilionis2019_Lung,Lung,p6,Dendritic,Dendritic,Zilionis2019_Lung::p6
Zilionis2019_Lung,Lung,p3,Dendritic,Dendritic,Zilionis2019_Lung::p3
Zilionis2019_Lung,Lung,p7,Dendritic,Dendritic,Zilionis2019_Lung::p7
Zilionis2019_Lung,Lung,p2,Dendritic,Dendritic,Zilionis2019_Lung::p2
Zilionis2019_Lung,Lung,p5,Dendritic,Dendritic,Zilionis2019_Lung::p5
Zilionis2019_Lung,Lung,p1,Endothelial,Endothelial,Zilionis2019_Lung::p1
Zilionis2019_Lung,Lung,p4,Endothelial,Endothelial,Zilionis2019_Lung::p4
Zilionis2019_Lung,Lung,p6,Endothelial,Endothelial,Zilionis2019_Lung::p6
Zilionis2019_Lung,Lung,p3,Endothelial,Endothelial,Zilionis2019_Lung::p3
Zilionis2019_Lung,Lung,p7,Endothelial,Endothelial,Zilionis2019_Lung::p7
Zilionis2019_Lung,Lung,p2,Endothelial,Endothelial,Zilionis2019_Lung::p2
Zilionis2019_Lung,Lung,p5,Endothelial,Endothelial,Zilionis2019_Lung::p5
Zilionis2019_Lung,Lung,p1,Fibroblast,Fibroblast,Zilionis2019_Lung::p1
Zilionis2019_Lung,Lung,p4,Fibroblast,Fibroblast,Zilionis2019_Lung::p4
Zilionis2019_Lung,Lung,p6,Fibroblast,Fibroblast,Zilionis2019_Lung::p6
Zilionis2019_Lung,Lung,p3,Fibroblast,Fibroblast,Zilionis2019_Lung::p3
Zilionis2019_Lung,Lung,p7,Fibroblast,Fibroblast,Zilionis2019_Lung::p7
Zilionis2019_Lung,Lung,p2,Fibroblast,Fibroblast,Zilionis2019_Lung::p2
Zilionis2019_Lung,Lung,p5,Fibroblast,Fibroblast,Zilionis2019_Lung::p5
Zilionis2019_Lung,Lung,p1,Malignant,Malignant,Zilionis2019_Lung::p1
Zilionis2019_Lung,Lung,p4,Malignant,Malignant,Zilionis2019_Lung::p4
Zilionis2019_Lung,Lung,p6,Malignant,Malignant,Zilionis2019_Lung::p6
Zilionis2019_Lung,Lung,p3,Malignant,Malignant,Zilionis2019_Lung::p3
Zilionis2019_Lung,Lung,p7,Malignant,Malignant,Zilionis2019_Lung::p7
Zilionis2019_Lung,Lung,p2,Malignant,Malignant,Zilionis2019_Lung::p2
Zilionis2019_Lung,Lung,p5,Malignant,Malignant,Zilionis2019_Lung::p5
Zilionis2019_Lung,Lung,p1,Mast,Mast,Zilionis2019_Lung::p1
Zilionis2019_Lung,Lung,p4,Mast,Mast,Zilionis2019_Lung::p4
Zilionis2019_Lung,Lung,p6,Mast,Mast,Zilionis2019_Lung::p6
Zilionis2019_Lung,Lung,p3,Mast,Mast,Zilionis2019_Lung::p3
Zilionis2019_Lung,Lung,p7,Mast,Mast,Zilionis2019_Lung::p7
Zilionis2019_Lung,Lung,p2,Mast,Mast,Zilionis2019_Lung::p2
Zilionis2019_Lung,Lung,p5,Mast,Mast,Zilionis2019_Lung::p5
Zilionis2019_Lung,Lung,p1,Monocyte,Monocyte,Zilionis2019_Lung::p1
Zilionis2019_Lung,Lung,p1,Macrophage,Macrophage,Zilionis2019_Lung::p1
Zilionis2019_Lung,Lung,p4,Macrophage,Macrophage,Zilionis2019_Lung::p4
Zilionis2019_Lung,Lung,p4,Monocyte,Monocyte,Zilionis2019_Lung::p4
Zilionis2019_Lung,Lung,p6,Macrophage,Macrophage,Zilionis2019_Lung::p6
Zilionis2019_Lung,Lung,p6,Monocyte,Monocyte,Zilionis2019_Lung::p6
Zilionis2019_Lung,Lung,p3,Monocyte,Monocyte,Zilionis2019_Lung::p3
Zilionis2019_Lung,Lung,p3,Macrophage,Macrophage,Zilionis2019_Lung::p3
Zilionis2019_Lung,Lung,p7,Macrophage,Macrophage,Zilionis2019_Lung::p7
Zilionis2019_Lung,Lung,p7,Monocyte,Monocyte,Zilionis2019_Lung::p7
Zilionis2019_Lung,Lung,p2,Monocyte,Monocyte,Zilionis2019_Lung::p2
Zilionis2019_Lung,Lung,p2,Macrophage,Macrophage,Zilionis2019_Lung::p2
Zilionis2019_Lung,Lung,p5,Macrophage,Macrophage,Zilionis2019_Lung::p5
Zilionis2019_Lung,Lung,p5,Monocyte,Monocyte,Zilionis2019_Lung::p5
Zilionis2019_Lung,Lung,p1,Neutrophil,Neutrophil,Zilionis2019_Lung::p1
Zilionis2019_Lung,Lung,p4,Neutrophil,Neutrophil,Zilionis2019_Lung::p4
Zilionis2019_Lung,Lung,p6,Neutrophil,Neutrophil,Zilionis2019_Lung::p6
Zilionis2019_Lung,Lung,p3,Neutrophil,Neutrophil,Zilionis2019_Lung::p3
Zilionis2019_Lung,Lung,p7,Neutrophil,Neutrophil,Zilionis2019_Lung::p7
Zilionis2019_Lung,Lung,p2,Neutrophil,Neutrophil,Zilionis2019_Lung::p2
Zilionis2019_Lung,Lung,p1,NK_cell,NK cell,Zilionis2019_Lung::p1
Zilionis2019_Lung,Lung,p4,NK_cell,NK cell,Zilionis2019_Lung::p4
Zilionis2019_Lung,Lung,p6,NK_cell,NK cell,Zilionis2019_Lung::p6
Zilionis2019_Lung,Lung,p3,NK_cell,NK cell,Zilionis2019_Lung::p3
Zilionis2019_Lung,Lung,p7,NK_cell,NK cell,Zilionis2019_Lung::p7
Zilionis2019_Lung,Lung,p2,NK_cell,NK cell,Zilionis2019_Lung::p2
Zilionis2019_Lung,Lung,p5,NK_cell,NK cell,Zilionis2019_Lung::p5
Zilionis2019_Lung,Lung,p1,Plasma,Plasma,Zilionis2019_Lung::p1
Zilionis2019_Lung,Lung,p4,Plasma,Plasma,Zilionis2019_Lung::p4
Zilionis2019_Lung,Lung,p6,Plasma,Plasma,Zilionis2019_Lung::p6
Zilionis2019_Lung,Lung,p3,Plasma,Plasma,Zilionis2019_Lung::p3
Zilionis2019_Lung,Lung,p7,Plasma,Plasma,Zilionis2019_Lung::p7
Zilionis2019_Lung,Lung,p2,Plasma,Plasma,Zilionis2019_Lung::p2
Zilionis2019_Lung,Lung,p5,Plasma,Plasma,Zilionis2019_Lung::p5
Jansky2021_Neuroendocrine,Neuroendocrine,NB03,Malignant,Malignant,Jansky2021_Neuroendocrine::NB03
Jansky2021_Neuroendocrine,Neuroendocrine,NB03,Mesenchymal,Mesenchymal,Jansky2021_Neuroendocrine::NB03
Jansky2021_Neuroendocrine,Neuroendocrine,NB03,Endothelial,Endothelial,Jansky2021_Neuroendocrine::NB03
Jansky2021_Neuroendocrine,Neuroendocrine,NB03,Macrophage,Macrophage,Jansky2021_Neuroendocrine::NB03
Jansky2021_Neuroendocrine,Neuroendocrine,NB04,Malignant,Malignant,Jansky2021_Neuroendocrine::NB04
Jansky2021_Neuroendocrine,Neuroendocrine,NB04,Schwann,Schwann,Jansky2021_Neuroendocrine::NB04
Jansky2021_Neuroendocrine,Neuroendocrine,NB04,Mesenchymal,Mesenchymal,Jansky2021_Neuroendocrine::NB04
Jansky2021_Neuroendocrine,Neuroendocrine,NB04,Macrophage,Macrophage,Jansky2021_Neuroendocrine::NB04
Jansky2021_Neuroendocrine,Neuroendocrine,NB01,Malignant,Malignant,Jansky2021_Neuroendocrine::NB01
Jansky2021_Neuroendocrine,Neuroendocrine,NB02,Mesenchymal,Mesenchymal,Jansky2021_Neuroendocrine::NB02
Jansky2021_Neuroendocrine,Neuroendocrine,NB02,Hepatocyte,Hepatocyte,Jansky2021_Neuroendocrine::NB02
Jansky2021_Neuroendocrine,Neuroendocrine,NB02,Endothelial,Endothelial,Jansky2021_Neuroendocrine::NB02
Jansky2021_Neuroendocrine,Neuroendocrine,NB02,Malignant,Malignant,Jansky2021_Neuroendocrine::NB02
Jansky2021_Neuroendocrine,Neuroendocrine,NB02,Schwann,Schwann,Jansky2021_Neuroendocrine::NB02
Jansky2021_Neuroendocrine,Neuroendocrine,NB02,Macrophage,Macrophage,Jansky2021_Neuroendocrine::NB02
Jansky2021_Neuroendocrine,Neuroendocrine,NB11,Malignant,Malignant,Jansky2021_Neuroendocrine::NB11
Jansky2021_Neuroendocrine,Neuroendocrine,NB11,Macrophage,Macrophage,Jansky2021_Neuroendocrine::NB11
Jansky2021_Neuroendocrine,Neuroendocrine,NB11,Mesenchymal,Mesenchymal,Jansky2021_Neuroendocrine::NB11
Jansky2021_Neuroendocrine,Neuroendocrine,NB11,Endothelial,Endothelial,Jansky2021_Neuroendocrine::NB11
Jansky2021_Neuroendocrine,Neuroendocrine,NB12,Malignant,Malignant,Jansky2021_Neuroendocrine::NB12
Jansky2021_Neuroendocrine,Neuroendocrine,NB12,Endothelial,Endothelial,Jansky2021_Neuroendocrine::NB12
Jansky2021_Neuroendocrine,Neuroendocrine,NB12,Mesenchymal,Mesenchymal,Jansky2021_Neuroendocrine::NB12
Jansky2021_Neuroendocrine,Neuroendocrine,NB12,Macrophage,Macrophage,Jansky2021_Neuroendocrine::NB12
Jansky2021_Neuroendocrine,Neuroendocrine,NB06,Malignant,Malignant,Jansky2021_Neuroendocrine::NB06
Jansky2021_Neuroendocrine,Neuroendocrine,NB06,Schwann,Schwann,Jansky2021_Neuroendocrine::NB06
Jansky2021_Neuroendocrine,Neuroendocrine,NB06,Macrophage,Macrophage,Jansky2021_Neuroendocrine::NB06
Jansky2021_Neuroendocrine,Neuroendocrine,NB06,Endothelial,Endothelial,Jansky2021_Neuroendocrine::NB06
Jansky2021_Neuroendocrine,Neuroendocrine,NB06,Mesenchymal,Mesenchymal,Jansky2021_Neuroendocrine::NB06
Jansky2021_Neuroendocrine,Neuroendocrine,NB07,Malignant,Malignant,Jansky2021_Neuroendocrine::NB07
Jansky2021_Neuroendocrine,Neuroendocrine,NB05,Malignant,Malignant,Jansky2021_Neuroendocrine::NB05
Jansky2021_Neuroendocrine,Neuroendocrine,NB05,Endothelial,Endothelial,Jansky2021_Neuroendocrine::NB05
Jansky2021_Neuroendocrine,Neuroendocrine,NB05,Macrophage,Macrophage,Jansky2021_Neuroendocrine::NB05
Jansky2021_Neuroendocrine,Neuroendocrine,NB05,Mesenchymal,Mesenchymal,Jansky2021_Neuroendocrine::NB05
Jansky2021_Neuroendocrine,Neuroendocrine,NB08,Malignant,Malignant,Jansky2021_Neuroendocrine::NB08
Jansky2021_Neuroendocrine,Neuroendocrine,NB09,Malignant,Malignant,Jansky2021_Neuroendocrine::NB09
Jansky2021_Neuroendocrine,Neuroendocrine,NB09,Macrophage,Macrophage,Jansky2021_Neuroendocrine::NB09
Jansky2021_Neuroendocrine,Neuroendocrine,NB09,Mesenchymal,Mesenchymal,Jansky2021_Neuroendocrine::NB09
Jansky2021_Neuroendocrine,Neuroendocrine,NB09,Endothelial,Endothelial,Jansky2021_Neuroendocrine::NB09
Jansky2021_Neuroendocrine,Neuroendocrine,NB10,Malignant,Malignant,Jansky2021_Neuroendocrine::NB10
Jansky2021_Neuroendocrine,Neuroendocrine,NB13,Malignant,Malignant,Jansky2021_Neuroendocrine::NB13
Jansky2021_Neuroendocrine,Neuroendocrine,NB13,Mesenchymal,Mesenchymal,Jansky2021_Neuroendocrine::NB13
Jansky2021_Neuroendocrine,Neuroendocrine,NB13,Macrophage,Macrophage,Jansky2021_Neuroendocrine::NB13
Jansky2021_Neuroendocrine,Neuroendocrine,NB13,Endothelial,Endothelial,Jansky2021_Neuroendocrine::NB13
Jansky2021_Neuroendocrine,Neuroendocrine,NB14,Malignant,Malignant,Jansky2021_Neuroendocrine::NB14
Jansky2021_Neuroendocrine,Neuroendocrine,NB14,Mesenchymal,Mesenchymal,Jansky2021_Neuroendocrine::NB14
Jansky2021_Neuroendocrine,Neuroendocrine,NB14,Endothelial,Endothelial,Jansky2021_Neuroendocrine::NB14
Jansky2021_Neuroendocrine,Neuroendocrine,NB14,Macrophage,Macrophage,Jansky2021_Neuroendocrine::NB14
Kildisiute2021_Neuroendocrine,Neuroendocrine,PD42184,T_cell,T cell,Kildisiute2021_Neuroendocrine::PD42184
Kildisiute2021_Neuroendocrine,Neuroendocrine,PD42184,Fibroblast,Fibroblast,Kildisiute2021_Neuroendocrine::PD42184
Kildisiute2021_Neuroendocrine,Neuroendocrine,PD42184,Endothelial,Endothelial,Kildisiute2021_Neuroendocrine::PD42184
Kildisiute2021_Neuroendocrine,Neuroendocrine,PD42184,Macrophage,Macrophage,Kildisiute2021_Neuroendocrine::PD42184
Kildisiute2021_Neuroendocrine,Neuroendocrine,PD42184,B_cell,B cell,Kildisiute2021_Neuroendocrine::PD42184
Kildisiute2021_Neuroendocrine,Neuroendocrine,PD42184,NK_cell,NK cell,Kildisiute2021_Neuroendocrine::PD42184
Kildisiute2021_Neuroendocrine,Neuroendocrine,PD42184,Malignant,Malignant,Kildisiute2021_Neuroendocrine::PD42184
Kildisiute2021_Neuroendocrine,Neuroendocrine,PD42752-1,Malignant,Malignant,Kildisiute2021_Neuroendocrine::PD42752-1
Kildisiute2021_Neuroendocrine,Neuroendocrine,PD42752-1,Macrophage,Macrophage,Kildisiute2021_Neuroendocrine::PD42752-1
Kildisiute2021_Neuroendocrine,Neuroendocrine,PD42752-1,Endothelial,Endothelial,Kildisiute2021_Neuroendocrine::PD42752-1
Kildisiute2021_Neuroendocrine,Neuroendocrine,PD42752-1,T_cell,T cell,Kildisiute2021_Neuroendocrine::PD42752-1
Kildisiute2021_Neuroendocrine,Neuroendocrine,PD42752-1,B_cell,B cell,Kildisiute2021_Neuroendocrine::PD42752-1
Kildisiute2021_Neuroendocrine,Neuroendocrine,PD42752-2,Macrophage,Macrophage,Kildisiute2021_Neuroendocrine::PD42752-2
Kildisiute2021_Neuroendocrine,Neuroendocrine,PD42752-2,T_cell,T cell,Kildisiute2021_Neuroendocrine::PD42752-2
Kildisiute2021_Neuroendocrine,Neuroendocrine,PD42752-2,NK_cell,NK cell,Kildisiute2021_Neuroendocrine::PD42752-2
Kildisiute2021_Neuroendocrine,Neuroendocrine,PD42752-2,Malignant,Malignant,Kildisiute2021_Neuroendocrine::PD42752-2
Kildisiute2021_Neuroendocrine,Neuroendocrine,PD42752-2,B_cell,B cell,Kildisiute2021_Neuroendocrine::PD42752-2
Kildisiute2021_Neuroendocrine,Neuroendocrine,PD42752-2,Endothelial,Endothelial,Kildisiute2021_Neuroendocrine::PD42752-2
Kildisiute2021_Neuroendocrine,Neuroendocrine,PD42752-2,Fibroblast,Fibroblast,Kildisiute2021_Neuroendocrine::PD42752-2
Kildisiute2021_Neuroendocrine,Neuroendocrine,PD46693,Endothelial,Endothelial,Kildisiute2021_Neuroendocrine::PD46693
Kildisiute2021_Neuroendocrine,Neuroendocrine,PD46693,B_cell,B cell,Kildisiute2021_Neuroendocrine::PD46693
Kildisiute2021_Neuroendocrine,Neuroendocrine,PD46693,Malignant,Malignant,Kildisiute2021_Neuroendocrine::PD46693
Kildisiute2021_Neuroendocrine,Neuroendocrine,PD46693,Macrophage,Macrophage,Kildisiute2021_Neuroendocrine::PD46693
Kildisiute2021_Neuroendocrine,Neuroendocrine,PD46693,T_cell,T cell,Kildisiute2021_Neuroendocrine::PD46693
Kildisiute2021_Neuroendocrine,Neuroendocrine,PD46693,NK_cell,NK cell,Kildisiute2021_Neuroendocrine::PD46693
Kildisiute2021_Neuroendocrine,Neuroendocrine,PD46693,Fibroblast,Fibroblast,Kildisiute2021_Neuroendocrine::PD46693
Kildisiute2021_Neuroendocrine,Neuroendocrine,PD43255,Malignant,Malignant,Kildisiute2021_Neuroendocrine::PD43255
Kildisiute2021_Neuroendocrine,Neuroendocrine,PD43255,T_cell,T cell,Kildisiute2021_Neuroendocrine::PD43255
Kildisiute2021_Neuroendocrine,Neuroendocrine,PD43255,Endothelial,Endothelial,Kildisiute2021_Neuroendocrine::PD43255
Kildisiute2021_Neuroendocrine,Neuroendocrine,PD43255,Macrophage,Macrophage,Kildisiute2021_Neuroendocrine::PD43255
Kildisiute2021_Neuroendocrine,Neuroendocrine,PD43255,B_cell,B cell,Kildisiute2021_Neuroendocrine::PD43255
Rao2020_Neuroendocrine,Neuroendocrine,PriNET,Fibroblast,Fibroblast,Rao2020_Neuroendocrine::PriNET
Rao2020_Neuroendocrine,Neuroendocrine,PriNET,Malignant,Malignant,Rao2020_Neuroendocrine::PriNET
Rao2020_Neuroendocrine,Neuroendocrine,PriNET,Endothelial,Endothelial,Rao2020_Neuroendocrine::PriNET
Rao2020_Neuroendocrine,Neuroendocrine,PriNET,Macrophage,Macrophage,Rao2020_Neuroendocrine::PriNET
Rao2020_Neuroendocrine,Neuroendocrine,livMET,Malignant,Malignant,Rao2020_Neuroendocrine::livMET
Rao2020_Neuroendocrine,Neuroendocrine,livMET,Macrophage,Macrophage,Rao2020_Neuroendocrine::livMET
Rao2020_Neuroendocrine,Neuroendocrine,livMET,Fibroblast,Fibroblast,Rao2020_Neuroendocrine::livMET
Rao2020_Neuroendocrine,Neuroendocrine,livMET,Endothelial,Endothelial,Rao2020_Neuroendocrine::livMET
Dost2020_Other-Models,Other-Models,case_2,Epithelial,Epithelial,Dost2020_Other-Models::case_2
Dost2020_Other-Models,Other-Models,case_2,Endothelial,Endothelial,Dost2020_Other-Models::case_2
Dost2020_Other-Models,Other-Models,case_2,Fibroblast,Fibroblast,Dost2020_Other-Models::case_2
Dost2020_Other-Models,Other-Models,case_2,Malignant,Malignant,Dost2020_Other-Models::case_2
Dost2020_Other-Models,Other-Models,case_3,Epithelial,Epithelial,Dost2020_Other-Models::case_3
Dost2020_Other-Models,Other-Models,case_3,Fibroblast,Fibroblast,Dost2020_Other-Models::case_3
Dost2020_Other-Models,Other-Models,case_3,Endothelial,Endothelial,Dost2020_Other-Models::case_3
Dost2020_Other-Models,Other-Models,case_3,Malignant,Malignant,Dost2020_Other-Models::case_3
Gonzalez2022_Other-Models,Other-Models,Melan_1,Pericyte,Pericyte,Gonzalez2022_Other-Models::Melan_1
Gonzalez2022_Other-Models,Other-Models,Melan_1,MSC,MSC,Gonzalez2022_Other-Models::Melan_1
Gonzalez2022_Other-Models,Other-Models,Melan_1,Macrophage,Macrophage,Gonzalez2022_Other-Models::Melan_1
Gonzalez2022_Other-Models,Other-Models,Melan_1,B_cell,B cell,Gonzalez2022_Other-Models::Melan_1
Gonzalez2022_Other-Models,Other-Models,Melan_1,T_cell,T cell,Gonzalez2022_Other-Models::Melan_1
Gonzalez2022_Other-Models,Other-Models,Melan_1,Malignant,Malignant,Gonzalez2022_Other-Models::Melan_1
Gonzalez2022_Other-Models,Other-Models,Melan_1,Smooth_muscle,Smooth muscle,Gonzalez2022_Other-Models::Melan_1
Gonzalez2022_Other-Models,Other-Models,Melan_1,Endothelial,Endothelial,Gonzalez2022_Other-Models::Melan_1
Gonzalez2022_Other-Models,Other-Models,Melan_1,DC,DC,Gonzalez2022_Other-Models::Melan_1
Gonzalez2022_Other-Models,Other-Models,Melan_1,Astrocyte,Astrocyte,Gonzalez2022_Other-Models::Melan_1
Gonzalez2022_Other-Models,Other-Models,Melan_2,Malignant,Malignant,Gonzalez2022_Other-Models::Melan_2
Gonzalez2022_Other-Models,Other-Models,Melan_2,Endothelial,Endothelial,Gonzalez2022_Other-Models::Melan_2
Gonzalez2022_Other-Models,Other-Models,Melan_2,Astrocyte,Astrocyte,Gonzalez2022_Other-Models::Melan_2
Gonzalez2022_Other-Models,Other-Models,Melan_2,MSC,MSC,Gonzalez2022_Other-Models::Melan_2
Gonzalez2022_Other-Models,Other-Models,Melan_2,Macrophage,Macrophage,Gonzalez2022_Other-Models::Melan_2
Gonzalez2022_Other-Models,Other-Models,Melan_2,B_cell,B cell,Gonzalez2022_Other-Models::Melan_2
Gonzalez2022_Other-Models,Other-Models,Melan_2,T_cell,T cell,Gonzalez2022_Other-Models::Melan_2
Gonzalez2022_Other-Models,Other-Models,Melan_2,Pericyte,Pericyte,Gonzalez2022_Other-Models::Melan_2
Gonzalez2022_Other-Models,Other-Models,Melan_2,Smooth_muscle,Smooth muscle,Gonzalez2022_Other-Models::Melan_2
Gonzalez2022_Other-Models,Other-Models,Melan_2,DC,DC,Gonzalez2022_Other-Models::Melan_2
Gonzalez2022_Other-Models,Other-Models,Melan_3,Malignant,Malignant,Gonzalez2022_Other-Models::Melan_3
Gonzalez2022_Other-Models,Other-Models,Melan_3,DC,DC,Gonzalez2022_Other-Models::Melan_3
Gonzalez2022_Other-Models,Other-Models,Melan_3,T_cell,T cell,Gonzalez2022_Other-Models::Melan_3
Gonzalez2022_Other-Models,Other-Models,Melan_3,Endothelial,Endothelial,Gonzalez2022_Other-Models::Melan_3
Gonzalez2022_Other-Models,Other-Models,Melan_3,MSC,MSC,Gonzalez2022_Other-Models::Melan_3
Gonzalez2022_Other-Models,Other-Models,Melan_3,Astrocyte,Astrocyte,Gonzalez2022_Other-Models::Melan_3
Gonzalez2022_Other-Models,Other-Models,Melan_3,B_cell,B cell,Gonzalez2022_Other-Models::Melan_3
Gonzalez2022_Other-Models,Other-Models,Melan_3,Macrophage,Macrophage,Gonzalez2022_Other-Models::Melan_3
Gonzalez2022_Other-Models,Other-Models,Melan_3,Smooth_muscle,Smooth muscle,Gonzalez2022_Other-Models::Melan_3
Gonzalez2022_Other-Models,Other-Models,Melan_3,Pericyte,Pericyte,Gonzalez2022_Other-Models::Melan_3
Gonzalez2022_Other-Models,Other-Models,Breast_1,Smooth_muscle,Smooth muscle,Gonzalez2022_Other-Models::Breast_1
Gonzalez2022_Other-Models,Other-Models,Breast_1,MSC,MSC,Gonzalez2022_Other-Models::Breast_1
Gonzalez2022_Other-Models,Other-Models,Breast_1,Macrophage,Macrophage,Gonzalez2022_Other-Models::Breast_1
Gonzalez2022_Other-Models,Other-Models,Breast_1,Endothelial,Endothelial,Gonzalez2022_Other-Models::Breast_1
Gonzalez2022_Other-Models,Other-Models,Breast_1,Pericyte,Pericyte,Gonzalez2022_Other-Models::Breast_1
Gonzalez2022_Other-Models,Other-Models,Breast_1,Malignant,Malignant,Gonzalez2022_Other-Models::Breast_1
Gonzalez2022_Other-Models,Other-Models,Breast_1,Astrocyte,Astrocyte,Gonzalez2022_Other-Models::Breast_1
Gonzalez2022_Other-Models,Other-Models,Breast_1,T_cell,T cell,Gonzalez2022_Other-Models::Breast_1
Gonzalez2022_Other-Models,Other-Models,Breast_1,DC,DC,Gonzalez2022_Other-Models::Breast_1
Gonzalez2022_Other-Models,Other-Models,Breast_1,B_cell,B cell,Gonzalez2022_Other-Models::Breast_1
Gonzalez2022_Other-Models,Other-Models,Breast_2,Pericyte,Pericyte,Gonzalez2022_Other-Models::Breast_2
Gonzalez2022_Other-Models,Other-Models,Breast_2,Malignant,Malignant,Gonzalez2022_Other-Models::Breast_2
Gonzalez2022_Other-Models,Other-Models,Breast_2,MSC,MSC,Gonzalez2022_Other-Models::Breast_2
Gonzalez2022_Other-Models,Other-Models,Breast_2,Macrophage,Macrophage,Gonzalez2022_Other-Models::Breast_2
Gonzalez2022_Other-Models,Other-Models,Breast_2,Astrocyte,Astrocyte,Gonzalez2022_Other-Models::Breast_2
Gonzalez2022_Other-Models,Other-Models,Breast_2,Endothelial,Endothelial,Gonzalez2022_Other-Models::Breast_2
Gonzalez2022_Other-Models,Other-Models,Breast_2,T_cell,T cell,Gonzalez2022_Other-Models::Breast_2
Gonzalez2022_Other-Models,Other-Models,Breast_2,Smooth_muscle,Smooth muscle,Gonzalez2022_Other-Models::Breast_2
Gonzalez2022_Other-Models,Other-Models,Breast_2,B_cell,B cell,Gonzalez2022_Other-Models::Breast_2
Gonzalez2022_Other-Models,Other-Models,Breast_2,DC,DC,Gonzalez2022_Other-Models::Breast_2
Gonzalez2022_Other-Models,Other-Models,Breast_3,Malignant,Malignant,Gonzalez2022_Other-Models::Breast_3
Gonzalez2022_Other-Models,Other-Models,Breast_3,Macrophage,Macrophage,Gonzalez2022_Other-Models::Breast_3
Gonzalez2022_Other-Models,Other-Models,Breast_3,Astrocyte,Astrocyte,Gonzalez2022_Other-Models::Breast_3
Gonzalez2022_Other-Models,Other-Models,Breast_3,Endothelial,Endothelial,Gonzalez2022_Other-Models::Breast_3
Gonzalez2022_Other-Models,Other-Models,Breast_3,T_cell,T cell,Gonzalez2022_Other-Models::Breast_3
Gonzalez2022_Other-Models,Other-Models,Breast_3,Pericyte,Pericyte,Gonzalez2022_Other-Models::Breast_3
Gonzalez2022_Other-Models,Other-Models,Breast_3,MSC,MSC,Gonzalez2022_Other-Models::Breast_3
Gonzalez2022_Other-Models,Other-Models,Breast_3,DC,DC,Gonzalez2022_Other-Models::Breast_3
Gonzalez2022_Other-Models,Other-Models,Breast_3,B_cell,B cell,Gonzalez2022_Other-Models::Breast_3
Gonzalez2022_Other-Models,Other-Models,Lung_1,Malignant,Malignant,Gonzalez2022_Other-Models::Lung_1
Gonzalez2022_Other-Models,Other-Models,Lung_1,Smooth_muscle,Smooth muscle,Gonzalez2022_Other-Models::Lung_1
Gonzalez2022_Other-Models,Other-Models,Lung_1,Pericyte,Pericyte,Gonzalez2022_Other-Models::Lung_1
Gonzalez2022_Other-Models,Other-Models,Lung_1,T_cell,T cell,Gonzalez2022_Other-Models::Lung_1
Gonzalez2022_Other-Models,Other-Models,Lung_1,MSC,MSC,Gonzalez2022_Other-Models::Lung_1
Gonzalez2022_Other-Models,Other-Models,Lung_1,Macrophage,Macrophage,Gonzalez2022_Other-Models::Lung_1
Gonzalez2022_Other-Models,Other-Models,Lung_1,Endothelial,Endothelial,Gonzalez2022_Other-Models::Lung_1
Gonzalez2022_Other-Models,Other-Models,Lung_1,Astrocyte,Astrocyte,Gonzalez2022_Other-Models::Lung_1
Gonzalez2022_Other-Models,Other-Models,Lung_1,B_cell,B cell,Gonzalez2022_Other-Models::Lung_1
Gonzalez2022_Other-Models,Other-Models,Lung_2,Malignant,Malignant,Gonzalez2022_Other-Models::Lung_2
Gonzalez2022_Other-Models,Other-Models,Lung_2,T_cell,T cell,Gonzalez2022_Other-Models::Lung_2
Gonzalez2022_Other-Models,Other-Models,Lung_2,Smooth_muscle,Smooth muscle,Gonzalez2022_Other-Models::Lung_2
Gonzalez2022_Other-Models,Other-Models,Lung_2,B_cell,B cell,Gonzalez2022_Other-Models::Lung_2
Gonzalez2022_Other-Models,Other-Models,Lung_2,Macrophage,Macrophage,Gonzalez2022_Other-Models::Lung_2
Gonzalez2022_Other-Models,Other-Models,Lung_2,Pericyte,Pericyte,Gonzalez2022_Other-Models::Lung_2
Gonzalez2022_Other-Models,Other-Models,Lung_2,MSC,MSC,Gonzalez2022_Other-Models::Lung_2
Gonzalez2022_Other-Models,Other-Models,Lung_2,Endothelial,Endothelial,Gonzalez2022_Other-Models::Lung_2
Gonzalez2022_Other-Models,Other-Models,Lung_2,Astrocyte,Astrocyte,Gonzalez2022_Other-Models::Lung_2
Gonzalez2022_Other-Models,Other-Models,Lung_2,DC,DC,Gonzalez2022_Other-Models::Lung_2
Gonzalez2022_Other-Models,Other-Models,Lung_3,T_cell,T cell,Gonzalez2022_Other-Models::Lung_3
Gonzalez2022_Other-Models,Other-Models,Lung_3,Endothelial,Endothelial,Gonzalez2022_Other-Models::Lung_3
Gonzalez2022_Other-Models,Other-Models,Lung_3,MSC,MSC,Gonzalez2022_Other-Models::Lung_3
Gonzalez2022_Other-Models,Other-Models,Lung_3,Pericyte,Pericyte,Gonzalez2022_Other-Models::Lung_3
Gonzalez2022_Other-Models,Other-Models,Lung_3,Macrophage,Macrophage,Gonzalez2022_Other-Models::Lung_3
Gonzalez2022_Other-Models,Other-Models,Lung_3,Smooth_muscle,Smooth muscle,Gonzalez2022_Other-Models::Lung_3
Gonzalez2022_Other-Models,Other-Models,Lung_3,B_cell,B cell,Gonzalez2022_Other-Models::Lung_3
Gonzalez2022_Other-Models,Other-Models,Lung_3,Malignant,Malignant,Gonzalez2022_Other-Models::Lung_3
Gonzalez2022_Other-Models,Other-Models,Lung_3,DC,DC,Gonzalez2022_Other-Models::Lung_3
Gonzalez2022_Other-Models,Other-Models,Lung_3,Astrocyte,Astrocyte,Gonzalez2022_Other-Models::Lung_3
Gonzalez2022_Other-Models,Other-Models,Ovarian_1,Malignant,Malignant,Gonzalez2022_Other-Models::Ovarian_1
Gonzalez2022_Other-Models,Other-Models,Ovarian_1,Macrophage,Macrophage,Gonzalez2022_Other-Models::Ovarian_1
Gonzalez2022_Other-Models,Other-Models,Ovarian_1,Endothelial,Endothelial,Gonzalez2022_Other-Models::Ovarian_1
Gonzalez2022_Other-Models,Other-Models,Ovarian_1,Smooth_muscle,Smooth muscle,Gonzalez2022_Other-Models::Ovarian_1
Gonzalez2022_Other-Models,Other-Models,Ovarian_1,Pericyte,Pericyte,Gonzalez2022_Other-Models::Ovarian_1
Gonzalez2022_Other-Models,Other-Models,Ovarian_1,T_cell,T cell,Gonzalez2022_Other-Models::Ovarian_1
Gonzalez2022_Other-Models,Other-Models,Ovarian_1,Astrocyte,Astrocyte,Gonzalez2022_Other-Models::Ovarian_1
Gonzalez2022_Other-Models,Other-Models,Ovarian_1,MSC,MSC,Gonzalez2022_Other-Models::Ovarian_1
Gonzalez2022_Other-Models,Other-Models,Ovarian_1,B_cell,B cell,Gonzalez2022_Other-Models::Ovarian_1
Gonzalez2022_Other-Models,Other-Models,Ovarian_1,DC,DC,Gonzalez2022_Other-Models::Ovarian_1
Gonzalez2022_Other-Models,Other-Models,Ovarian_2,Malignant,Malignant,Gonzalez2022_Other-Models::Ovarian_2
Gonzalez2022_Other-Models,Other-Models,Ovarian_2,T_cell,T cell,Gonzalez2022_Other-Models::Ovarian_2
Gonzalez2022_Other-Models,Other-Models,Ovarian_2,Macrophage,Macrophage,Gonzalez2022_Other-Models::Ovarian_2
Gonzalez2022_Other-Models,Other-Models,Ovarian_2,B_cell,B cell,Gonzalez2022_Other-Models::Ovarian_2
Gonzalez2022_Other-Models,Other-Models,Ovarian_2,MSC,MSC,Gonzalez2022_Other-Models::Ovarian_2
Gonzalez2022_Other-Models,Other-Models,Ovarian_2,Pericyte,Pericyte,Gonzalez2022_Other-Models::Ovarian_2
Gonzalez2022_Other-Models,Other-Models,Ovarian_2,Endothelial,Endothelial,Gonzalez2022_Other-Models::Ovarian_2
Gonzalez2022_Other-Models,Other-Models,Ovarian_2,Astrocyte,Astrocyte,Gonzalez2022_Other-Models::Ovarian_2
Gonzalez2022_Other-Models,Other-Models,Ovarian_2,Smooth_muscle,Smooth muscle,Gonzalez2022_Other-Models::Ovarian_2
Gonzalez2022_Other-Models,Other-Models,Ovarian_2,DC,DC,Gonzalez2022_Other-Models::Ovarian_2
Gonzalez2022_Other-Models,Other-Models,Colorectal,T_cell,T cell,Gonzalez2022_Other-Models::Colorectal
Gonzalez2022_Other-Models,Other-Models,Colorectal,Malignant,Malignant,Gonzalez2022_Other-Models::Colorectal
Gonzalez2022_Other-Models,Other-Models,Colorectal,Pericyte,Pericyte,Gonzalez2022_Other-Models::Colorectal
Gonzalez2022_Other-Models,Other-Models,Colorectal,Endothelial,Endothelial,Gonzalez2022_Other-Models::Colorectal
Gonzalez2022_Other-Models,Other-Models,Colorectal,Smooth_muscle,Smooth muscle,Gonzalez2022_Other-Models::Colorectal
Gonzalez2022_Other-Models,Other-Models,Colorectal,B_cell,B cell,Gonzalez2022_Other-Models::Colorectal
Gonzalez2022_Other-Models,Other-Models,Colorectal,MSC,MSC,Gonzalez2022_Other-Models::Colorectal
Gonzalez2022_Other-Models,Other-Models,Colorectal,Macrophage,Macrophage,Gonzalez2022_Other-Models::Colorectal
Gonzalez2022_Other-Models,Other-Models,Colorectal,DC,DC,Gonzalez2022_Other-Models::Colorectal
Gonzalez2022_Other-Models,Other-Models,Colorectal,Astrocyte,Astrocyte,Gonzalez2022_Other-Models::Colorectal
Gonzalez2022_Other-Models,Other-Models,Renal_Cell_Carc,Pericyte,Pericyte,Gonzalez2022_Other-Models::Renal_Cell_Carc
Gonzalez2022_Other-Models,Other-Models,Renal_Cell_Carc,Malignant,Malignant,Gonzalez2022_Other-Models::Renal_Cell_Carc
Gonzalez2022_Other-Models,Other-Models,Renal_Cell_Carc,Endothelial,Endothelial,Gonzalez2022_Other-Models::Renal_Cell_Carc
Gonzalez2022_Other-Models,Other-Models,Renal_Cell_Carc,T_cell,T cell,Gonzalez2022_Other-Models::Renal_Cell_Carc
Gonzalez2022_Other-Models,Other-Models,Renal_Cell_Carc,MSC,MSC,Gonzalez2022_Other-Models::Renal_Cell_Carc
Gonzalez2022_Other-Models,Other-Models,Renal_Cell_Carc,DC,DC,Gonzalez2022_Other-Models::Renal_Cell_Carc
Gonzalez2022_Other-Models,Other-Models,Renal_Cell_Carc,Smooth_muscle,Smooth muscle,Gonzalez2022_Other-Models::Renal_Cell_Carc
Gonzalez2022_Other-Models,Other-Models,Renal_Cell_Carc,Macrophage,Macrophage,Gonzalez2022_Other-Models::Renal_Cell_Carc
Gonzalez2022_Other-Models,Other-Models,Renal_Cell_Carc,B_cell,B cell,Gonzalez2022_Other-Models::Renal_Cell_Carc
Gonzalez2022_Other-Models,Other-Models,Renal_Cell_Carc,Astrocyte,Astrocyte,Gonzalez2022_Other-Models::Renal_Cell_Carc
Gonzalez2022_Other-Models,Other-Models,Unknown_Carc,Malignant,Malignant,Gonzalez2022_Other-Models::Unknown_Carc
Gonzalez2022_Other-Models,Other-Models,Unknown_Carc,DC,DC,Gonzalez2022_Other-Models::Unknown_Carc
Gonzalez2022_Other-Models,Other-Models,Unknown_Carc,Endothelial,Endothelial,Gonzalez2022_Other-Models::Unknown_Carc
Gonzalez2022_Other-Models,Other-Models,Unknown_Carc,B_cell,B cell,Gonzalez2022_Other-Models::Unknown_Carc
Gonzalez2022_Other-Models,Other-Models,Unknown_Carc,Macrophage,Macrophage,Gonzalez2022_Other-Models::Unknown_Carc
Gonzalez2022_Other-Models,Other-Models,Unknown_Carc,Pericyte,Pericyte,Gonzalez2022_Other-Models::Unknown_Carc
Gonzalez2022_Other-Models,Other-Models,Unknown_Carc,MSC,MSC,Gonzalez2022_Other-Models::Unknown_Carc
Gonzalez2022_Other-Models,Other-Models,Unknown_Carc,T_cell,T cell,Gonzalez2022_Other-Models::Unknown_Carc
Gonzalez2022_Other-Models,Other-Models,Unknown_Carc,Smooth_muscle,Smooth muscle,Gonzalez2022_Other-Models::Unknown_Carc
Gonzalez2022_Other-Models,Other-Models,Unknown_Carc,Astrocyte,Astrocyte,Gonzalez2022_Other-Models::Unknown_Carc
Gonzalez2022_Other-Models,Other-Models,Breast_1_biol,Smooth_muscle,Smooth muscle,Gonzalez2022_Other-Models::Breast_1_biol
Gonzalez2022_Other-Models,Other-Models,Breast_1_biol,Pericyte,Pericyte,Gonzalez2022_Other-Models::Breast_1_biol
Gonzalez2022_Other-Models,Other-Models,Breast_1_biol,Malignant,Malignant,Gonzalez2022_Other-Models::Breast_1_biol
Gonzalez2022_Other-Models,Other-Models,Breast_1_biol,Macrophage,Macrophage,Gonzalez2022_Other-Models::Breast_1_biol
Gonzalez2022_Other-Models,Other-Models,Breast_1_biol,MSC,MSC,Gonzalez2022_Other-Models::Breast_1_biol
Gonzalez2022_Other-Models,Other-Models,Breast_1_biol,T_cell,T cell,Gonzalez2022_Other-Models::Breast_1_biol
Gonzalez2022_Other-Models,Other-Models,Breast_1_biol,Endothelial,Endothelial,Gonzalez2022_Other-Models::Breast_1_biol
Gonzalez2022_Other-Models,Other-Models,Breast_1_biol,DC,DC,Gonzalez2022_Other-Models::Breast_1_biol
Gonzalez2022_Other-Models,Other-Models,Breast_1_biol,Astrocyte,Astrocyte,Gonzalez2022_Other-Models::Breast_1_biol
Gonzalez2022_Other-Models,Other-Models,Breast_1_biol,B_cell,B cell,Gonzalez2022_Other-Models::Breast_1_biol
Gubin2018_Other-Models,Other-Models,Control,T_cell,T cell,Gubin2018_Other-Models::Control
Gubin2018_Other-Models,Other-Models,Control,Macrophage,Macrophage,Gubin2018_Other-Models::Control
Gubin2018_Other-Models,Other-Models,Control,Dendritic,Dendritic,Gubin2018_Other-Models::Control
Gubin2018_Other-Models,Other-Models,Control,NK_cell,NK cell,Gubin2018_Other-Models::Control
Gubin2018_Other-Models,Other-Models,Control,Neutrophil,Neutrophil,Gubin2018_Other-Models::Control
Gubin2018_Other-Models,Other-Models,aPD1,Macrophage,Macrophage,Gubin2018_Other-Models::aPD1
Gubin2018_Other-Models,Other-Models,aPD1,Dendritic,Dendritic,Gubin2018_Other-Models::aPD1
Gubin2018_Other-Models,Other-Models,aPD1,T_cell,T cell,Gubin2018_Other-Models::aPD1
Gubin2018_Other-Models,Other-Models,aPD1,NK_cell,NK cell,Gubin2018_Other-Models::aPD1
Gubin2018_Other-Models,Other-Models,aPD1,Neutrophil,Neutrophil,Gubin2018_Other-Models::aPD1
Gubin2018_Other-Models,Other-Models,aCTLA4,Neutrophil,Neutrophil,Gubin2018_Other-Models::aCTLA4
Gubin2018_Other-Models,Other-Models,aCTLA4,Macrophage,Macrophage,Gubin2018_Other-Models::aCTLA4
Gubin2018_Other-Models,Other-Models,aCTLA4,T_cell,T cell,Gubin2018_Other-Models::aCTLA4
Gubin2018_Other-Models,Other-Models,aCTLA4,Dendritic,Dendritic,Gubin2018_Other-Models::aCTLA4
Gubin2018_Other-Models,Other-Models,aCTLA4,NK_cell,NK cell,Gubin2018_Other-Models::aCTLA4
Gubin2018_Other-Models,Other-Models,aPD1-aCTLA4,Macrophage,Macrophage,Gubin2018_Other-Models::aPD1-aCTLA4
Gubin2018_Other-Models,Other-Models,aPD1-aCTLA4,T_cell,T cell,Gubin2018_Other-Models::aPD1-aCTLA4
Gubin2018_Other-Models,Other-Models,aPD1-aCTLA4,Dendritic,Dendritic,Gubin2018_Other-Models::aPD1-aCTLA4
Gubin2018_Other-Models,Other-Models,aPD1-aCTLA4,Neutrophil,Neutrophil,Gubin2018_Other-Models::aPD1-aCTLA4
Gubin2018_Other-Models,Other-Models,aPD1-aCTLA4,NK_cell,NK cell,Gubin2018_Other-Models::aPD1-aCTLA4
Hollern2019_Other-Models,Other-Models,T11-Apobec-7daytreated,B_cell,B cell,Hollern2019_Other-Models::T11-Apobec-7daytreated
Hollern2019_Other-Models,Other-Models,T11-Apobec-Nottreated,B_cell,B cell,Hollern2019_Other-Models::T11-Apobec-Nottreated
Hollern2019_Other-Models,Other-Models,KPB25Luv-7daytreated,B_cell,B cell,Hollern2019_Other-Models::KPB25Luv-7daytreated
Hollern2019_Other-Models,Other-Models,KPB25Luv-Nottreated,B_cell,B cell,Hollern2019_Other-Models::KPB25Luv-Nottreated
Hollern2019_Other-Models,Other-Models,T11-Apobec-7daytreated,T_cell,T cell,Hollern2019_Other-Models::T11-Apobec-7daytreated
Hollern2019_Other-Models,Other-Models,T11-Apobec-Nottreated,T_cell,T cell,Hollern2019_Other-Models::T11-Apobec-Nottreated
Hollern2019_Other-Models,Other-Models,KPB25Luv-7daytreated,T_cell,T cell,Hollern2019_Other-Models::KPB25Luv-7daytreated
Hollern2019_Other-Models,Other-Models,KPB25Luv-Nottreated,T_cell,T cell,Hollern2019_Other-Models::KPB25Luv-Nottreated
Hollern2019_Other-Models,Other-Models,T11-Apobec-7daytreated,Dendritic,Dendritic,Hollern2019_Other-Models::T11-Apobec-7daytreated
Hollern2019_Other-Models,Other-Models,T11-Apobec-Nottreated,Dendritic,Dendritic,Hollern2019_Other-Models::T11-Apobec-Nottreated
Hollern2019_Other-Models,Other-Models,KPB25Luv-7daytreated,Dendritic,Dendritic,Hollern2019_Other-Models::KPB25Luv-7daytreated
Hollern2019_Other-Models,Other-Models,KPB25Luv-Nottreated,Dendritic,Dendritic,Hollern2019_Other-Models::KPB25Luv-Nottreated
Hollern2019_Other-Models,Other-Models,T11-Apobec-7daytreated,Endothelial,Endothelial,Hollern2019_Other-Models::T11-Apobec-7daytreated
Hollern2019_Other-Models,Other-Models,T11-Apobec-Nottreated,Endothelial,Endothelial,Hollern2019_Other-Models::T11-Apobec-Nottreated
Hollern2019_Other-Models,Other-Models,KPB25Luv-7daytreated,Endothelial,Endothelial,Hollern2019_Other-Models::KPB25Luv-7daytreated
Hollern2019_Other-Models,Other-Models,KPB25Luv-Nottreated,Endothelial,Endothelial,Hollern2019_Other-Models::KPB25Luv-Nottreated
Hollern2019_Other-Models,Other-Models,T11-Apobec-7daytreated,Fibroblast,Fibroblast,Hollern2019_Other-Models::T11-Apobec-7daytreated
Hollern2019_Other-Models,Other-Models,T11-Apobec-Nottreated,Fibroblast,Fibroblast,Hollern2019_Other-Models::T11-Apobec-Nottreated
Hollern2019_Other-Models,Other-Models,KPB25Luv-7daytreated,Fibroblast,Fibroblast,Hollern2019_Other-Models::KPB25Luv-7daytreated
Hollern2019_Other-Models,Other-Models,KPB25Luv-Nottreated,Fibroblast,Fibroblast,Hollern2019_Other-Models::KPB25Luv-Nottreated
Hollern2019_Other-Models,Other-Models,T11-Apobec-7daytreated,Malignant,Malignant,Hollern2019_Other-Models::T11-Apobec-7daytreated
Hollern2019_Other-Models,Other-Models,T11-Apobec-Nottreated,Malignant,Malignant,Hollern2019_Other-Models::T11-Apobec-Nottreated
Hollern2019_Other-Models,Other-Models,KPB25Luv-7daytreated,Malignant,Malignant,Hollern2019_Other-Models::KPB25Luv-7daytreated
Hollern2019_Other-Models,Other-Models,KPB25Luv-Nottreated,Malignant,Malignant,Hollern2019_Other-Models::KPB25Luv-Nottreated
Hollern2019_Other-Models,Other-Models,T11-Apobec-7daytreated,Macrophage,Macrophage,Hollern2019_Other-Models::T11-Apobec-7daytreated
Hollern2019_Other-Models,Other-Models,T11-Apobec-Nottreated,Macrophage,Macrophage,Hollern2019_Other-Models::T11-Apobec-Nottreated
Hollern2019_Other-Models,Other-Models,KPB25Luv-7daytreated,Macrophage,Macrophage,Hollern2019_Other-Models::KPB25Luv-7daytreated
Hollern2019_Other-Models,Other-Models,KPB25Luv-Nottreated,Macrophage,Macrophage,Hollern2019_Other-Models::KPB25Luv-Nottreated
Hollern2019_Other-Models,Other-Models,T11-Apobec-7daytreated,Neutrophil,Neutrophil,Hollern2019_Other-Models::T11-Apobec-7daytreated
Hollern2019_Other-Models,Other-Models,T11-Apobec-Nottreated,Neutrophil,Neutrophil,Hollern2019_Other-Models::T11-Apobec-Nottreated
Hollern2019_Other-Models,Other-Models,KPB25Luv-7daytreated,Neutrophil,Neutrophil,Hollern2019_Other-Models::KPB25Luv-7daytreated
Hollern2019_Other-Models,Other-Models,KPB25Luv-Nottreated,Neutrophil,Neutrophil,Hollern2019_Other-Models::KPB25Luv-Nottreated
Hollern2019_Other-Models,Other-Models,T11-Apobec-7daytreated,NK_cell,NK cell,Hollern2019_Other-Models::T11-Apobec-7daytreated
Hollern2019_Other-Models,Other-Models,T11-Apobec-Nottreated,NK_cell,NK cell,Hollern2019_Other-Models::T11-Apobec-Nottreated
Hollern2019_Other-Models,Other-Models,KPB25Luv-7daytreated,NK_cell,NK cell,Hollern2019_Other-Models::KPB25Luv-7daytreated
Hollern2019_Other-Models,Other-Models,KPB25Luv-Nottreated,NK_cell,NK cell,Hollern2019_Other-Models::KPB25Luv-Nottreated
Hollern2019_Other-Models,Other-Models,T11-Apobec-7daytreated,Plasma,Plasma,Hollern2019_Other-Models::T11-Apobec-7daytreated
Hollern2019_Other-Models,Other-Models,KPB25Luv-7daytreated,Plasma,Plasma,Hollern2019_Other-Models::KPB25Luv-7daytreated
Hollern2019_Other-Models,Other-Models,KPB25Luv-Nottreated,Plasma,Plasma,Hollern2019_Other-Models::KPB25Luv-Nottreated
Kumar2022_Other-Models,Other-Models,sample1,Endothelial,Endothelial,Kumar2022_Other-Models::sample1
Kumar2022_Other-Models,Other-Models,sample1,Epithelial,Epithelial,Kumar2022_Other-Models::sample1
Kumar2022_Other-Models,Other-Models,sample1,NK_cell,NK cell,Kumar2022_Other-Models::sample1
Kumar2022_Other-Models,Other-Models,sample1,T_cell,T cell,Kumar2022_Other-Models::sample1
Kumar2022_Other-Models,Other-Models,sample1,B_cell,B cell,Kumar2022_Other-Models::sample1
Kumar2022_Other-Models,Other-Models,sample1,Macrophage,Macrophage,Kumar2022_Other-Models::sample1
Kumar2022_Other-Models,Other-Models,sample1,Fibroblast,Fibroblast,Kumar2022_Other-Models::sample1
Kumar2022_Other-Models,Other-Models,sample1,Mast,Mast,Kumar2022_Other-Models::sample1
Kumar2022_Other-Models,Other-Models,sample1,Dendritic,Dendritic,Kumar2022_Other-Models::sample1
Kumar2022_Other-Models,Other-Models,sample2,B_cell,B cell,Kumar2022_Other-Models::sample2
Kumar2022_Other-Models,Other-Models,sample2,T_cell,T cell,Kumar2022_Other-Models::sample2
Kumar2022_Other-Models,Other-Models,sample2,NK_cell,NK cell,Kumar2022_Other-Models::sample2
Kumar2022_Other-Models,Other-Models,sample2,Epithelial,Epithelial,Kumar2022_Other-Models::sample2
Kumar2022_Other-Models,Other-Models,sample2,Macrophage,Macrophage,Kumar2022_Other-Models::sample2
Kumar2022_Other-Models,Other-Models,sample2,Mast,Mast,Kumar2022_Other-Models::sample2
Kumar2022_Other-Models,Other-Models,sample2,Fibroblast,Fibroblast,Kumar2022_Other-Models::sample2
Kumar2022_Other-Models,Other-Models,sample2,Endothelial,Endothelial,Kumar2022_Other-Models::sample2
Kumar2022_Other-Models,Other-Models,sample2,Dendritic,Dendritic,Kumar2022_Other-Models::sample2
Kumar2022_Other-Models,Other-Models,sample3,B_cell,B cell,Kumar2022_Other-Models::sample3
Kumar2022_Other-Models,Other-Models,sample3,T_cell,T cell,Kumar2022_Other-Models::sample3
Kumar2022_Other-Models,Other-Models,sample3,Epithelial,Epithelial,Kumar2022_Other-Models::sample3
Kumar2022_Other-Models,Other-Models,sample3,Macrophage,Macrophage,Kumar2022_Other-Models::sample3
Kumar2022_Other-Models,Other-Models,sample3,NK_cell,NK cell,Kumar2022_Other-Models::sample3
Kumar2022_Other-Models,Other-Models,sample3,Fibroblast,Fibroblast,Kumar2022_Other-Models::sample3
Kumar2022_Other-Models,Other-Models,sample3,Mast,Mast,Kumar2022_Other-Models::sample3
Kumar2022_Other-Models,Other-Models,sample3,Dendritic,Dendritic,Kumar2022_Other-Models::sample3
Kumar2022_Other-Models,Other-Models,sample3,Endothelial,Endothelial,Kumar2022_Other-Models::sample3
Kumar2022_Other-Models,Other-Models,sample4,Epithelial,Epithelial,Kumar2022_Other-Models::sample4
Kumar2022_Other-Models,Other-Models,sample4,T_cell,T cell,Kumar2022_Other-Models::sample4
Kumar2022_Other-Models,Other-Models,sample4,Macrophage,Macrophage,Kumar2022_Other-Models::sample4
Kumar2022_Other-Models,Other-Models,sample4,B_cell,B cell,Kumar2022_Other-Models::sample4
Kumar2022_Other-Models,Other-Models,sample4,Endothelial,Endothelial,Kumar2022_Other-Models::sample4
Kumar2022_Other-Models,Other-Models,sample4,Fibroblast,Fibroblast,Kumar2022_Other-Models::sample4
Kumar2022_Other-Models,Other-Models,sample4,NK_cell,NK cell,Kumar2022_Other-Models::sample4
Kumar2022_Other-Models,Other-Models,sample4,Mast,Mast,Kumar2022_Other-Models::sample4
Kumar2022_Other-Models,Other-Models,sample4,Dendritic,Dendritic,Kumar2022_Other-Models::sample4
Kumar2022_Other-Models,Other-Models,sample5,T_cell,T cell,Kumar2022_Other-Models::sample5
Kumar2022_Other-Models,Other-Models,sample5,B_cell,B cell,Kumar2022_Other-Models::sample5
Kumar2022_Other-Models,Other-Models,sample5,Epithelial,Epithelial,Kumar2022_Other-Models::sample5
Kumar2022_Other-Models,Other-Models,sample5,NK_cell,NK cell,Kumar2022_Other-Models::sample5
Kumar2022_Other-Models,Other-Models,sample5,Mast,Mast,Kumar2022_Other-Models::sample5
Kumar2022_Other-Models,Other-Models,sample5,Endothelial,Endothelial,Kumar2022_Other-Models::sample5
Kumar2022_Other-Models,Other-Models,sample5,Macrophage,Macrophage,Kumar2022_Other-Models::sample5
Kumar2022_Other-Models,Other-Models,sample5,Fibroblast,Fibroblast,Kumar2022_Other-Models::sample5
Kumar2022_Other-Models,Other-Models,sample5,Dendritic,Dendritic,Kumar2022_Other-Models::sample5
Kumar2022_Other-Models,Other-Models,sample6,T_cell,T cell,Kumar2022_Other-Models::sample6
Kumar2022_Other-Models,Other-Models,sample6,Epithelial,Epithelial,Kumar2022_Other-Models::sample6
Kumar2022_Other-Models,Other-Models,sample6,B_cell,B cell,Kumar2022_Other-Models::sample6
Kumar2022_Other-Models,Other-Models,sample6,Fibroblast,Fibroblast,Kumar2022_Other-Models::sample6
Kumar2022_Other-Models,Other-Models,sample6,NK_cell,NK cell,Kumar2022_Other-Models::sample6
Kumar2022_Other-Models,Other-Models,sample6,Macrophage,Macrophage,Kumar2022_Other-Models::sample6
Kumar2022_Other-Models,Other-Models,sample6,Mast,Mast,Kumar2022_Other-Models::sample6
Kumar2022_Other-Models,Other-Models,sample6,Endothelial,Endothelial,Kumar2022_Other-Models::sample6
Kumar2022_Other-Models,Other-Models,sample6,Dendritic,Dendritic,Kumar2022_Other-Models::sample6
Kumar2022_Other-Models,Other-Models,sample7,Epithelial,Epithelial,Kumar2022_Other-Models::sample7
Kumar2022_Other-Models,Other-Models,sample7,B_cell,B cell,Kumar2022_Other-Models::sample7
Kumar2022_Other-Models,Other-Models,sample7,Fibroblast,Fibroblast,Kumar2022_Other-Models::sample7
Kumar2022_Other-Models,Other-Models,sample7,NK_cell,NK cell,Kumar2022_Other-Models::sample7
Kumar2022_Other-Models,Other-Models,sample7,Macrophage,Macrophage,Kumar2022_Other-Models::sample7
Kumar2022_Other-Models,Other-Models,sample7,T_cell,T cell,Kumar2022_Other-Models::sample7
Kumar2022_Other-Models,Other-Models,sample7,Endothelial,Endothelial,Kumar2022_Other-Models::sample7
Kumar2022_Other-Models,Other-Models,sample7,Mast,Mast,Kumar2022_Other-Models::sample7
Kumar2022_Other-Models,Other-Models,sample7,Dendritic,Dendritic,Kumar2022_Other-Models::sample7
Kumar2022_Other-Models,Other-Models,sample8,Epithelial,Epithelial,Kumar2022_Other-Models::sample8
Kumar2022_Other-Models,Other-Models,sample8,B_cell,B cell,Kumar2022_Other-Models::sample8
Kumar2022_Other-Models,Other-Models,sample8,NK_cell,NK cell,Kumar2022_Other-Models::sample8
Kumar2022_Other-Models,Other-Models,sample8,Endothelial,Endothelial,Kumar2022_Other-Models::sample8
Kumar2022_Other-Models,Other-Models,sample8,Fibroblast,Fibroblast,Kumar2022_Other-Models::sample8
Kumar2022_Other-Models,Other-Models,sample8,Macrophage,Macrophage,Kumar2022_Other-Models::sample8
Kumar2022_Other-Models,Other-Models,sample8,T_cell,T cell,Kumar2022_Other-Models::sample8
Kumar2022_Other-Models,Other-Models,sample8,Dendritic,Dendritic,Kumar2022_Other-Models::sample8
Kumar2022_Other-Models,Other-Models,sample8,Mast,Mast,Kumar2022_Other-Models::sample8
Kumar2022_Other-Models,Other-Models,sample9,Fibroblast,Fibroblast,Kumar2022_Other-Models::sample9
Kumar2022_Other-Models,Other-Models,sample9,Epithelial,Epithelial,Kumar2022_Other-Models::sample9
Kumar2022_Other-Models,Other-Models,sample9,T_cell,T cell,Kumar2022_Other-Models::sample9
Kumar2022_Other-Models,Other-Models,sample9,NK_cell,NK cell,Kumar2022_Other-Models::sample9
Kumar2022_Other-Models,Other-Models,sample9,B_cell,B cell,Kumar2022_Other-Models::sample9
Kumar2022_Other-Models,Other-Models,sample9,Macrophage,Macrophage,Kumar2022_Other-Models::sample9
Kumar2022_Other-Models,Other-Models,sample9,Endothelial,Endothelial,Kumar2022_Other-Models::sample9
Kumar2022_Other-Models,Other-Models,sample9,Mast,Mast,Kumar2022_Other-Models::sample9
Kumar2022_Other-Models,Other-Models,sample9,Dendritic,Dendritic,Kumar2022_Other-Models::sample9
Kumar2022_Other-Models,Other-Models,sample10,B_cell,B cell,Kumar2022_Other-Models::sample10
Kumar2022_Other-Models,Other-Models,sample10,Macrophage,Macrophage,Kumar2022_Other-Models::sample10
Kumar2022_Other-Models,Other-Models,sample10,NK_cell,NK cell,Kumar2022_Other-Models::sample10
Kumar2022_Other-Models,Other-Models,sample10,T_cell,T cell,Kumar2022_Other-Models::sample10
Kumar2022_Other-Models,Other-Models,sample10,Epithelial,Epithelial,Kumar2022_Other-Models::sample10
Kumar2022_Other-Models,Other-Models,sample10,Endothelial,Endothelial,Kumar2022_Other-Models::sample10
Kumar2022_Other-Models,Other-Models,sample10,Fibroblast,Fibroblast,Kumar2022_Other-Models::sample10
Kumar2022_Other-Models,Other-Models,sample10,Mast,Mast,Kumar2022_Other-Models::sample10
Kumar2022_Other-Models,Other-Models,sample10,Dendritic,Dendritic,Kumar2022_Other-Models::sample10
Kumar2022_Other-Models,Other-Models,sample11,Endothelial,Endothelial,Kumar2022_Other-Models::sample11
Kumar2022_Other-Models,Other-Models,sample11,Macrophage,Macrophage,Kumar2022_Other-Models::sample11
Kumar2022_Other-Models,Other-Models,sample11,Fibroblast,Fibroblast,Kumar2022_Other-Models::sample11
Kumar2022_Other-Models,Other-Models,sample11,T_cell,T cell,Kumar2022_Other-Models::sample11
Kumar2022_Other-Models,Other-Models,sample11,Dendritic,Dendritic,Kumar2022_Other-Models::sample11
Kumar2022_Other-Models,Other-Models,sample11,Epithelial,Epithelial,Kumar2022_Other-Models::sample11
Kumar2022_Other-Models,Other-Models,sample11,NK_cell,NK cell,Kumar2022_Other-Models::sample11
Kumar2022_Other-Models,Other-Models,sample11,B_cell,B cell,Kumar2022_Other-Models::sample11
Kumar2022_Other-Models,Other-Models,sample11,Mast,Mast,Kumar2022_Other-Models::sample11
Kumar2022_Other-Models,Other-Models,sample12,Epithelial,Epithelial,Kumar2022_Other-Models::sample12
Kumar2022_Other-Models,Other-Models,sample12,NK_cell,NK cell,Kumar2022_Other-Models::sample12
Kumar2022_Other-Models,Other-Models,sample12,B_cell,B cell,Kumar2022_Other-Models::sample12
Kumar2022_Other-Models,Other-Models,sample12,Endothelial,Endothelial,Kumar2022_Other-Models::sample12
Kumar2022_Other-Models,Other-Models,sample12,Dendritic,Dendritic,Kumar2022_Other-Models::sample12
Kumar2022_Other-Models,Other-Models,sample12,Macrophage,Macrophage,Kumar2022_Other-Models::sample12
Kumar2022_Other-Models,Other-Models,sample12,Fibroblast,Fibroblast,Kumar2022_Other-Models::sample12
Kumar2022_Other-Models,Other-Models,sample12,T_cell,T cell,Kumar2022_Other-Models::sample12
Kumar2022_Other-Models,Other-Models,sample12,Mast,Mast,Kumar2022_Other-Models::sample12
Kumar2022_Other-Models,Other-Models,sample13,Epithelial,Epithelial,Kumar2022_Other-Models::sample13
Kumar2022_Other-Models,Other-Models,sample13,Endothelial,Endothelial,Kumar2022_Other-Models::sample13
Kumar2022_Other-Models,Other-Models,sample13,T_cell,T cell,Kumar2022_Other-Models::sample13
Kumar2022_Other-Models,Other-Models,sample13,NK_cell,NK cell,Kumar2022_Other-Models::sample13
Kumar2022_Other-Models,Other-Models,sample13,B_cell,B cell,Kumar2022_Other-Models::sample13
Kumar2022_Other-Models,Other-Models,sample13,Fibroblast,Fibroblast,Kumar2022_Other-Models::sample13
Kumar2022_Other-Models,Other-Models,sample13,Macrophage,Macrophage,Kumar2022_Other-Models::sample13
Kumar2022_Other-Models,Other-Models,sample13,Dendritic,Dendritic,Kumar2022_Other-Models::sample13
Kumar2022_Other-Models,Other-Models,sample13,Mast,Mast,Kumar2022_Other-Models::sample13
Kumar2022_Other-Models,Other-Models,sample14,Epithelial,Epithelial,Kumar2022_Other-Models::sample14
Kumar2022_Other-Models,Other-Models,sample14,Fibroblast,Fibroblast,Kumar2022_Other-Models::sample14
Kumar2022_Other-Models,Other-Models,sample14,NK_cell,NK cell,Kumar2022_Other-Models::sample14
Kumar2022_Other-Models,Other-Models,sample14,T_cell,T cell,Kumar2022_Other-Models::sample14
Kumar2022_Other-Models,Other-Models,sample14,B_cell,B cell,Kumar2022_Other-Models::sample14
Kumar2022_Other-Models,Other-Models,sample14,Endothelial,Endothelial,Kumar2022_Other-Models::sample14
Kumar2022_Other-Models,Other-Models,sample14,Mast,Mast,Kumar2022_Other-Models::sample14
Kumar2022_Other-Models,Other-Models,sample14,Macrophage,Macrophage,Kumar2022_Other-Models::sample14
Kumar2022_Other-Models,Other-Models,sample14,Dendritic,Dendritic,Kumar2022_Other-Models::sample14
Kumar2022_Other-Models,Other-Models,sample15,T_cell,T cell,Kumar2022_Other-Models::sample15
Kumar2022_Other-Models,Other-Models,sample15,Fibroblast,Fibroblast,Kumar2022_Other-Models::sample15
Kumar2022_Other-Models,Other-Models,sample15,NK_cell,NK cell,Kumar2022_Other-Models::sample15
Kumar2022_Other-Models,Other-Models,sample15,Macrophage,Macrophage,Kumar2022_Other-Models::sample15
Kumar2022_Other-Models,Other-Models,sample15,Endothelial,Endothelial,Kumar2022_Other-Models::sample15
Kumar2022_Other-Models,Other-Models,sample15,B_cell,B cell,Kumar2022_Other-Models::sample15
Kumar2022_Other-Models,Other-Models,sample15,Epithelial,Epithelial,Kumar2022_Other-Models::sample15
Kumar2022_Other-Models,Other-Models,sample15,Mast,Mast,Kumar2022_Other-Models::sample15
Kumar2022_Other-Models,Other-Models,sample15,Dendritic,Dendritic,Kumar2022_Other-Models::sample15
Kumar2022_Other-Models,Other-Models,sample16,Endothelial,Endothelial,Kumar2022_Other-Models::sample16
Kumar2022_Other-Models,Other-Models,sample16,Macrophage,Macrophage,Kumar2022_Other-Models::sample16
Kumar2022_Other-Models,Other-Models,sample16,T_cell,T cell,Kumar2022_Other-Models::sample16
Kumar2022_Other-Models,Other-Models,sample16,Fibroblast,Fibroblast,Kumar2022_Other-Models::sample16
Kumar2022_Other-Models,Other-Models,sample16,Epithelial,Epithelial,Kumar2022_Other-Models::sample16
Kumar2022_Other-Models,Other-Models,sample16,NK_cell,NK cell,Kumar2022_Other-Models::sample16
Kumar2022_Other-Models,Other-Models,sample16,Dendritic,Dendritic,Kumar2022_Other-Models::sample16
Kumar2022_Other-Models,Other-Models,sample16,B_cell,B cell,Kumar2022_Other-Models::sample16
Kumar2022_Other-Models,Other-Models,sample16,Mast,Mast,Kumar2022_Other-Models::sample16
Kumar2022_Other-Models,Other-Models,sample17,NK_cell,NK cell,Kumar2022_Other-Models::sample17
Kumar2022_Other-Models,Other-Models,sample17,Fibroblast,Fibroblast,Kumar2022_Other-Models::sample17
Kumar2022_Other-Models,Other-Models,sample17,Macrophage,Macrophage,Kumar2022_Other-Models::sample17
Kumar2022_Other-Models,Other-Models,sample17,Epithelial,Epithelial,Kumar2022_Other-Models::sample17
Kumar2022_Other-Models,Other-Models,sample17,Endothelial,Endothelial,Kumar2022_Other-Models::sample17
Kumar2022_Other-Models,Other-Models,sample17,T_cell,T cell,Kumar2022_Other-Models::sample17
Kumar2022_Other-Models,Other-Models,sample17,B_cell,B cell,Kumar2022_Other-Models::sample17
Kumar2022_Other-Models,Other-Models,sample17,Mast,Mast,Kumar2022_Other-Models::sample17
Kumar2022_Other-Models,Other-Models,sample17,Dendritic,Dendritic,Kumar2022_Other-Models::sample17
Kumar2022_Other-Models,Other-Models,sample18,Fibroblast,Fibroblast,Kumar2022_Other-Models::sample18
Kumar2022_Other-Models,Other-Models,sample18,B_cell,B cell,Kumar2022_Other-Models::sample18
Kumar2022_Other-Models,Other-Models,sample18,Dendritic,Dendritic,Kumar2022_Other-Models::sample18
Kumar2022_Other-Models,Other-Models,sample18,Epithelial,Epithelial,Kumar2022_Other-Models::sample18
Kumar2022_Other-Models,Other-Models,sample18,T_cell,T cell,Kumar2022_Other-Models::sample18
Kumar2022_Other-Models,Other-Models,sample18,NK_cell,NK cell,Kumar2022_Other-Models::sample18
Kumar2022_Other-Models,Other-Models,sample18,Mast,Mast,Kumar2022_Other-Models::sample18
Kumar2022_Other-Models,Other-Models,sample18,Macrophage,Macrophage,Kumar2022_Other-Models::sample18
Kumar2022_Other-Models,Other-Models,sample18,Endothelial,Endothelial,Kumar2022_Other-Models::sample18
Kumar2022_Other-Models,Other-Models,sample19,T_cell,T cell,Kumar2022_Other-Models::sample19
Kumar2022_Other-Models,Other-Models,sample19,Macrophage,Macrophage,Kumar2022_Other-Models::sample19
Kumar2022_Other-Models,Other-Models,sample19,Fibroblast,Fibroblast,Kumar2022_Other-Models::sample19
Kumar2022_Other-Models,Other-Models,sample19,Endothelial,Endothelial,Kumar2022_Other-Models::sample19
Kumar2022_Other-Models,Other-Models,sample19,NK_cell,NK cell,Kumar2022_Other-Models::sample19
Kumar2022_Other-Models,Other-Models,sample19,Epithelial,Epithelial,Kumar2022_Other-Models::sample19
Kumar2022_Other-Models,Other-Models,sample19,B_cell,B cell,Kumar2022_Other-Models::sample19
Kumar2022_Other-Models,Other-Models,sample19,Dendritic,Dendritic,Kumar2022_Other-Models::sample19
Kumar2022_Other-Models,Other-Models,sample19,Mast,Mast,Kumar2022_Other-Models::sample19
Kumar2022_Other-Models,Other-Models,sample20,Fibroblast,Fibroblast,Kumar2022_Other-Models::sample20
Kumar2022_Other-Models,Other-Models,sample20,B_cell,B cell,Kumar2022_Other-Models::sample20
Kumar2022_Other-Models,Other-Models,sample20,NK_cell,NK cell,Kumar2022_Other-Models::sample20
Kumar2022_Other-Models,Other-Models,sample20,T_cell,T cell,Kumar2022_Other-Models::sample20
Kumar2022_Other-Models,Other-Models,sample20,Epithelial,Epithelial,Kumar2022_Other-Models::sample20
Kumar2022_Other-Models,Other-Models,sample20,Macrophage,Macrophage,Kumar2022_Other-Models::sample20
Kumar2022_Other-Models,Other-Models,sample20,Mast,Mast,Kumar2022_Other-Models::sample20
Kumar2022_Other-Models,Other-Models,sample20,Endothelial,Endothelial,Kumar2022_Other-Models::sample20
Kumar2022_Other-Models,Other-Models,sample20,Dendritic,Dendritic,Kumar2022_Other-Models::sample20
Kumar2022_Other-Models,Other-Models,sample21,Epithelial,Epithelial,Kumar2022_Other-Models::sample21
Kumar2022_Other-Models,Other-Models,sample21,B_cell,B cell,Kumar2022_Other-Models::sample21
Kumar2022_Other-Models,Other-Models,sample21,NK_cell,NK cell,Kumar2022_Other-Models::sample21
Kumar2022_Other-Models,Other-Models,sample21,T_cell,T cell,Kumar2022_Other-Models::sample21
Kumar2022_Other-Models,Other-Models,sample21,Fibroblast,Fibroblast,Kumar2022_Other-Models::sample21
Kumar2022_Other-Models,Other-Models,sample21,Macrophage,Macrophage,Kumar2022_Other-Models::sample21
Kumar2022_Other-Models,Other-Models,sample21,Mast,Mast,Kumar2022_Other-Models::sample21
Kumar2022_Other-Models,Other-Models,sample21,Endothelial,Endothelial,Kumar2022_Other-Models::sample21
Kumar2022_Other-Models,Other-Models,sample21,Dendritic,Dendritic,Kumar2022_Other-Models::sample21
Kumar2022_Other-Models,Other-Models,sample22,Epithelial,Epithelial,Kumar2022_Other-Models::sample22
Kumar2022_Other-Models,Other-Models,sample22,Fibroblast,Fibroblast,Kumar2022_Other-Models::sample22
Kumar2022_Other-Models,Other-Models,sample22,Macrophage,Macrophage,Kumar2022_Other-Models::sample22
Kumar2022_Other-Models,Other-Models,sample22,Mast,Mast,Kumar2022_Other-Models::sample22
Kumar2022_Other-Models,Other-Models,sample22,NK_cell,NK cell,Kumar2022_Other-Models::sample22
Kumar2022_Other-Models,Other-Models,sample22,B_cell,B cell,Kumar2022_Other-Models::sample22
Kumar2022_Other-Models,Other-Models,sample22,T_cell,T cell,Kumar2022_Other-Models::sample22
Kumar2022_Other-Models,Other-Models,sample22,Dendritic,Dendritic,Kumar2022_Other-Models::sample22
Kumar2022_Other-Models,Other-Models,sample22,Endothelial,Endothelial,Kumar2022_Other-Models::sample22
Kumar2022_Other-Models,Other-Models,sample23,NK_cell,NK cell,Kumar2022_Other-Models::sample23
Kumar2022_Other-Models,Other-Models,sample23,Endothelial,Endothelial,Kumar2022_Other-Models::sample23
Kumar2022_Other-Models,Other-Models,sample23,Fibroblast,Fibroblast,Kumar2022_Other-Models::sample23
Kumar2022_Other-Models,Other-Models,sample23,Macrophage,Macrophage,Kumar2022_Other-Models::sample23
Kumar2022_Other-Models,Other-Models,sample23,Dendritic,Dendritic,Kumar2022_Other-Models::sample23
Kumar2022_Other-Models,Other-Models,sample23,Epithelial,Epithelial,Kumar2022_Other-Models::sample23
Kumar2022_Other-Models,Other-Models,sample23,B_cell,B cell,Kumar2022_Other-Models::sample23
Kumar2022_Other-Models,Other-Models,sample23,Mast,Mast,Kumar2022_Other-Models::sample23
Kumar2022_Other-Models,Other-Models,sample23,T_cell,T cell,Kumar2022_Other-Models::sample23
Kumar2022_Other-Models,Other-Models,sample24,Macrophage,Macrophage,Kumar2022_Other-Models::sample24
Kumar2022_Other-Models,Other-Models,sample24,Endothelial,Endothelial,Kumar2022_Other-Models::sample24
Kumar2022_Other-Models,Other-Models,sample24,Epithelial,Epithelial,Kumar2022_Other-Models::sample24
Kumar2022_Other-Models,Other-Models,sample24,T_cell,T cell,Kumar2022_Other-Models::sample24
Kumar2022_Other-Models,Other-Models,sample24,NK_cell,NK cell,Kumar2022_Other-Models::sample24
Kumar2022_Other-Models,Other-Models,sample24,B_cell,B cell,Kumar2022_Other-Models::sample24
Kumar2022_Other-Models,Other-Models,sample24,Fibroblast,Fibroblast,Kumar2022_Other-Models::sample24
Kumar2022_Other-Models,Other-Models,sample24,Dendritic,Dendritic,Kumar2022_Other-Models::sample24
Kumar2022_Other-Models,Other-Models,sample24,Mast,Mast,Kumar2022_Other-Models::sample24
Kumar2022_Other-Models,Other-Models,sample25,NK_cell,NK cell,Kumar2022_Other-Models::sample25
Kumar2022_Other-Models,Other-Models,sample25,Endothelial,Endothelial,Kumar2022_Other-Models::sample25
Kumar2022_Other-Models,Other-Models,sample25,Fibroblast,Fibroblast,Kumar2022_Other-Models::sample25
Kumar2022_Other-Models,Other-Models,sample25,Epithelial,Epithelial,Kumar2022_Other-Models::sample25
Kumar2022_Other-Models,Other-Models,sample25,B_cell,B cell,Kumar2022_Other-Models::sample25
Kumar2022_Other-Models,Other-Models,sample25,Macrophage,Macrophage,Kumar2022_Other-Models::sample25
Kumar2022_Other-Models,Other-Models,sample25,T_cell,T cell,Kumar2022_Other-Models::sample25
Kumar2022_Other-Models,Other-Models,sample25,Mast,Mast,Kumar2022_Other-Models::sample25
Kumar2022_Other-Models,Other-Models,sample25,Dendritic,Dendritic,Kumar2022_Other-Models::sample25
Kumar2022_Other-Models,Other-Models,sample26,B_cell,B cell,Kumar2022_Other-Models::sample26
Kumar2022_Other-Models,Other-Models,sample26,Endothelial,Endothelial,Kumar2022_Other-Models::sample26
Kumar2022_Other-Models,Other-Models,sample26,T_cell,T cell,Kumar2022_Other-Models::sample26
Kumar2022_Other-Models,Other-Models,sample26,NK_cell,NK cell,Kumar2022_Other-Models::sample26
Kumar2022_Other-Models,Other-Models,sample26,Fibroblast,Fibroblast,Kumar2022_Other-Models::sample26
Kumar2022_Other-Models,Other-Models,sample26,Epithelial,Epithelial,Kumar2022_Other-Models::sample26
Kumar2022_Other-Models,Other-Models,sample26,Macrophage,Macrophage,Kumar2022_Other-Models::sample26
Kumar2022_Other-Models,Other-Models,sample26,Mast,Mast,Kumar2022_Other-Models::sample26
Kumar2022_Other-Models,Other-Models,sample26,Dendritic,Dendritic,Kumar2022_Other-Models::sample26
Kumar2022_Other-Models,Other-Models,sample27,Epithelial,Epithelial,Kumar2022_Other-Models::sample27
Kumar2022_Other-Models,Other-Models,sample27,B_cell,B cell,Kumar2022_Other-Models::sample27
Kumar2022_Other-Models,Other-Models,sample27,Mast,Mast,Kumar2022_Other-Models::sample27
Kumar2022_Other-Models,Other-Models,sample27,Fibroblast,Fibroblast,Kumar2022_Other-Models::sample27
Kumar2022_Other-Models,Other-Models,sample27,T_cell,T cell,Kumar2022_Other-Models::sample27
Kumar2022_Other-Models,Other-Models,sample27,NK_cell,NK cell,Kumar2022_Other-Models::sample27
Kumar2022_Other-Models,Other-Models,sample27,Endothelial,Endothelial,Kumar2022_Other-Models::sample27
Kumar2022_Other-Models,Other-Models,sample27,Dendritic,Dendritic,Kumar2022_Other-Models::sample27
Kumar2022_Other-Models,Other-Models,sample27,Macrophage,Macrophage,Kumar2022_Other-Models::sample27
Kumar2022_Other-Models,Other-Models,sample28,B_cell,B cell,Kumar2022_Other-Models::sample28
Kumar2022_Other-Models,Other-Models,sample28,NK_cell,NK cell,Kumar2022_Other-Models::sample28
Kumar2022_Other-Models,Other-Models,sample28,T_cell,T cell,Kumar2022_Other-Models::sample28
Kumar2022_Other-Models,Other-Models,sample28,Epithelial,Epithelial,Kumar2022_Other-Models::sample28
Kumar2022_Other-Models,Other-Models,sample28,Fibroblast,Fibroblast,Kumar2022_Other-Models::sample28
Kumar2022_Other-Models,Other-Models,sample28,Mast,Mast,Kumar2022_Other-Models::sample28
Kumar2022_Other-Models,Other-Models,sample28,Macrophage,Macrophage,Kumar2022_Other-Models::sample28
Kumar2022_Other-Models,Other-Models,sample28,Endothelial,Endothelial,Kumar2022_Other-Models::sample28
Kumar2022_Other-Models,Other-Models,sample28,Dendritic,Dendritic,Kumar2022_Other-Models::sample28
Kumar2022_Other-Models,Other-Models,sample29,NK_cell,NK cell,Kumar2022_Other-Models::sample29
Kumar2022_Other-Models,Other-Models,sample29,Macrophage,Macrophage,Kumar2022_Other-Models::sample29
Kumar2022_Other-Models,Other-Models,sample29,Epithelial,Epithelial,Kumar2022_Other-Models::sample29
Kumar2022_Other-Models,Other-Models,sample29,Endothelial,Endothelial,Kumar2022_Other-Models::sample29
Kumar2022_Other-Models,Other-Models,sample29,B_cell,B cell,Kumar2022_Other-Models::sample29
Kumar2022_Other-Models,Other-Models,sample29,T_cell,T cell,Kumar2022_Other-Models::sample29
Kumar2022_Other-Models,Other-Models,sample29,Mast,Mast,Kumar2022_Other-Models::sample29
Kumar2022_Other-Models,Other-Models,sample29,Fibroblast,Fibroblast,Kumar2022_Other-Models::sample29
Kumar2022_Other-Models,Other-Models,sample29,Dendritic,Dendritic,Kumar2022_Other-Models::sample29
Kumar2022_Other-Models,Other-Models,sample30,B_cell,B cell,Kumar2022_Other-Models::sample30
Kumar2022_Other-Models,Other-Models,sample30,NK_cell,NK cell,Kumar2022_Other-Models::sample30
Kumar2022_Other-Models,Other-Models,sample30,T_cell,T cell,Kumar2022_Other-Models::sample30
Kumar2022_Other-Models,Other-Models,sample30,Epithelial,Epithelial,Kumar2022_Other-Models::sample30
Kumar2022_Other-Models,Other-Models,sample30,Macrophage,Macrophage,Kumar2022_Other-Models::sample30
Kumar2022_Other-Models,Other-Models,sample30,Fibroblast,Fibroblast,Kumar2022_Other-Models::sample30
Kumar2022_Other-Models,Other-Models,sample30,Dendritic,Dendritic,Kumar2022_Other-Models::sample30
Kumar2022_Other-Models,Other-Models,sample30,Mast,Mast,Kumar2022_Other-Models::sample30
Kumar2022_Other-Models,Other-Models,sample30,Endothelial,Endothelial,Kumar2022_Other-Models::sample30
Kumar2022_Other-Models,Other-Models,sample31,Epithelial,Epithelial,Kumar2022_Other-Models::sample31
Kumar2022_Other-Models,Other-Models,sample31,Fibroblast,Fibroblast,Kumar2022_Other-Models::sample31
Kumar2022_Other-Models,Other-Models,sample31,T_cell,T cell,Kumar2022_Other-Models::sample31
Kumar2022_Other-Models,Other-Models,sample31,Endothelial,Endothelial,Kumar2022_Other-Models::sample31
Kumar2022_Other-Models,Other-Models,sample31,Macrophage,Macrophage,Kumar2022_Other-Models::sample31
Kumar2022_Other-Models,Other-Models,sample31,NK_cell,NK cell,Kumar2022_Other-Models::sample31
Kumar2022_Other-Models,Other-Models,sample31,B_cell,B cell,Kumar2022_Other-Models::sample31
Kumar2022_Other-Models,Other-Models,sample31,Dendritic,Dendritic,Kumar2022_Other-Models::sample31
Kumar2022_Other-Models,Other-Models,sample31,Mast,Mast,Kumar2022_Other-Models::sample31
Kumar2022_Other-Models,Other-Models,sample32,T_cell,T cell,Kumar2022_Other-Models::sample32
Kumar2022_Other-Models,Other-Models,sample32,Fibroblast,Fibroblast,Kumar2022_Other-Models::sample32
Kumar2022_Other-Models,Other-Models,sample32,Epithelial,Epithelial,Kumar2022_Other-Models::sample32
Kumar2022_Other-Models,Other-Models,sample32,Macrophage,Macrophage,Kumar2022_Other-Models::sample32
Kumar2022_Other-Models,Other-Models,sample32,NK_cell,NK cell,Kumar2022_Other-Models::sample32
Kumar2022_Other-Models,Other-Models,sample32,B_cell,B cell,Kumar2022_Other-Models::sample32
Kumar2022_Other-Models,Other-Models,sample32,Endothelial,Endothelial,Kumar2022_Other-Models::sample32
Kumar2022_Other-Models,Other-Models,sample32,Mast,Mast,Kumar2022_Other-Models::sample32
Kumar2022_Other-Models,Other-Models,sample32,Dendritic,Dendritic,Kumar2022_Other-Models::sample32
Kumar2022_Other-Models,Other-Models,sample33,NK_cell,NK cell,Kumar2022_Other-Models::sample33
Kumar2022_Other-Models,Other-Models,sample33,B_cell,B cell,Kumar2022_Other-Models::sample33
Kumar2022_Other-Models,Other-Models,sample33,Epithelial,Epithelial,Kumar2022_Other-Models::sample33
Kumar2022_Other-Models,Other-Models,sample33,T_cell,T cell,Kumar2022_Other-Models::sample33
Kumar2022_Other-Models,Other-Models,sample33,Macrophage,Macrophage,Kumar2022_Other-Models::sample33
Kumar2022_Other-Models,Other-Models,sample33,Endothelial,Endothelial,Kumar2022_Other-Models::sample33
Kumar2022_Other-Models,Other-Models,sample33,Dendritic,Dendritic,Kumar2022_Other-Models::sample33
Kumar2022_Other-Models,Other-Models,sample33,Fibroblast,Fibroblast,Kumar2022_Other-Models::sample33
Kumar2022_Other-Models,Other-Models,sample33,Mast,Mast,Kumar2022_Other-Models::sample33
Kumar2022_Other-Models,Other-Models,sample34,Fibroblast,Fibroblast,Kumar2022_Other-Models::sample34
Kumar2022_Other-Models,Other-Models,sample34,NK_cell,NK cell,Kumar2022_Other-Models::sample34
Kumar2022_Other-Models,Other-Models,sample34,T_cell,T cell,Kumar2022_Other-Models::sample34
Kumar2022_Other-Models,Other-Models,sample34,Macrophage,Macrophage,Kumar2022_Other-Models::sample34
Kumar2022_Other-Models,Other-Models,sample34,Dendritic,Dendritic,Kumar2022_Other-Models::sample34
Kumar2022_Other-Models,Other-Models,sample34,Endothelial,Endothelial,Kumar2022_Other-Models::sample34
Kumar2022_Other-Models,Other-Models,sample34,Epithelial,Epithelial,Kumar2022_Other-Models::sample34
Kumar2022_Other-Models,Other-Models,sample34,B_cell,B cell,Kumar2022_Other-Models::sample34
Kumar2022_Other-Models,Other-Models,sample34,Mast,Mast,Kumar2022_Other-Models::sample34
Kumar2022_Other-Models,Other-Models,sample35,B_cell,B cell,Kumar2022_Other-Models::sample35
Kumar2022_Other-Models,Other-Models,sample35,Epithelial,Epithelial,Kumar2022_Other-Models::sample35
Kumar2022_Other-Models,Other-Models,sample35,NK_cell,NK cell,Kumar2022_Other-Models::sample35
Kumar2022_Other-Models,Other-Models,sample35,T_cell,T cell,Kumar2022_Other-Models::sample35
Kumar2022_Other-Models,Other-Models,sample35,Macrophage,Macrophage,Kumar2022_Other-Models::sample35
Kumar2022_Other-Models,Other-Models,sample35,Fibroblast,Fibroblast,Kumar2022_Other-Models::sample35
Kumar2022_Other-Models,Other-Models,sample35,Endothelial,Endothelial,Kumar2022_Other-Models::sample35
Kumar2022_Other-Models,Other-Models,sample35,Dendritic,Dendritic,Kumar2022_Other-Models::sample35
Kumar2022_Other-Models,Other-Models,sample35,Mast,Mast,Kumar2022_Other-Models::sample35
Kumar2022_Other-Models,Other-Models,sample36,NK_cell,NK cell,Kumar2022_Other-Models::sample36
Kumar2022_Other-Models,Other-Models,sample36,B_cell,B cell,Kumar2022_Other-Models::sample36
Kumar2022_Other-Models,Other-Models,sample36,Epithelial,Epithelial,Kumar2022_Other-Models::sample36
Kumar2022_Other-Models,Other-Models,sample36,Macrophage,Macrophage,Kumar2022_Other-Models::sample36
Kumar2022_Other-Models,Other-Models,sample36,T_cell,T cell,Kumar2022_Other-Models::sample36
Kumar2022_Other-Models,Other-Models,sample36,Endothelial,Endothelial,Kumar2022_Other-Models::sample36
Kumar2022_Other-Models,Other-Models,sample36,Fibroblast,Fibroblast,Kumar2022_Other-Models::sample36
Kumar2022_Other-Models,Other-Models,sample36,Dendritic,Dendritic,Kumar2022_Other-Models::sample36
Kumar2022_Other-Models,Other-Models,sample36,Mast,Mast,Kumar2022_Other-Models::sample36
Kumar2022_Other-Models,Other-Models,sample37,Fibroblast,Fibroblast,Kumar2022_Other-Models::sample37
Kumar2022_Other-Models,Other-Models,sample37,Endothelial,Endothelial,Kumar2022_Other-Models::sample37
Kumar2022_Other-Models,Other-Models,sample37,Epithelial,Epithelial,Kumar2022_Other-Models::sample37
Kumar2022_Other-Models,Other-Models,sample37,Mast,Mast,Kumar2022_Other-Models::sample37
Kumar2022_Other-Models,Other-Models,sample37,Macrophage,Macrophage,Kumar2022_Other-Models::sample37
Kumar2022_Other-Models,Other-Models,sample37,NK_cell,NK cell,Kumar2022_Other-Models::sample37
Kumar2022_Other-Models,Other-Models,sample37,B_cell,B cell,Kumar2022_Other-Models::sample37
Kumar2022_Other-Models,Other-Models,sample37,T_cell,T cell,Kumar2022_Other-Models::sample37
Kumar2022_Other-Models,Other-Models,sample37,Dendritic,Dendritic,Kumar2022_Other-Models::sample37
Kumar2022_Other-Models,Other-Models,sample38,Fibroblast,Fibroblast,Kumar2022_Other-Models::sample38
Kumar2022_Other-Models,Other-Models,sample38,NK_cell,NK cell,Kumar2022_Other-Models::sample38
Kumar2022_Other-Models,Other-Models,sample38,Epithelial,Epithelial,Kumar2022_Other-Models::sample38
Kumar2022_Other-Models,Other-Models,sample38,B_cell,B cell,Kumar2022_Other-Models::sample38
Kumar2022_Other-Models,Other-Models,sample38,T_cell,T cell,Kumar2022_Other-Models::sample38
Kumar2022_Other-Models,Other-Models,sample38,Macrophage,Macrophage,Kumar2022_Other-Models::sample38
Kumar2022_Other-Models,Other-Models,sample38,Endothelial,Endothelial,Kumar2022_Other-Models::sample38
Kumar2022_Other-Models,Other-Models,sample38,Dendritic,Dendritic,Kumar2022_Other-Models::sample38
Kumar2022_Other-Models,Other-Models,sample38,Mast,Mast,Kumar2022_Other-Models::sample38
Kumar2022_Other-Models,Other-Models,sample39,B_cell,B cell,Kumar2022_Other-Models::sample39
Kumar2022_Other-Models,Other-Models,sample39,T_cell,T cell,Kumar2022_Other-Models::sample39
Kumar2022_Other-Models,Other-Models,sample39,Epithelial,Epithelial,Kumar2022_Other-Models::sample39
Kumar2022_Other-Models,Other-Models,sample39,Fibroblast,Fibroblast,Kumar2022_Other-Models::sample39
Kumar2022_Other-Models,Other-Models,sample39,Macrophage,Macrophage,Kumar2022_Other-Models::sample39
Kumar2022_Other-Models,Other-Models,sample39,NK_cell,NK cell,Kumar2022_Other-Models::sample39
Kumar2022_Other-Models,Other-Models,sample39,Endothelial,Endothelial,Kumar2022_Other-Models::sample39
Kumar2022_Other-Models,Other-Models,sample39,Dendritic,Dendritic,Kumar2022_Other-Models::sample39
Kumar2022_Other-Models,Other-Models,sample39,Mast,Mast,Kumar2022_Other-Models::sample39
Kumar2022_Other-Models,Other-Models,sample40,Macrophage,Macrophage,Kumar2022_Other-Models::sample40
Kumar2022_Other-Models,Other-Models,sample40,Endothelial,Endothelial,Kumar2022_Other-Models::sample40
Kumar2022_Other-Models,Other-Models,sample40,T_cell,T cell,Kumar2022_Other-Models::sample40
Kumar2022_Other-Models,Other-Models,sample40,Epithelial,Epithelial,Kumar2022_Other-Models::sample40
Kumar2022_Other-Models,Other-Models,sample40,NK_cell,NK cell,Kumar2022_Other-Models::sample40
Kumar2022_Other-Models,Other-Models,sample40,B_cell,B cell,Kumar2022_Other-Models::sample40
Kumar2022_Other-Models,Other-Models,sample40,Mast,Mast,Kumar2022_Other-Models::sample40
Kumar2022_Other-Models,Other-Models,sample40,Fibroblast,Fibroblast,Kumar2022_Other-Models::sample40
Kumar2022_Other-Models,Other-Models,sample40,Dendritic,Dendritic,Kumar2022_Other-Models::sample40
Yao2020_Other-Models,Other-Models,0,Fibroblast,Fibroblast,Yao2020_Other-Models::0
Yao2020_Other-Models,Other-Models,0,Myocyte,Myocyte,Yao2020_Other-Models::0
Yao2020_Other-Models,Other-Models,0,Endothelial,Endothelial,Yao2020_Other-Models::0
Yao2020_Other-Models,Other-Models,0,Epithelial,Epithelial,Yao2020_Other-Models::0
Yao2020_Other-Models,Other-Models,12,Myocyte,Myocyte,Yao2020_Other-Models::12
Yao2020_Other-Models,Other-Models,12,Fibroblast,Fibroblast,Yao2020_Other-Models::12
Yao2020_Other-Models,Other-Models,12,Epithelial,Epithelial,Yao2020_Other-Models::12
Yao2020_Other-Models,Other-Models,12,Endothelial,Endothelial,Yao2020_Other-Models::12
Yao2020_Other-Models,Other-Models,20,Fibroblast,Fibroblast,Yao2020_Other-Models::20
Yao2020_Other-Models,Other-Models,20,Myocyte,Myocyte,Yao2020_Other-Models::20
Yao2020_Other-Models,Other-Models,20,Epithelial,Epithelial,Yao2020_Other-Models::20
Yao2020_Other-Models,Other-Models,20,Endothelial,Endothelial,Yao2020_Other-Models::20
Yao2020_Other-Models,Other-Models,22,Endothelial,Endothelial,Yao2020_Other-Models::22
Yao2020_Other-Models,Other-Models,22,Fibroblast,Fibroblast,Yao2020_Other-Models::22
Yao2020_Other-Models,Other-Models,22,Myocyte,Myocyte,Yao2020_Other-Models::22
Yao2020_Other-Models,Other-Models,22,Epithelial,Epithelial,Yao2020_Other-Models::22
Yao2020_Other-Models,Other-Models,24,Fibroblast,Fibroblast,Yao2020_Other-Models::24
Yao2020_Other-Models,Other-Models,24,Epithelial,Epithelial,Yao2020_Other-Models::24
Yao2020_Other-Models,Other-Models,24,Myocyte,Myocyte,Yao2020_Other-Models::24
Yao2020_Other-Models,Other-Models,24,Endothelial,Endothelial,Yao2020_Other-Models::24
Yao2020_Other-Models,Other-Models,26,Fibroblast,Fibroblast,Yao2020_Other-Models::26
Yao2020_Other-Models,Other-Models,26,Endothelial,Endothelial,Yao2020_Other-Models::26
Yao2020_Other-Models,Other-Models,26,Epithelial,Epithelial,Yao2020_Other-Models::26
Yao2020_Other-Models,Other-Models,26,Myocyte,Myocyte,Yao2020_Other-Models::26
Zhang2019_Other-Models,Other-Models,NAG1,Epithelial,Epithelial,Zhang2019_Other-Models::NAG1
Zhang2019_Other-Models,Other-Models,NAG1,Macrophage,Macrophage,Zhang2019_Other-Models::NAG1
Zhang2019_Other-Models,Other-Models,NAG1,Endocrine,Endocrine,Zhang2019_Other-Models::NAG1
Zhang2019_Other-Models,Other-Models,NAG2,Epithelial,Epithelial,Zhang2019_Other-Models::NAG2
Zhang2019_Other-Models,Other-Models,NAG2,Fibroblast,Fibroblast,Zhang2019_Other-Models::NAG2
Zhang2019_Other-Models,Other-Models,NAG2,Endothelial,Endothelial,Zhang2019_Other-Models::NAG2
Zhang2019_Other-Models,Other-Models,NAG2,Endocrine,Endocrine,Zhang2019_Other-Models::NAG2
Zhang2019_Other-Models,Other-Models,NAG2,Macrophage,Macrophage,Zhang2019_Other-Models::NAG2
Zhang2019_Other-Models,Other-Models,NAG3,Epithelial,Epithelial,Zhang2019_Other-Models::NAG3
Zhang2019_Other-Models,Other-Models,NAG3,Endocrine,Endocrine,Zhang2019_Other-Models::NAG3
Zhang2019_Other-Models,Other-Models,NAG3,Plasma,Plasma,Zhang2019_Other-Models::NAG3
Zhang2019_Other-Models,Other-Models,NAG3,Fibroblast,Fibroblast,Zhang2019_Other-Models::NAG3
Zhang2019_Other-Models,Other-Models,NAG3,Macrophage,Macrophage,Zhang2019_Other-Models::NAG3
Zhang2019_Other-Models,Other-Models,CAG1,Epithelial,Epithelial,Zhang2019_Other-Models::CAG1
Zhang2019_Other-Models,Other-Models,CAG1,Endocrine,Endocrine,Zhang2019_Other-Models::CAG1
Zhang2019_Other-Models,Other-Models,CAG1,T_NK_cell,T NK cell,Zhang2019_Other-Models::CAG1
Zhang2019_Other-Models,Other-Models,CAG1,Endothelial,Endothelial,Zhang2019_Other-Models::CAG1
Zhang2019_Other-Models,Other-Models,CAG1,Pericyte,Pericyte,Zhang2019_Other-Models::CAG1
Zhang2019_Other-Models,Other-Models,CAG1,Fibroblast,Fibroblast,Zhang2019_Other-Models::CAG1
Zhang2019_Other-Models,Other-Models,CAG2,Endocrine,Endocrine,Zhang2019_Other-Models::CAG2
Zhang2019_Other-Models,Other-Models,CAG2,Epithelial,Epithelial,Zhang2019_Other-Models::CAG2
Zhang2019_Other-Models,Other-Models,CAG2,T_NK_cell,T NK cell,Zhang2019_Other-Models::CAG2
Zhang2019_Other-Models,Other-Models,CAG2,Fibroblast,Fibroblast,Zhang2019_Other-Models::CAG2
Zhang2019_Other-Models,Other-Models,CAG2,Plasma,Plasma,Zhang2019_Other-Models::CAG2
Zhang2019_Other-Models,Other-Models,CAG2,Mast,Mast,Zhang2019_Other-Models::CAG2
Zhang2019_Other-Models,Other-Models,CAG2,Endothelial,Endothelial,Zhang2019_Other-Models::CAG2
Zhang2019_Other-Models,Other-Models,CAG2,Pericyte,Pericyte,Zhang2019_Other-Models::CAG2
Zhang2019_Other-Models,Other-Models,CAG3,Endocrine,Endocrine,Zhang2019_Other-Models::CAG3
Zhang2019_Other-Models,Other-Models,CAG3,Epithelial,Epithelial,Zhang2019_Other-Models::CAG3
Zhang2019_Other-Models,Other-Models,CAG3,Fibroblast,Fibroblast,Zhang2019_Other-Models::CAG3
Zhang2019_Other-Models,Other-Models,CAG3,Plasma,Plasma,Zhang2019_Other-Models::CAG3
Zhang2019_Other-Models,Other-Models,CAG3,Macrophage,Macrophage,Zhang2019_Other-Models::CAG3
Zhang2019_Other-Models,Other-Models,CAG3,Mast,Mast,Zhang2019_Other-Models::CAG3
Zhang2019_Other-Models,Other-Models,CAG3,Pericyte,Pericyte,Zhang2019_Other-Models::CAG3
Zhang2019_Other-Models,Other-Models,CAG3,Endothelial,Endothelial,Zhang2019_Other-Models::CAG3
Zhang2019_Other-Models,Other-Models,IMW1,Epithelial,Epithelial,Zhang2019_Other-Models::IMW1
Zhang2019_Other-Models,Other-Models,IMW1,T_NK_cell,T NK cell,Zhang2019_Other-Models::IMW1
Zhang2019_Other-Models,Other-Models,IMW1,Plasma,Plasma,Zhang2019_Other-Models::IMW1
Zhang2019_Other-Models,Other-Models,IMW1,Fibroblast,Fibroblast,Zhang2019_Other-Models::IMW1
Zhang2019_Other-Models,Other-Models,IMW1,Endothelial,Endothelial,Zhang2019_Other-Models::IMW1
Zhang2019_Other-Models,Other-Models,IMW1,Endocrine,Endocrine,Zhang2019_Other-Models::IMW1
Zhang2019_Other-Models,Other-Models,IMW1,Macrophage,Macrophage,Zhang2019_Other-Models::IMW1
Zhang2019_Other-Models,Other-Models,IMW2,Plasma,Plasma,Zhang2019_Other-Models::IMW2
Zhang2019_Other-Models,Other-Models,IMW2,Pericyte,Pericyte,Zhang2019_Other-Models::IMW2
Zhang2019_Other-Models,Other-Models,IMW2,Fibroblast,Fibroblast,Zhang2019_Other-Models::IMW2
Zhang2019_Other-Models,Other-Models,IMW2,T_NK_cell,T NK cell,Zhang2019_Other-Models::IMW2
Zhang2019_Other-Models,Other-Models,IMW2,Epithelial,Epithelial,Zhang2019_Other-Models::IMW2
Zhang2019_Other-Models,Other-Models,IMW2,Endocrine,Endocrine,Zhang2019_Other-Models::IMW2
Zhang2019_Other-Models,Other-Models,IMW2,Macrophage,Macrophage,Zhang2019_Other-Models::IMW2
Zhang2019_Other-Models,Other-Models,IMS1,Epithelial,Epithelial,Zhang2019_Other-Models::IMS1
Zhang2019_Other-Models,Other-Models,IMS1,Fibroblast,Fibroblast,Zhang2019_Other-Models::IMS1
Zhang2019_Other-Models,Other-Models,IMS1,Plasma,Plasma,Zhang2019_Other-Models::IMS1
Zhang2019_Other-Models,Other-Models,IMS1,Endothelial,Endothelial,Zhang2019_Other-Models::IMS1
Zhang2019_Other-Models,Other-Models,IMS1,Macrophage,Macrophage,Zhang2019_Other-Models::IMS1
Zhang2019_Other-Models,Other-Models,IMS1,Mast,Mast,Zhang2019_Other-Models::IMS1
Zhang2019_Other-Models,Other-Models,IMS2,Epithelial,Epithelial,Zhang2019_Other-Models::IMS2
Zhang2019_Other-Models,Other-Models,IMS2,Plasma,Plasma,Zhang2019_Other-Models::IMS2
Zhang2019_Other-Models,Other-Models,IMS2,Macrophage,Macrophage,Zhang2019_Other-Models::IMS2
Zhang2019_Other-Models,Other-Models,IMS2,Endothelial,Endothelial,Zhang2019_Other-Models::IMS2
Zhang2019_Other-Models,Other-Models,IMS2,Fibroblast,Fibroblast,Zhang2019_Other-Models::IMS2
Zhang2019_Other-Models,Other-Models,IMS2,Mast,Mast,Zhang2019_Other-Models::IMS2
Zhang2019_Other-Models,Other-Models,IMS2,Endocrine,Endocrine,Zhang2019_Other-Models::IMS2
Zhang2019_Other-Models,Other-Models,IMS3,T_NK_cell,T NK cell,Zhang2019_Other-Models::IMS3
Zhang2019_Other-Models,Other-Models,IMS3,Endothelial,Endothelial,Zhang2019_Other-Models::IMS3
Zhang2019_Other-Models,Other-Models,IMS3,Epithelial,Epithelial,Zhang2019_Other-Models::IMS3
Zhang2019_Other-Models,Other-Models,IMS3,Fibroblast,Fibroblast,Zhang2019_Other-Models::IMS3
Zhang2019_Other-Models,Other-Models,IMS3,Macrophage,Macrophage,Zhang2019_Other-Models::IMS3
Zhang2019_Other-Models,Other-Models,IMS4,Epithelial,Epithelial,Zhang2019_Other-Models::IMS4
Zhang2019_Other-Models,Other-Models,IMS4,Endocrine,Endocrine,Zhang2019_Other-Models::IMS4
Zhang2019_Other-Models,Other-Models,IMS4,Macrophage,Macrophage,Zhang2019_Other-Models::IMS4
Zhang2019_Other-Models,Other-Models,IMS4,Plasma,Plasma,Zhang2019_Other-Models::IMS4
Zhang2019_Other-Models,Other-Models,IMS4,Fibroblast,Fibroblast,Zhang2019_Other-Models::IMS4
Zhang2019_Other-Models,Other-Models,IMS4,Endothelial,Endothelial,Zhang2019_Other-Models::IMS4
Zhang2019_Other-Models,Other-Models,IMS4,T_NK_cell,T NK cell,Zhang2019_Other-Models::IMS4
Zhang2019_Other-Models,Other-Models,IMS4,Mast,Mast,Zhang2019_Other-Models::IMS4
Zhang2019_Other-Models,Other-Models,IMS4,Pericyte,Pericyte,Zhang2019_Other-Models::IMS4
Zhang2019_Other-Models,Other-Models,EGC,Epithelial,Epithelial,Zhang2019_Other-Models::EGC
Zhang2019_Other-Models,Other-Models,EGC,T_NK_cell,T NK cell,Zhang2019_Other-Models::EGC
Geistlinger2020_Ovarian,Ovarian,T59,Macrophage,Macrophage,Geistlinger2020_Ovarian::T59
Geistlinger2020_Ovarian,Ovarian,T59,Malignant,Malignant,Geistlinger2020_Ovarian::T59
Geistlinger2020_Ovarian,Ovarian,T59,Fibroblast,Fibroblast,Geistlinger2020_Ovarian::T59
Geistlinger2020_Ovarian,Ovarian,T59,T_cell,T cell,Geistlinger2020_Ovarian::T59
Geistlinger2020_Ovarian,Ovarian,T59,Endothelial,Endothelial,Geistlinger2020_Ovarian::T59
Geistlinger2020_Ovarian,Ovarian,T59,B_cell,B cell,Geistlinger2020_Ovarian::T59
Geistlinger2020_Ovarian,Ovarian,T59,Epithelial,Epithelial,Geistlinger2020_Ovarian::T59
Geistlinger2020_Ovarian,Ovarian,T59,NK_cell,NK cell,Geistlinger2020_Ovarian::T59
Geistlinger2020_Ovarian,Ovarian,T59,Plasma,Plasma,Geistlinger2020_Ovarian::T59
Geistlinger2020_Ovarian,Ovarian,T76,T_cell,T cell,Geistlinger2020_Ovarian::T76
Geistlinger2020_Ovarian,Ovarian,T76,Pericyte,Pericyte,Geistlinger2020_Ovarian::T76
Geistlinger2020_Ovarian,Ovarian,T76,Macrophage,Macrophage,Geistlinger2020_Ovarian::T76
Geistlinger2020_Ovarian,Ovarian,T76,Fibroblast,Fibroblast,Geistlinger2020_Ovarian::T76
Geistlinger2020_Ovarian,Ovarian,T76,Malignant,Malignant,Geistlinger2020_Ovarian::T76
Geistlinger2020_Ovarian,Ovarian,T76,B_cell,B cell,Geistlinger2020_Ovarian::T76
Geistlinger2020_Ovarian,Ovarian,T76,NK_cell,NK cell,Geistlinger2020_Ovarian::T76
Geistlinger2020_Ovarian,Ovarian,T76,Endothelial,Endothelial,Geistlinger2020_Ovarian::T76
Geistlinger2020_Ovarian,Ovarian,T76,Epithelial,Epithelial,Geistlinger2020_Ovarian::T76
Geistlinger2020_Ovarian,Ovarian,T77,T_cell,T cell,Geistlinger2020_Ovarian::T77
Geistlinger2020_Ovarian,Ovarian,T77,B_cell,B cell,Geistlinger2020_Ovarian::T77
Geistlinger2020_Ovarian,Ovarian,T77,Macrophage,Macrophage,Geistlinger2020_Ovarian::T77
Geistlinger2020_Ovarian,Ovarian,T77,Malignant,Malignant,Geistlinger2020_Ovarian::T77
Geistlinger2020_Ovarian,Ovarian,T77,NK_cell,NK cell,Geistlinger2020_Ovarian::T77
Geistlinger2020_Ovarian,Ovarian,T77,Epithelial,Epithelial,Geistlinger2020_Ovarian::T77
Geistlinger2020_Ovarian,Ovarian,T77,Plasma,Plasma,Geistlinger2020_Ovarian::T77
Geistlinger2020_Ovarian,Ovarian,T77,Fibroblast,Fibroblast,Geistlinger2020_Ovarian::T77
Geistlinger2020_Ovarian,Ovarian,T89,T_cell,T cell,Geistlinger2020_Ovarian::T89
Geistlinger2020_Ovarian,Ovarian,T89,NK_cell,NK cell,Geistlinger2020_Ovarian::T89
Geistlinger2020_Ovarian,Ovarian,T89,Macrophage,Macrophage,Geistlinger2020_Ovarian::T89
Geistlinger2020_Ovarian,Ovarian,T89,B_cell,B cell,Geistlinger2020_Ovarian::T89
Geistlinger2020_Ovarian,Ovarian,T89,Endothelial,Endothelial,Geistlinger2020_Ovarian::T89
Geistlinger2020_Ovarian,Ovarian,T89,Plasma,Plasma,Geistlinger2020_Ovarian::T89
Geistlinger2020_Ovarian,Ovarian,T89,Malignant,Malignant,Geistlinger2020_Ovarian::T89
Geistlinger2020_Ovarian,Ovarian,T89,Fibroblast,Fibroblast,Geistlinger2020_Ovarian::T89
Geistlinger2020_Ovarian,Ovarian,T89,Epithelial,Epithelial,Geistlinger2020_Ovarian::T89
Geistlinger2020_Ovarian,Ovarian,T90,Macrophage,Macrophage,Geistlinger2020_Ovarian::T90
Geistlinger2020_Ovarian,Ovarian,T90,NK_cell,NK cell,Geistlinger2020_Ovarian::T90
Geistlinger2020_Ovarian,Ovarian,T90,T_cell,T cell,Geistlinger2020_Ovarian::T90
Geistlinger2020_Ovarian,Ovarian,T90,Malignant,Malignant,Geistlinger2020_Ovarian::T90
Geistlinger2020_Ovarian,Ovarian,T90,Fibroblast,Fibroblast,Geistlinger2020_Ovarian::T90
Geistlinger2020_Ovarian,Ovarian,T90,B_cell,B cell,Geistlinger2020_Ovarian::T90
Geistlinger2020_Ovarian,Ovarian,T90,Endothelial,Endothelial,Geistlinger2020_Ovarian::T90
Geistlinger2020_Ovarian,Ovarian,T90,Epithelial,Epithelial,Geistlinger2020_Ovarian::T90
Geistlinger2020_Ovarian,Ovarian,T90,Plasma,Plasma,Geistlinger2020_Ovarian::T90
Izar2020_Ovarian,Ovarian,7,Malignant,Malignant,Izar2020_Ovarian::7
Izar2020_Ovarian,Ovarian,8,Malignant,Malignant,Izar2020_Ovarian::8
Izar2020_Ovarian,Ovarian,8,Macrophage,Macrophage,Izar2020_Ovarian::8
Izar2020_Ovarian,Ovarian,7,Macrophage,Macrophage,Izar2020_Ovarian::7
Izar2020_Ovarian,Ovarian,11,Macrophage,Macrophage,Izar2020_Ovarian::11
Izar2020_Ovarian,Ovarian,11,Malignant,Malignant,Izar2020_Ovarian::11
Izar2020_Ovarian,Ovarian,9,Malignant,Malignant,Izar2020_Ovarian::9
Izar2020_Ovarian,Ovarian,10,Malignant,Malignant,Izar2020_Ovarian::10
Izar2020_Ovarian,Ovarian,11,Fibroblast,Fibroblast,Izar2020_Ovarian::11
Izar2020_Ovarian,Ovarian,5,Malignant,Malignant,Izar2020_Ovarian::5
Nath2021_Ovarian,Ovarian,P02,Malignant,Malignant,Nath2021_Ovarian::P02
Nath2021_Ovarian,Ovarian,P03,Malignant,Malignant,Nath2021_Ovarian::P03
Olalekan2021_Ovarian,Ovarian,omentum2834,Malignant,Malignant,Olalekan2021_Ovarian::omentum2834
Olalekan2021_Ovarian,Ovarian,omentum2834,Fibroblast,Fibroblast,Olalekan2021_Ovarian::omentum2834
Olalekan2021_Ovarian,Ovarian,omentum2834,ESC,ESC,Olalekan2021_Ovarian::omentum2834
Olalekan2021_Ovarian,Ovarian,omentum2834,MSC,MSC,Olalekan2021_Ovarian::omentum2834
Olalekan2021_Ovarian,Ovarian,omentum2834,T_cell,T cell,Olalekan2021_Ovarian::omentum2834
Olalekan2021_Ovarian,Ovarian,omentum2834,Monocyte,Monocyte,Olalekan2021_Ovarian::omentum2834
Olalekan2021_Ovarian,Ovarian,omentum2834,Endothelial,Endothelial,Olalekan2021_Ovarian::omentum2834
Olalekan2021_Ovarian,Ovarian,omentum2834,Plasma,Plasma,Olalekan2021_Ovarian::omentum2834
Olalekan2021_Ovarian,Ovarian,omentum2834,B_cell,B cell,Olalekan2021_Ovarian::omentum2834
Olalekan2021_Ovarian,Ovarian,omentum2834,Dendritic,Dendritic,Olalekan2021_Ovarian::omentum2834
Olalekan2021_Ovarian,Ovarian,omentum3233,Malignant,Malignant,Olalekan2021_Ovarian::omentum3233
Olalekan2021_Ovarian,Ovarian,omentum3233,ESC,ESC,Olalekan2021_Ovarian::omentum3233
Olalekan2021_Ovarian,Ovarian,omentum3233,B_cell,B cell,Olalekan2021_Ovarian::omentum3233
Olalekan2021_Ovarian,Ovarian,omentum3233,T_cell,T cell,Olalekan2021_Ovarian::omentum3233
Olalekan2021_Ovarian,Ovarian,omentum3233,Fibroblast,Fibroblast,Olalekan2021_Ovarian::omentum3233
Olalekan2021_Ovarian,Ovarian,omentum3233,Monocyte,Monocyte,Olalekan2021_Ovarian::omentum3233
Olalekan2021_Ovarian,Ovarian,omentum3233,Plasma,Plasma,Olalekan2021_Ovarian::omentum3233
Olalekan2021_Ovarian,Ovarian,omentum3233,MSC,MSC,Olalekan2021_Ovarian::omentum3233
Olalekan2021_Ovarian,Ovarian,omentum3233,Endothelial,Endothelial,Olalekan2021_Ovarian::omentum3233
Olalekan2021_Ovarian,Ovarian,omentum3401,Fibroblast,Fibroblast,Olalekan2021_Ovarian::omentum3401
Olalekan2021_Ovarian,Ovarian,omentum3401,Monocyte,Monocyte,Olalekan2021_Ovarian::omentum3401
Olalekan2021_Ovarian,Ovarian,omentum3401,Malignant,Malignant,Olalekan2021_Ovarian::omentum3401
Olalekan2021_Ovarian,Ovarian,omentum3401,B_cell,B cell,Olalekan2021_Ovarian::omentum3401
Olalekan2021_Ovarian,Ovarian,omentum3401,T_cell,T cell,Olalekan2021_Ovarian::omentum3401
Olalekan2021_Ovarian,Ovarian,omentum3401,MSC,MSC,Olalekan2021_Ovarian::omentum3401
Olalekan2021_Ovarian,Ovarian,omentum3401,Plasma,Plasma,Olalekan2021_Ovarian::omentum3401
Olalekan2021_Ovarian,Ovarian,omentum3401,Endothelial,Endothelial,Olalekan2021_Ovarian::omentum3401
Olalekan2021_Ovarian,Ovarian,omentum3401,ESC,ESC,Olalekan2021_Ovarian::omentum3401
Olalekan2021_Ovarian,Ovarian,omentum3401,Dendritic,Dendritic,Olalekan2021_Ovarian::omentum3401
Olalekan2021_Ovarian,Ovarian,omentum4806,Malignant,Malignant,Olalekan2021_Ovarian::omentum4806
Olalekan2021_Ovarian,Ovarian,omentum4806,Fibroblast,Fibroblast,Olalekan2021_Ovarian::omentum4806
Olalekan2021_Ovarian,Ovarian,omentum4806,ESC,ESC,Olalekan2021_Ovarian::omentum4806
Olalekan2021_Ovarian,Ovarian,omentum4806,Endothelial,Endothelial,Olalekan2021_Ovarian::omentum4806
Olalekan2021_Ovarian,Ovarian,omentum4806,T_cell,T cell,Olalekan2021_Ovarian::omentum4806
Olalekan2021_Ovarian,Ovarian,omentum4806,MSC,MSC,Olalekan2021_Ovarian::omentum4806
Olalekan2021_Ovarian,Ovarian,omentum4806,Plasma,Plasma,Olalekan2021_Ovarian::omentum4806
Olalekan2021_Ovarian,Ovarian,omentum4806,Monocyte,Monocyte,Olalekan2021_Ovarian::omentum4806
Olalekan2021_Ovarian,Ovarian,omentum4806,B_cell,B cell,Olalekan2021_Ovarian::omentum4806
Olalekan2021_Ovarian,Ovarian,omentum5150,Malignant,Malignant,Olalekan2021_Ovarian::omentum5150
Olalekan2021_Ovarian,Ovarian,omentum5150,Monocyte,Monocyte,Olalekan2021_Ovarian::omentum5150
Olalekan2021_Ovarian,Ovarian,omentum5150,Plasma,Plasma,Olalekan2021_Ovarian::omentum5150
Olalekan2021_Ovarian,Ovarian,omentum5150,B_cell,B cell,Olalekan2021_Ovarian::omentum5150
Olalekan2021_Ovarian,Ovarian,omentum5150,Endothelial,Endothelial,Olalekan2021_Ovarian::omentum5150
Olalekan2021_Ovarian,Ovarian,omentum5150,ESC,ESC,Olalekan2021_Ovarian::omentum5150
Olalekan2021_Ovarian,Ovarian,omentum5150,Fibroblast,Fibroblast,Olalekan2021_Ovarian::omentum5150
Olalekan2021_Ovarian,Ovarian,omentum5150,T_cell,T cell,Olalekan2021_Ovarian::omentum5150
Olalekan2021_Ovarian,Ovarian,omentum5150,MSC,MSC,Olalekan2021_Ovarian::omentum5150
Olalekan2021_Ovarian,Ovarian,omentum5150,Dendritic,Dendritic,Olalekan2021_Ovarian::omentum5150
Olalekan2021_Ovarian,Ovarian,omentum6885,Fibroblast,Fibroblast,Olalekan2021_Ovarian::omentum6885
Olalekan2021_Ovarian,Ovarian,omentum6885,Monocyte,Monocyte,Olalekan2021_Ovarian::omentum6885
Olalekan2021_Ovarian,Ovarian,omentum6885,ESC,ESC,Olalekan2021_Ovarian::omentum6885
Olalekan2021_Ovarian,Ovarian,omentum6885,Malignant,Malignant,Olalekan2021_Ovarian::omentum6885
Olalekan2021_Ovarian,Ovarian,omentum6885,Plasma,Plasma,Olalekan2021_Ovarian::omentum6885
Olalekan2021_Ovarian,Ovarian,omentum6885,Endothelial,Endothelial,Olalekan2021_Ovarian::omentum6885
Olalekan2021_Ovarian,Ovarian,omentum6885,T_cell,T cell,Olalekan2021_Ovarian::omentum6885
Olalekan2021_Ovarian,Ovarian,omentum6885,Dendritic,Dendritic,Olalekan2021_Ovarian::omentum6885
Olalekan2021_Ovarian,Ovarian,omentum6885,B_cell,B cell,Olalekan2021_Ovarian::omentum6885
Olalekan2021_Ovarian,Ovarian,omentum6885,MSC,MSC,Olalekan2021_Ovarian::omentum6885
Olbrecht2021_Ovarian,Ovarian,P1_omentum_tumor,Fibroblast,Fibroblast,Olbrecht2021_Ovarian::P1_omentum_tumor
Olbrecht2021_Ovarian,Ovarian,P1_omentum_tumor,Endothelial,Endothelial,Olbrecht2021_Ovarian::P1_omentum_tumor
Olbrecht2021_Ovarian,Ovarian,P1_omentum_tumor,Malignant,Malignant,Olbrecht2021_Ovarian::P1_omentum_tumor
Olbrecht2021_Ovarian,Ovarian,P1_omentum_tumor,Macrophage,Macrophage,Olbrecht2021_Ovarian::P1_omentum_tumor
Olbrecht2021_Ovarian,Ovarian,P1_omentum_tumor,T_cell,T cell,Olbrecht2021_Ovarian::P1_omentum_tumor
Olbrecht2021_Ovarian,Ovarian,P1_omentum_tumor,Epithelial,Epithelial,Olbrecht2021_Ovarian::P1_omentum_tumor
Olbrecht2021_Ovarian,Ovarian,P1_omentum_tumor,Ovary_stromal,Ovary stromal,Olbrecht2021_Ovarian::P1_omentum_tumor
Olbrecht2021_Ovarian,Ovarian,P1_omentum_tumor,Pericyte,Pericyte,Olbrecht2021_Ovarian::P1_omentum_tumor
Olbrecht2021_Ovarian,Ovarian,P1_omentum_tumor,B_cell,B cell,Olbrecht2021_Ovarian::P1_omentum_tumor
Olbrecht2021_Ovarian,Ovarian,P1_omentum_tumor,Smooth_muscle,Smooth muscle,Olbrecht2021_Ovarian::P1_omentum_tumor
Olbrecht2021_Ovarian,Ovarian,P1_omentum_normal,Fibroblast,Fibroblast,Olbrecht2021_Ovarian::P1_omentum_normal
Olbrecht2021_Ovarian,Ovarian,P1_omentum_normal,Macrophage,Macrophage,Olbrecht2021_Ovarian::P1_omentum_normal
Olbrecht2021_Ovarian,Ovarian,P1_omentum_normal,Malignant,Malignant,Olbrecht2021_Ovarian::P1_omentum_normal
Olbrecht2021_Ovarian,Ovarian,P1_omentum_normal,Endothelial,Endothelial,Olbrecht2021_Ovarian::P1_omentum_normal
Olbrecht2021_Ovarian,Ovarian,P1_omentum_normal,B_cell,B cell,Olbrecht2021_Ovarian::P1_omentum_normal
Olbrecht2021_Ovarian,Ovarian,P1_omentum_normal,Smooth_muscle,Smooth muscle,Olbrecht2021_Ovarian::P1_omentum_normal
Olbrecht2021_Ovarian,Ovarian,P1_peritoneum_normal,Endothelial,Endothelial,Olbrecht2021_Ovarian::P1_peritoneum_normal
Olbrecht2021_Ovarian,Ovarian,P1_peritoneum_normal,Fibroblast,Fibroblast,Olbrecht2021_Ovarian::P1_peritoneum_normal
Olbrecht2021_Ovarian,Ovarian,P1_peritoneum_normal,Smooth_muscle,Smooth muscle,Olbrecht2021_Ovarian::P1_peritoneum_normal
Olbrecht2021_Ovarian,Ovarian,P1_peritoneum_normal,Macrophage,Macrophage,Olbrecht2021_Ovarian::P1_peritoneum_normal
Olbrecht2021_Ovarian,Ovarian,P1_peritoneum_normal,T_cell,T cell,Olbrecht2021_Ovarian::P1_peritoneum_normal
Olbrecht2021_Ovarian,Ovarian,P1_peritoneum_normal,Malignant,Malignant,Olbrecht2021_Ovarian::P1_peritoneum_normal
Olbrecht2021_Ovarian,Ovarian,P1_peritoneum_normal,B_cell,B cell,Olbrecht2021_Ovarian::P1_peritoneum_normal
Olbrecht2021_Ovarian,Ovarian,P1_peritoneum_tumor,Fibroblast,Fibroblast,Olbrecht2021_Ovarian::P1_peritoneum_tumor
Olbrecht2021_Ovarian,Ovarian,P1_peritoneum_tumor,Endothelial,Endothelial,Olbrecht2021_Ovarian::P1_peritoneum_tumor
Olbrecht2021_Ovarian,Ovarian,P1_peritoneum_tumor,Macrophage,Macrophage,Olbrecht2021_Ovarian::P1_peritoneum_tumor
Olbrecht2021_Ovarian,Ovarian,P1_peritoneum_tumor,Smooth_muscle,Smooth muscle,Olbrecht2021_Ovarian::P1_peritoneum_tumor
Olbrecht2021_Ovarian,Ovarian,P1_peritoneum_tumor,Malignant,Malignant,Olbrecht2021_Ovarian::P1_peritoneum_tumor
Olbrecht2021_Ovarian,Ovarian,P1_peritoneum_tumor,T_cell,T cell,Olbrecht2021_Ovarian::P1_peritoneum_tumor
Olbrecht2021_Ovarian,Ovarian,P1_peritoneum_tumor,B_cell,B cell,Olbrecht2021_Ovarian::P1_peritoneum_tumor
Olbrecht2021_Ovarian,Ovarian,P1_peritoneum_tumor,Ovary_stromal,Ovary stromal,Olbrecht2021_Ovarian::P1_peritoneum_tumor
Olbrecht2021_Ovarian,Ovarian,P1_ovary_tumor,Malignant,Malignant,Olbrecht2021_Ovarian::P1_ovary_tumor
Olbrecht2021_Ovarian,Ovarian,P1_ovary_tumor,Fibroblast,Fibroblast,Olbrecht2021_Ovarian::P1_ovary_tumor
Olbrecht2021_Ovarian,Ovarian,P1_ovary_tumor,Macrophage,Macrophage,Olbrecht2021_Ovarian::P1_ovary_tumor
Olbrecht2021_Ovarian,Ovarian,P1_ovary_tumor,Ovary_stromal,Ovary stromal,Olbrecht2021_Ovarian::P1_ovary_tumor
Olbrecht2021_Ovarian,Ovarian,P1_ovary_tumor,Epithelial,Epithelial,Olbrecht2021_Ovarian::P1_ovary_tumor
Olbrecht2021_Ovarian,Ovarian,P1_ovary_tumor,T_cell,T cell,Olbrecht2021_Ovarian::P1_ovary_tumor
Olbrecht2021_Ovarian,Ovarian,P1_ovary_tumor,Endothelial,Endothelial,Olbrecht2021_Ovarian::P1_ovary_tumor
Olbrecht2021_Ovarian,Ovarian,P1_ovary_tumor,Pericyte,Pericyte,Olbrecht2021_Ovarian::P1_ovary_tumor
Olbrecht2021_Ovarian,Ovarian,P1_ovary_tumor,Smooth_muscle,Smooth muscle,Olbrecht2021_Ovarian::P1_ovary_tumor
Olbrecht2021_Ovarian,Ovarian,P1_ovary_tumor,B_cell,B cell,Olbrecht2021_Ovarian::P1_ovary_tumor
Olbrecht2021_Ovarian,Ovarian,P2_peritoneum_tumor,Malignant,Malignant,Olbrecht2021_Ovarian::P2_peritoneum_tumor
Olbrecht2021_Ovarian,Ovarian,P2_peritoneum_tumor,Pericyte,Pericyte,Olbrecht2021_Ovarian::P2_peritoneum_tumor
Olbrecht2021_Ovarian,Ovarian,P2_peritoneum_tumor,T_cell,T cell,Olbrecht2021_Ovarian::P2_peritoneum_tumor
Olbrecht2021_Ovarian,Ovarian,P2_peritoneum_tumor,Fibroblast,Fibroblast,Olbrecht2021_Ovarian::P2_peritoneum_tumor
Olbrecht2021_Ovarian,Ovarian,P2_peritoneum_tumor,Macrophage,Macrophage,Olbrecht2021_Ovarian::P2_peritoneum_tumor
Olbrecht2021_Ovarian,Ovarian,P2_peritoneum_tumor,Endothelial,Endothelial,Olbrecht2021_Ovarian::P2_peritoneum_tumor
Olbrecht2021_Ovarian,Ovarian,P2_peritoneum_tumor,B_cell,B cell,Olbrecht2021_Ovarian::P2_peritoneum_tumor
Olbrecht2021_Ovarian,Ovarian,P2_peritoneum_tumor,Epithelial,Epithelial,Olbrecht2021_Ovarian::P2_peritoneum_tumor
Olbrecht2021_Ovarian,Ovarian,P2_peritoneum_tumor,Smooth_muscle,Smooth muscle,Olbrecht2021_Ovarian::P2_peritoneum_tumor
Olbrecht2021_Ovarian,Ovarian,P4_ovary_tumor,Malignant,Malignant,Olbrecht2021_Ovarian::P4_ovary_tumor
Olbrecht2021_Ovarian,Ovarian,P4_ovary_tumor,Epithelial,Epithelial,Olbrecht2021_Ovarian::P4_ovary_tumor
Olbrecht2021_Ovarian,Ovarian,P4_ovary_tumor,T_cell,T cell,Olbrecht2021_Ovarian::P4_ovary_tumor
Olbrecht2021_Ovarian,Ovarian,P4_ovary_tumor,Macrophage,Macrophage,Olbrecht2021_Ovarian::P4_ovary_tumor
Olbrecht2021_Ovarian,Ovarian,P4_ovary_tumor,Endothelial,Endothelial,Olbrecht2021_Ovarian::P4_ovary_tumor
Olbrecht2021_Ovarian,Ovarian,P4_ovary_tumor,B_cell,B cell,Olbrecht2021_Ovarian::P4_ovary_tumor
Olbrecht2021_Ovarian,Ovarian,P4_ovary_tumor,Pericyte,Pericyte,Olbrecht2021_Ovarian::P4_ovary_tumor
Olbrecht2021_Ovarian,Ovarian,P4_ovary_tumor,Fibroblast,Fibroblast,Olbrecht2021_Ovarian::P4_ovary_tumor
Olbrecht2021_Ovarian,Ovarian,P4_ovary_normal,Smooth_muscle,Smooth muscle,Olbrecht2021_Ovarian::P4_ovary_normal
Olbrecht2021_Ovarian,Ovarian,P4_ovary_normal,Ovary_stromal,Ovary stromal,Olbrecht2021_Ovarian::P4_ovary_normal
Olbrecht2021_Ovarian,Ovarian,P4_ovary_normal,Endothelial,Endothelial,Olbrecht2021_Ovarian::P4_ovary_normal
Olbrecht2021_Ovarian,Ovarian,P4_ovary_normal,Macrophage,Macrophage,Olbrecht2021_Ovarian::P4_ovary_normal
Olbrecht2021_Ovarian,Ovarian,P4_ovary_normal,T_cell,T cell,Olbrecht2021_Ovarian::P4_ovary_normal
Olbrecht2021_Ovarian,Ovarian,P4_ovary_normal,Fibroblast,Fibroblast,Olbrecht2021_Ovarian::P4_ovary_normal
Olbrecht2021_Ovarian,Ovarian,P4_ovary_normal,Epithelial,Epithelial,Olbrecht2021_Ovarian::P4_ovary_normal
Olbrecht2021_Ovarian,Ovarian,P4_ovary_normal,Pericyte,Pericyte,Olbrecht2021_Ovarian::P4_ovary_normal
Olbrecht2021_Ovarian,Ovarian,P4_ovary_normal,B_cell,B cell,Olbrecht2021_Ovarian::P4_ovary_normal
Olbrecht2021_Ovarian,Ovarian,P5_peritoneum_tumor,Fibroblast,Fibroblast,Olbrecht2021_Ovarian::P5_peritoneum_tumor
Olbrecht2021_Ovarian,Ovarian,P5_peritoneum_tumor,Pericyte,Pericyte,Olbrecht2021_Ovarian::P5_peritoneum_tumor
Olbrecht2021_Ovarian,Ovarian,P5_peritoneum_tumor,Malignant,Malignant,Olbrecht2021_Ovarian::P5_peritoneum_tumor
Olbrecht2021_Ovarian,Ovarian,P5_peritoneum_tumor,Macrophage,Macrophage,Olbrecht2021_Ovarian::P5_peritoneum_tumor
Olbrecht2021_Ovarian,Ovarian,P5_peritoneum_tumor,Endothelial,Endothelial,Olbrecht2021_Ovarian::P5_peritoneum_tumor
Olbrecht2021_Ovarian,Ovarian,P5_peritoneum_tumor,T_cell,T cell,Olbrecht2021_Ovarian::P5_peritoneum_tumor
Olbrecht2021_Ovarian,Ovarian,P5_peritoneum_tumor,B_cell,B cell,Olbrecht2021_Ovarian::P5_peritoneum_tumor
Olbrecht2021_Ovarian,Ovarian,P5_peritoneum_tumor,Epithelial,Epithelial,Olbrecht2021_Ovarian::P5_peritoneum_tumor
Olbrecht2021_Ovarian,Ovarian,P6_peritoneum_tumor,Epithelial,Epithelial,Olbrecht2021_Ovarian::P6_peritoneum_tumor
Olbrecht2021_Ovarian,Ovarian,P6_peritoneum_tumor,Malignant,Malignant,Olbrecht2021_Ovarian::P6_peritoneum_tumor
Olbrecht2021_Ovarian,Ovarian,P6_peritoneum_tumor,B_cell,B cell,Olbrecht2021_Ovarian::P6_peritoneum_tumor
Olbrecht2021_Ovarian,Ovarian,P6_peritoneum_tumor,Macrophage,Macrophage,Olbrecht2021_Ovarian::P6_peritoneum_tumor
Olbrecht2021_Ovarian,Ovarian,P6_peritoneum_tumor,Pericyte,Pericyte,Olbrecht2021_Ovarian::P6_peritoneum_tumor
Olbrecht2021_Ovarian,Ovarian,P6_peritoneum_tumor,Endothelial,Endothelial,Olbrecht2021_Ovarian::P6_peritoneum_tumor
Olbrecht2021_Ovarian,Ovarian,P6_peritoneum_tumor,Fibroblast,Fibroblast,Olbrecht2021_Ovarian::P6_peritoneum_tumor
Olbrecht2021_Ovarian,Ovarian,P6_peritoneum_tumor,T_cell,T cell,Olbrecht2021_Ovarian::P6_peritoneum_tumor
Olbrecht2021_Ovarian,Ovarian,P7_peritoneum_tumor,Malignant,Malignant,Olbrecht2021_Ovarian::P7_peritoneum_tumor
Olbrecht2021_Ovarian,Ovarian,P7_peritoneum_tumor,Macrophage,Macrophage,Olbrecht2021_Ovarian::P7_peritoneum_tumor
Olbrecht2021_Ovarian,Ovarian,P7_peritoneum_tumor,Fibroblast,Fibroblast,Olbrecht2021_Ovarian::P7_peritoneum_tumor
Olbrecht2021_Ovarian,Ovarian,P7_peritoneum_tumor,Pericyte,Pericyte,Olbrecht2021_Ovarian::P7_peritoneum_tumor
Olbrecht2021_Ovarian,Ovarian,P7_peritoneum_tumor,T_cell,T cell,Olbrecht2021_Ovarian::P7_peritoneum_tumor
Olbrecht2021_Ovarian,Ovarian,P7_peritoneum_tumor,Endothelial,Endothelial,Olbrecht2021_Ovarian::P7_peritoneum_tumor
Olbrecht2021_Ovarian,Ovarian,P7_peritoneum_tumor,Epithelial,Epithelial,Olbrecht2021_Ovarian::P7_peritoneum_tumor
Olbrecht2021_Ovarian,Ovarian,P7_peritoneum_tumor,Smooth_muscle,Smooth muscle,Olbrecht2021_Ovarian::P7_peritoneum_tumor
Qian2020_Ovarian,Ovarian,11,Fibroblast,Fibroblast,Qian2020_Ovarian::11
Qian2020_Ovarian,Ovarian,11,Endothelial,Endothelial,Qian2020_Ovarian::11
Qian2020_Ovarian,Ovarian,11,Macrophage,Macrophage,Qian2020_Ovarian::11
Qian2020_Ovarian,Ovarian,11,Malignant,Malignant,Qian2020_Ovarian::11
Qian2020_Ovarian,Ovarian,11,T_cell,T cell,Qian2020_Ovarian::11
Qian2020_Ovarian,Ovarian,11,B_cell,B cell,Qian2020_Ovarian::11
Qian2020_Ovarian,Ovarian,12,Fibroblast,Fibroblast,Qian2020_Ovarian::12
Qian2020_Ovarian,Ovarian,12,Macrophage,Macrophage,Qian2020_Ovarian::12
Qian2020_Ovarian,Ovarian,12,T_cell,T cell,Qian2020_Ovarian::12
Qian2020_Ovarian,Ovarian,12,Malignant,Malignant,Qian2020_Ovarian::12
Qian2020_Ovarian,Ovarian,12,Endothelial,Endothelial,Qian2020_Ovarian::12
Qian2020_Ovarian,Ovarian,12,B_cell,B cell,Qian2020_Ovarian::12
Qian2020_Ovarian,Ovarian,13,Malignant,Malignant,Qian2020_Ovarian::13
Qian2020_Ovarian,Ovarian,13,Fibroblast,Fibroblast,Qian2020_Ovarian::13
Qian2020_Ovarian,Ovarian,13,T_cell,T cell,Qian2020_Ovarian::13
Qian2020_Ovarian,Ovarian,13,B_cell,B cell,Qian2020_Ovarian::13
Qian2020_Ovarian,Ovarian,13,Endothelial,Endothelial,Qian2020_Ovarian::13
Qian2020_Ovarian,Ovarian,13,Macrophage,Macrophage,Qian2020_Ovarian::13
Qian2020_Ovarian,Ovarian,14,Malignant,Malignant,Qian2020_Ovarian::14
Qian2020_Ovarian,Ovarian,14,Macrophage,Macrophage,Qian2020_Ovarian::14
Qian2020_Ovarian,Ovarian,14,Endothelial,Endothelial,Qian2020_Ovarian::14
Qian2020_Ovarian,Ovarian,14,Fibroblast,Fibroblast,Qian2020_Ovarian::14
Qian2020_Ovarian,Ovarian,14,B_cell,B cell,Qian2020_Ovarian::14
Qian2020_Ovarian,Ovarian,14,T_cell,T cell,Qian2020_Ovarian::14
Regner2021_Ovarian,Ovarian,1,Malignant,Malignant,Regner2021_Ovarian::1
Regner2021_Ovarian,Ovarian,1,B_cell,B cell,Regner2021_Ovarian::1
Regner2021_Ovarian,Ovarian,1,Endothelial,Endothelial,Regner2021_Ovarian::1
Regner2021_Ovarian,Ovarian,1,Myocyte,Myocyte,Regner2021_Ovarian::1
Regner2021_Ovarian,Ovarian,1,Fibroblast,Fibroblast,Regner2021_Ovarian::1
Regner2021_Ovarian,Ovarian,1,Macrophage,Macrophage,Regner2021_Ovarian::1
Regner2021_Ovarian,Ovarian,1,T_cell,T cell,Regner2021_Ovarian::1
Regner2021_Ovarian,Ovarian,1,Mast,Mast,Regner2021_Ovarian::1
Regner2021_Ovarian,Ovarian,2,Fibroblast,Fibroblast,Regner2021_Ovarian::2
Regner2021_Ovarian,Ovarian,2,Malignant,Malignant,Regner2021_Ovarian::2
Regner2021_Ovarian,Ovarian,2,T_cell,T cell,Regner2021_Ovarian::2
Regner2021_Ovarian,Ovarian,2,Endothelial,Endothelial,Regner2021_Ovarian::2
Regner2021_Ovarian,Ovarian,2,Macrophage,Macrophage,Regner2021_Ovarian::2
Regner2021_Ovarian,Ovarian,2,Myocyte,Myocyte,Regner2021_Ovarian::2
Regner2021_Ovarian,Ovarian,2,Mast,Mast,Regner2021_Ovarian::2
Regner2021_Ovarian,Ovarian,2,B_cell,B cell,Regner2021_Ovarian::2
Regner2021_Ovarian,Ovarian,3,Malignant,Malignant,Regner2021_Ovarian::3
Regner2021_Ovarian,Ovarian,3,Fibroblast,Fibroblast,Regner2021_Ovarian::3
Regner2021_Ovarian,Ovarian,3,Myocyte,Myocyte,Regner2021_Ovarian::3
Regner2021_Ovarian,Ovarian,3,B_cell,B cell,Regner2021_Ovarian::3
Regner2021_Ovarian,Ovarian,3,Macrophage,Macrophage,Regner2021_Ovarian::3
Regner2021_Ovarian,Ovarian,3,Endothelial,Endothelial,Regner2021_Ovarian::3
Regner2021_Ovarian,Ovarian,3,T_cell,T cell,Regner2021_Ovarian::3
Regner2021_Ovarian,Ovarian,3,Mast,Mast,Regner2021_Ovarian::3
Regner2021_Ovarian,Ovarian,4,Fibroblast,Fibroblast,Regner2021_Ovarian::4
Regner2021_Ovarian,Ovarian,4,Malignant,Malignant,Regner2021_Ovarian::4
Regner2021_Ovarian,Ovarian,4,Macrophage,Macrophage,Regner2021_Ovarian::4
Regner2021_Ovarian,Ovarian,4,T_cell,T cell,Regner2021_Ovarian::4
Regner2021_Ovarian,Ovarian,4,Myocyte,Myocyte,Regner2021_Ovarian::4
Regner2021_Ovarian,Ovarian,4,B_cell,B cell,Regner2021_Ovarian::4
Regner2021_Ovarian,Ovarian,4,Endothelial,Endothelial,Regner2021_Ovarian::4
Regner2021_Ovarian,Ovarian,4,Mast,Mast,Regner2021_Ovarian::4
Regner2021_Ovarian,Ovarian,5,Malignant,Malignant,Regner2021_Ovarian::5
Regner2021_Ovarian,Ovarian,5,Fibroblast,Fibroblast,Regner2021_Ovarian::5
Regner2021_Ovarian,Ovarian,5,T_cell,T cell,Regner2021_Ovarian::5
Regner2021_Ovarian,Ovarian,5,Macrophage,Macrophage,Regner2021_Ovarian::5
Regner2021_Ovarian,Ovarian,5,Endothelial,Endothelial,Regner2021_Ovarian::5
Regner2021_Ovarian,Ovarian,5,B_cell,B cell,Regner2021_Ovarian::5
Regner2021_Ovarian,Ovarian,5,Myocyte,Myocyte,Regner2021_Ovarian::5
Regner2021_Ovarian,Ovarian,5,Mast,Mast,Regner2021_Ovarian::5
Regner2021_Ovarian,Ovarian,6,Fibroblast,Fibroblast,Regner2021_Ovarian::6
Regner2021_Ovarian,Ovarian,6,Malignant,Malignant,Regner2021_Ovarian::6
Regner2021_Ovarian,Ovarian,6,T_cell,T cell,Regner2021_Ovarian::6
Regner2021_Ovarian,Ovarian,6,B_cell,B cell,Regner2021_Ovarian::6
Regner2021_Ovarian,Ovarian,6,Myocyte,Myocyte,Regner2021_Ovarian::6
Regner2021_Ovarian,Ovarian,6,Macrophage,Macrophage,Regner2021_Ovarian::6
Regner2021_Ovarian,Ovarian,6,Endothelial,Endothelial,Regner2021_Ovarian::6
Regner2021_Ovarian,Ovarian,6,Mast,Mast,Regner2021_Ovarian::6
Regner2021_Ovarian,Ovarian,7,Malignant,Malignant,Regner2021_Ovarian::7
Regner2021_Ovarian,Ovarian,7,Endothelial,Endothelial,Regner2021_Ovarian::7
Regner2021_Ovarian,Ovarian,7,Myocyte,Myocyte,Regner2021_Ovarian::7
Regner2021_Ovarian,Ovarian,7,Fibroblast,Fibroblast,Regner2021_Ovarian::7
Regner2021_Ovarian,Ovarian,7,B_cell,B cell,Regner2021_Ovarian::7
Regner2021_Ovarian,Ovarian,7,Macrophage,Macrophage,Regner2021_Ovarian::7
Regner2021_Ovarian,Ovarian,7,T_cell,T cell,Regner2021_Ovarian::7
Regner2021_Ovarian,Ovarian,8,Fibroblast,Fibroblast,Regner2021_Ovarian::8
Regner2021_Ovarian,Ovarian,8,Malignant,Malignant,Regner2021_Ovarian::8
Regner2021_Ovarian,Ovarian,8,B_cell,B cell,Regner2021_Ovarian::8
Regner2021_Ovarian,Ovarian,8,Macrophage,Macrophage,Regner2021_Ovarian::8
Regner2021_Ovarian,Ovarian,8,Endothelial,Endothelial,Regner2021_Ovarian::8
Regner2021_Ovarian,Ovarian,8,Myocyte,Myocyte,Regner2021_Ovarian::8
Regner2021_Ovarian,Ovarian,8,T_cell,T cell,Regner2021_Ovarian::8
Regner2021_Ovarian,Ovarian,10,Malignant,Malignant,Regner2021_Ovarian::10
Regner2021_Ovarian,Ovarian,10,Macrophage,Macrophage,Regner2021_Ovarian::10
Regner2021_Ovarian,Ovarian,10,B_cell,B cell,Regner2021_Ovarian::10
Regner2021_Ovarian,Ovarian,10,Endothelial,Endothelial,Regner2021_Ovarian::10
Regner2021_Ovarian,Ovarian,10,Fibroblast,Fibroblast,Regner2021_Ovarian::10
Regner2021_Ovarian,Ovarian,10,T_cell,T cell,Regner2021_Ovarian::10
Regner2021_Ovarian,Ovarian,10,Myocyte,Myocyte,Regner2021_Ovarian::10
Regner2021_Ovarian,Ovarian,10,Mast,Mast,Regner2021_Ovarian::10
Regner2021_Ovarian,Ovarian,11,Malignant,Malignant,Regner2021_Ovarian::11
Regner2021_Ovarian,Ovarian,11,T_cell,T cell,Regner2021_Ovarian::11
Regner2021_Ovarian,Ovarian,11,Macrophage,Macrophage,Regner2021_Ovarian::11
Regner2021_Ovarian,Ovarian,11,Endothelial,Endothelial,Regner2021_Ovarian::11
Regner2021_Ovarian,Ovarian,11,Fibroblast,Fibroblast,Regner2021_Ovarian::11
Regner2021_Ovarian,Ovarian,11,B_cell,B cell,Regner2021_Ovarian::11
Regner2021_Ovarian,Ovarian,11,Myocyte,Myocyte,Regner2021_Ovarian::11
Regner2021_Ovarian,Ovarian,11,Mast,Mast,Regner2021_Ovarian::11
Regner2021_Ovarian,Ovarian,9,T_cell,T cell,Regner2021_Ovarian::9
Regner2021_Ovarian,Ovarian,9,Malignant,Malignant,Regner2021_Ovarian::9
Regner2021_Ovarian,Ovarian,9,Macrophage,Macrophage,Regner2021_Ovarian::9
Regner2021_Ovarian,Ovarian,9,Fibroblast,Fibroblast,Regner2021_Ovarian::9
Regner2021_Ovarian,Ovarian,9,Endothelial,Endothelial,Regner2021_Ovarian::9
Regner2021_Ovarian,Ovarian,9,B_cell,B cell,Regner2021_Ovarian::9
Regner2021_Ovarian,Ovarian,9,Myocyte,Myocyte,Regner2021_Ovarian::9
Shih2018_Ovarian,Ovarian,PN1-P,Malignant,Malignant,Shih2018_Ovarian::PN1-P
Shih2018_Ovarian,Ovarian,PN1-P,Fibroblast,Fibroblast,Shih2018_Ovarian::PN1-P
Shih2018_Ovarian,Ovarian,PN1-P,Endothelial,Endothelial,Shih2018_Ovarian::PN1-P
Shih2018_Ovarian,Ovarian,BN1-P,Malignant,Malignant,Shih2018_Ovarian::BN1-P
Shih2018_Ovarian,Ovarian,BN1-P,Fibroblast,Fibroblast,Shih2018_Ovarian::BN1-P
Shih2018_Ovarian,Ovarian,BN1-P,Monocyte,Monocyte,Shih2018_Ovarian::BN1-P
Shih2018_Ovarian,Ovarian,BN1-P,T_cell,T cell,Shih2018_Ovarian::BN1-P
Shih2018_Ovarian,Ovarian,HG3-M1,Malignant,Malignant,Shih2018_Ovarian::HG3-M1
Shih2018_Ovarian,Ovarian,HG3-M1,Fibroblast,Fibroblast,Shih2018_Ovarian::HG3-M1
Shih2018_Ovarian,Ovarian,HG3-M1,T_cell,T cell,Shih2018_Ovarian::HG3-M1
Shih2018_Ovarian,Ovarian,HG3-M1,Monocyte,Monocyte,Shih2018_Ovarian::HG3-M1
Shih2018_Ovarian,Ovarian,HG3-M1,Myofibroblast,Myofibroblast,Shih2018_Ovarian::HG3-M1
Shih2018_Ovarian,Ovarian,NA1-P,Monocyte,Monocyte,Shih2018_Ovarian::NA1-P
Shih2018_Ovarian,Ovarian,NA1-P,T_cell,T cell,Shih2018_Ovarian::NA1-P
Shih2018_Ovarian,Ovarian,NA1-P,Malignant,Malignant,Shih2018_Ovarian::NA1-P
Shih2018_Ovarian,Ovarian,NA1-P,Endothelial,Endothelial,Shih2018_Ovarian::NA1-P
Shih2018_Ovarian,Ovarian,NA1-P,Myofibroblast,Myofibroblast,Shih2018_Ovarian::NA1-P
Shih2018_Ovarian,Ovarian,NM1,Fibroblast,Fibroblast,Shih2018_Ovarian::NM1
Shih2018_Ovarian,Ovarian,NM1,Endothelial,Endothelial,Shih2018_Ovarian::NM1
Shih2018_Ovarian,Ovarian,NM1,Myofibroblast,Myofibroblast,Shih2018_Ovarian::NM1
Shih2018_Ovarian,Ovarian,NM1,Monocyte,Monocyte,Shih2018_Ovarian::NM1
Shih2018_Ovarian,Ovarian,NM1,T_cell,T cell,Shih2018_Ovarian::NM1
Shih2018_Ovarian,Ovarian,LG1-P,Fibroblast,Fibroblast,Shih2018_Ovarian::LG1-P
Shih2018_Ovarian,Ovarian,LG1-P,Malignant,Malignant,Shih2018_Ovarian::LG1-P
Shih2018_Ovarian,Ovarian,LG1-P,Monocyte,Monocyte,Shih2018_Ovarian::LG1-P
Shih2018_Ovarian,Ovarian,LG1-P,Myofibroblast,Myofibroblast,Shih2018_Ovarian::LG1-P
Shih2018_Ovarian,Ovarian,LG1-P,T_cell,T cell,Shih2018_Ovarian::LG1-P
Shih2018_Ovarian,Ovarian,LG1-P,Endothelial,Endothelial,Shih2018_Ovarian::LG1-P
Shih2018_Ovarian,Ovarian,HG2F-P,Fibroblast,Fibroblast,Shih2018_Ovarian::HG2F-P
Shih2018_Ovarian,Ovarian,HG2F-P,Malignant,Malignant,Shih2018_Ovarian::HG2F-P
Shih2018_Ovarian,Ovarian,HG2F-P,Monocyte,Monocyte,Shih2018_Ovarian::HG2F-P
Shih2018_Ovarian,Ovarian,HG2F-P,Myofibroblast,Myofibroblast,Shih2018_Ovarian::HG2F-P
Shih2018_Ovarian,Ovarian,HG2F-P,Endothelial,Endothelial,Shih2018_Ovarian::HG2F-P
Shih2018_Ovarian,Ovarian,HG2F-P,T_cell,T cell,Shih2018_Ovarian::HG2F-P
Shih2018_Ovarian,Ovarian,HG2F-M,Malignant,Malignant,Shih2018_Ovarian::HG2F-M
Shih2018_Ovarian,Ovarian,HG2F-M,Fibroblast,Fibroblast,Shih2018_Ovarian::HG2F-M
Shih2018_Ovarian,Ovarian,HG2F-M,Monocyte,Monocyte,Shih2018_Ovarian::HG2F-M
Shih2018_Ovarian,Ovarian,HG2F-M,T_cell,T cell,Shih2018_Ovarian::HG2F-M
Shih2018_Ovarian,Ovarian,HG2F-M,Myofibroblast,Myofibroblast,Shih2018_Ovarian::HG2F-M
Shih2018_Ovarian,Ovarian,HG2F-M,Endothelial,Endothelial,Shih2018_Ovarian::HG2F-M
Shih2018_Ovarian,Ovarian,HG3-P,Malignant,Malignant,Shih2018_Ovarian::HG3-P
Shih2018_Ovarian,Ovarian,HG3-P,Monocyte,Monocyte,Shih2018_Ovarian::HG3-P
Shih2018_Ovarian,Ovarian,HG3-P,Fibroblast,Fibroblast,Shih2018_Ovarian::HG3-P
Shih2018_Ovarian,Ovarian,HG3-P,Myofibroblast,Myofibroblast,Shih2018_Ovarian::HG3-P
Shih2018_Ovarian,Ovarian,HG3-P,Endothelial,Endothelial,Shih2018_Ovarian::HG3-P
Shih2018_Ovarian,Ovarian,HG3-P,T_cell,T cell,Shih2018_Ovarian::HG3-P
Shih2018_Ovarian,Ovarian,HG3-M2,Monocyte,Monocyte,Shih2018_Ovarian::HG3-M2
Shih2018_Ovarian,Ovarian,HG3-M2,Fibroblast,Fibroblast,Shih2018_Ovarian::HG3-M2
Shih2018_Ovarian,Ovarian,HG3-M2,Malignant,Malignant,Shih2018_Ovarian::HG3-M2
Shih2018_Ovarian,Ovarian,HG3-M2,Endothelial,Endothelial,Shih2018_Ovarian::HG3-M2
Shih2018_Ovarian,Ovarian,HG3-M2,Myofibroblast,Myofibroblast,Shih2018_Ovarian::HG3-M2
Shih2018_Ovarian,Ovarian,HG3-M2,T_cell,T cell,Shih2018_Ovarian::HG3-M2
Shih2018_Ovarian,Ovarian,HG4-P2,Malignant,Malignant,Shih2018_Ovarian::HG4-P2
Shih2018_Ovarian,Ovarian,HG4-P2,Myofibroblast,Myofibroblast,Shih2018_Ovarian::HG4-P2
Shih2018_Ovarian,Ovarian,HG4-P2,Fibroblast,Fibroblast,Shih2018_Ovarian::HG4-P2
Shih2018_Ovarian,Ovarian,HG4-P3,Malignant,Malignant,Shih2018_Ovarian::HG4-P3
Shih2018_Ovarian,Ovarian,HG4-P3,Myofibroblast,Myofibroblast,Shih2018_Ovarian::HG4-P3
Shih2018_Ovarian,Ovarian,HG4-P3,Fibroblast,Fibroblast,Shih2018_Ovarian::HG4-P3
Shih2018_Ovarian,Ovarian,HG4-P4,Malignant,Malignant,Shih2018_Ovarian::HG4-P4
Shih2018_Ovarian,Ovarian,HG4-P4,Myofibroblast,Myofibroblast,Shih2018_Ovarian::HG4-P4
Shih2018_Ovarian,Ovarian,HG4-P4,T_cell,T cell,Shih2018_Ovarian::HG4-P4
Shih2018_Ovarian,Ovarian,HG4-P4,Fibroblast,Fibroblast,Shih2018_Ovarian::HG4-P4
Shih2018_Ovarian,Ovarian,HG4-P4,Endothelial,Endothelial,Shih2018_Ovarian::HG4-P4
Shih2018_Ovarian,Ovarian,LG2-M,Fibroblast,Fibroblast,Shih2018_Ovarian::LG2-M
Shih2018_Ovarian,Ovarian,LG2-M,Malignant,Malignant,Shih2018_Ovarian::LG2-M
Shih2018_Ovarian,Ovarian,LG2-M,Monocyte,Monocyte,Shih2018_Ovarian::LG2-M
Shih2018_Ovarian,Ovarian,LG2-M,Myofibroblast,Myofibroblast,Shih2018_Ovarian::LG2-M
Shih2018_Ovarian,Ovarian,LG2-M,T_cell,T cell,Shih2018_Ovarian::LG2-M
Shih2018_Ovarian,Ovarian,LG2-M,Endothelial,Endothelial,Shih2018_Ovarian::LG2-M
Shih2018_Ovarian,Ovarian,LG2-P,Malignant,Malignant,Shih2018_Ovarian::LG2-P
Shih2018_Ovarian,Ovarian,LG2-P,Monocyte,Monocyte,Shih2018_Ovarian::LG2-P
Shih2018_Ovarian,Ovarian,LG2-P,Fibroblast,Fibroblast,Shih2018_Ovarian::LG2-P
Shih2018_Ovarian,Ovarian,LG2-P,Myofibroblast,Myofibroblast,Shih2018_Ovarian::LG2-P
Shih2018_Ovarian,Ovarian,LG2-P,T_cell,T cell,Shih2018_Ovarian::LG2-P
Shih2018_Ovarian,Ovarian,LG2-P,Endothelial,Endothelial,Shih2018_Ovarian::LG2-P
Shih2018_Ovarian,Ovarian,HG1-P,Fibroblast,Fibroblast,Shih2018_Ovarian::HG1-P
Shih2018_Ovarian,Ovarian,HG1-P,Malignant,Malignant,Shih2018_Ovarian::HG1-P
Shih2018_Ovarian,Ovarian,HG1-P,Endothelial,Endothelial,Shih2018_Ovarian::HG1-P
Shih2018_Ovarian,Ovarian,HG1-P,Myofibroblast,Myofibroblast,Shih2018_Ovarian::HG1-P
Shih2018_Ovarian,Ovarian,HG1-P,Monocyte,Monocyte,Shih2018_Ovarian::HG1-P
Shih2018_Ovarian,Ovarian,HG1-P,T_cell,T cell,Shih2018_Ovarian::HG1-P
Shih2018_Ovarian,Ovarian,HG1-M,Fibroblast,Fibroblast,Shih2018_Ovarian::HG1-M
Shih2018_Ovarian,Ovarian,HG1-M,T_cell,T cell,Shih2018_Ovarian::HG1-M
Shih2018_Ovarian,Ovarian,HG1-M,Monocyte,Monocyte,Shih2018_Ovarian::HG1-M
Shih2018_Ovarian,Ovarian,HG1-M,Malignant,Malignant,Shih2018_Ovarian::HG1-M
Shih2018_Ovarian,Ovarian,HG1-M,Endothelial,Endothelial,Shih2018_Ovarian::HG1-M
Shih2018_Ovarian,Ovarian,HG1-M,Myofibroblast,Myofibroblast,Shih2018_Ovarian::HG1-M
Tang-Huau2018_Ovarian,Ovarian,d1,Monocyte,Monocyte,Tang-Huau2018_Ovarian::d1
Tang-Huau2018_Ovarian,Ovarian,d2,Monocyte,Monocyte,Tang-Huau2018_Ovarian::d2
Tang-Huau2018_Ovarian,Ovarian,donA,Macrophage,Macrophage,Tang-Huau2018_Ovarian::donA
Tang-Huau2018_Ovarian,Ovarian,donA,Dendritic,Dendritic,Tang-Huau2018_Ovarian::donA
Tang-Huau2018_Ovarian,Ovarian,donD,Dendritic,Dendritic,Tang-Huau2018_Ovarian::donD
Zhang2019_Ovarian,Ovarian,VOA11543L,Fibroblast,Fibroblast,Zhang2019_Ovarian::VOA11543L
Zhang2019_Ovarian,Ovarian,VOA11543L,Malignant,Malignant,Zhang2019_Ovarian::VOA11543L
Zhang2019_Ovarian,Ovarian,VOA11543L,T_cell,T cell,Zhang2019_Ovarian::VOA11543L
Zhang2019_Ovarian,Ovarian,VOA11543L,Vascular_smooth_muscle,Vascular smooth muscle,Zhang2019_Ovarian::VOA11543L
Zhang2019_Ovarian,Ovarian,VOA11543L,Endothelial,Endothelial,Zhang2019_Ovarian::VOA11543L
Zhang2019_Ovarian,Ovarian,VOA11543L,Macrophage,Macrophage,Zhang2019_Ovarian::VOA11543L
Zhang2019_Ovarian,Ovarian,VOA11543L,B_cell,B cell,Zhang2019_Ovarian::VOA11543L
Zhang2019_Ovarian,Ovarian,VOA11543R,Malignant,Malignant,Zhang2019_Ovarian::VOA11543R
Zhang2019_Ovarian,Ovarian,VOA11543R,Vascular_smooth_muscle,Vascular smooth muscle,Zhang2019_Ovarian::VOA11543R
Zhang2019_Ovarian,Ovarian,VOA11543R,Endothelial,Endothelial,Zhang2019_Ovarian::VOA11543R
Zhang2019_Ovarian,Ovarian,VOA11543R,Fibroblast,Fibroblast,Zhang2019_Ovarian::VOA11543R
Zhang2019_Ovarian,Ovarian,VOA11543R,T_cell,T cell,Zhang2019_Ovarian::VOA11543R
Zhang2019_Ovarian,Ovarian,VOA11543R,Macrophage,Macrophage,Zhang2019_Ovarian::VOA11543R
Zhang2022_Ovarian,Ovarian,EOC372_primary_Peritoneum,Malignant,Malignant,Zhang2022_Ovarian::EOC372_primary_Peritoneum
Zhang2022_Ovarian,Ovarian,EOC372_interval_Peritoneum,Malignant,Malignant,Zhang2022_Ovarian::EOC372_interval_Peritoneum
Zhang2022_Ovarian,Ovarian,EOC443_interval_Omentum,Malignant,Malignant,Zhang2022_Ovarian::EOC443_interval_Omentum
Zhang2022_Ovarian,Ovarian,EOC443_primary_Omentum,Malignant,Malignant,Zhang2022_Ovarian::EOC443_primary_Omentum
Zhang2022_Ovarian,Ovarian,EOC540_primary_Omentum,Malignant,Malignant,Zhang2022_Ovarian::EOC540_primary_Omentum
Zhang2022_Ovarian,Ovarian,EOC540_interval_Omentum,Malignant,Malignant,Zhang2022_Ovarian::EOC540_interval_Omentum
Zhang2022_Ovarian,Ovarian,EOC3_interval_Omentum,Malignant,Malignant,Zhang2022_Ovarian::EOC3_interval_Omentum
Zhang2022_Ovarian,Ovarian,EOC3_primary_Peritoneum,Malignant,Malignant,Zhang2022_Ovarian::EOC3_primary_Peritoneum
Zhang2022_Ovarian,Ovarian,EOC87_interval_Omentum,Malignant,Malignant,Zhang2022_Ovarian::EOC87_interval_Omentum
Zhang2022_Ovarian,Ovarian,EOC87_primary_Peritoneum,Malignant,Malignant,Zhang2022_Ovarian::EOC87_primary_Peritoneum
Zhang2022_Ovarian,Ovarian,EOC136_interval_Omentum,Malignant,Malignant,Zhang2022_Ovarian::EOC136_interval_Omentum
Zhang2022_Ovarian,Ovarian,EOC136_primary_Mesentery,Malignant,Malignant,Zhang2022_Ovarian::EOC136_primary_Mesentery
Zhang2022_Ovarian,Ovarian,EOC1005_primary_Peritoneum,Malignant,Malignant,Zhang2022_Ovarian::EOC1005_primary_Peritoneum
Zhang2022_Ovarian,Ovarian,EOC1005_interval_Tumor,Malignant,Malignant,Zhang2022_Ovarian::EOC1005_interval_Tumor
Zhang2022_Ovarian,Ovarian,EOC733_primary_Peritoneum,Malignant,Malignant,Zhang2022_Ovarian::EOC733_primary_Peritoneum
Zhang2022_Ovarian,Ovarian,EOC733_interval_Omentum,Malignant,Malignant,Zhang2022_Ovarian::EOC733_interval_Omentum
Zhang2022_Ovarian,Ovarian,EOC153_interval_Omentum,Malignant,Malignant,Zhang2022_Ovarian::EOC153_interval_Omentum
Zhang2022_Ovarian,Ovarian,EOC153_primary_Omentum,Malignant,Malignant,Zhang2022_Ovarian::EOC153_primary_Omentum
Zhang2022_Ovarian,Ovarian,EOC349_interval_Omentum,Malignant,Malignant,Zhang2022_Ovarian::EOC349_interval_Omentum
Zhang2022_Ovarian,Ovarian,EOC349_primary_Peritoneum,Malignant,Malignant,Zhang2022_Ovarian::EOC349_primary_Peritoneum
Zhang2022_Ovarian,Ovarian,EOC227_interval_Omentum,Malignant,Malignant,Zhang2022_Ovarian::EOC227_interval_Omentum
Zhang2022_Ovarian,Ovarian,EOC227_primary_Omentum,Malignant,Malignant,Zhang2022_Ovarian::EOC227_primary_Omentum
Zhang2022_Ovarian,Ovarian,EOC372_primary_Peritoneum,Fibroblast,Fibroblast,Zhang2022_Ovarian::EOC372_primary_Peritoneum
Zhang2022_Ovarian,Ovarian,EOC372_primary_Peritoneum,Mesothelial,Mesothelial,Zhang2022_Ovarian::EOC372_primary_Peritoneum
Zhang2022_Ovarian,Ovarian,EOC372_primary_Peritoneum,Endothelial,Endothelial,Zhang2022_Ovarian::EOC372_primary_Peritoneum
Zhang2022_Ovarian,Ovarian,EOC443_interval_Omentum,Fibroblast,Fibroblast,Zhang2022_Ovarian::EOC443_interval_Omentum
Zhang2022_Ovarian,Ovarian,EOC443_interval_Omentum,Mesothelial,Mesothelial,Zhang2022_Ovarian::EOC443_interval_Omentum
Zhang2022_Ovarian,Ovarian,EOC443_interval_Omentum,Endothelial,Endothelial,Zhang2022_Ovarian::EOC443_interval_Omentum
Zhang2022_Ovarian,Ovarian,EOC540_primary_Omentum,Fibroblast,Fibroblast,Zhang2022_Ovarian::EOC540_primary_Omentum
Zhang2022_Ovarian,Ovarian,EOC540_primary_Omentum,Mesothelial,Mesothelial,Zhang2022_Ovarian::EOC540_primary_Omentum
Zhang2022_Ovarian,Ovarian,EOC540_primary_Omentum,Endothelial,Endothelial,Zhang2022_Ovarian::EOC540_primary_Omentum
Zhang2022_Ovarian,Ovarian,EOC3_interval_Omentum,Fibroblast,Fibroblast,Zhang2022_Ovarian::EOC3_interval_Omentum
Zhang2022_Ovarian,Ovarian,EOC3_interval_Omentum,Mesothelial,Mesothelial,Zhang2022_Ovarian::EOC3_interval_Omentum
Zhang2022_Ovarian,Ovarian,EOC3_interval_Omentum,Endothelial,Endothelial,Zhang2022_Ovarian::EOC3_interval_Omentum
Zhang2022_Ovarian,Ovarian,EOC87_interval_Omentum,Fibroblast,Fibroblast,Zhang2022_Ovarian::EOC87_interval_Omentum
Zhang2022_Ovarian,Ovarian,EOC87_interval_Omentum,Mesothelial,Mesothelial,Zhang2022_Ovarian::EOC87_interval_Omentum
Zhang2022_Ovarian,Ovarian,EOC87_interval_Omentum,Endothelial,Endothelial,Zhang2022_Ovarian::EOC87_interval_Omentum
Zhang2022_Ovarian,Ovarian,EOC87_primary_Peritoneum,Mesothelial,Mesothelial,Zhang2022_Ovarian::EOC87_primary_Peritoneum
Zhang2022_Ovarian,Ovarian,EOC87_primary_Peritoneum,Fibroblast,Fibroblast,Zhang2022_Ovarian::EOC87_primary_Peritoneum
Zhang2022_Ovarian,Ovarian,EOC136_interval_Omentum,Mesothelial,Mesothelial,Zhang2022_Ovarian::EOC136_interval_Omentum
Zhang2022_Ovarian,Ovarian,EOC136_interval_Omentum,Fibroblast,Fibroblast,Zhang2022_Ovarian::EOC136_interval_Omentum
Zhang2022_Ovarian,Ovarian,EOC136_interval_Omentum,Endothelial,Endothelial,Zhang2022_Ovarian::EOC136_interval_Omentum
Zhang2022_Ovarian,Ovarian,EOC372_interval_Peritoneum,Fibroblast,Fibroblast,Zhang2022_Ovarian::EOC372_interval_Peritoneum
Zhang2022_Ovarian,Ovarian,EOC372_interval_Peritoneum,Mesothelial,Mesothelial,Zhang2022_Ovarian::EOC372_interval_Peritoneum
Zhang2022_Ovarian,Ovarian,EOC372_interval_Peritoneum,Endothelial,Endothelial,Zhang2022_Ovarian::EOC372_interval_Peritoneum
Zhang2022_Ovarian,Ovarian,EOC372_interval_Peritoneum,T_cell,T cell,Zhang2022_Ovarian::EOC372_interval_Peritoneum
Zhang2022_Ovarian,Ovarian,EOC540_interval_Omentum,Fibroblast,Fibroblast,Zhang2022_Ovarian::EOC540_interval_Omentum
Zhang2022_Ovarian,Ovarian,EOC540_interval_Omentum,Mesothelial,Mesothelial,Zhang2022_Ovarian::EOC540_interval_Omentum
Zhang2022_Ovarian,Ovarian,EOC540_interval_Omentum,Endothelial,Endothelial,Zhang2022_Ovarian::EOC540_interval_Omentum
Zhang2022_Ovarian,Ovarian,EOC3_primary_Peritoneum,Mesothelial,Mesothelial,Zhang2022_Ovarian::EOC3_primary_Peritoneum
Zhang2022_Ovarian,Ovarian,EOC3_primary_Peritoneum,Fibroblast,Fibroblast,Zhang2022_Ovarian::EOC3_primary_Peritoneum
Zhang2022_Ovarian,Ovarian,EOC1005_primary_Peritoneum,Fibroblast,Fibroblast,Zhang2022_Ovarian::EOC1005_primary_Peritoneum
Zhang2022_Ovarian,Ovarian,EOC1005_primary_Peritoneum,Mesothelial,Mesothelial,Zhang2022_Ovarian::EOC1005_primary_Peritoneum
Zhang2022_Ovarian,Ovarian,EOC1005_primary_Peritoneum,Endothelial,Endothelial,Zhang2022_Ovarian::EOC1005_primary_Peritoneum
Zhang2022_Ovarian,Ovarian,EOC733_primary_Peritoneum,Mesothelial,Mesothelial,Zhang2022_Ovarian::EOC733_primary_Peritoneum
Zhang2022_Ovarian,Ovarian,EOC733_primary_Peritoneum,Fibroblast,Fibroblast,Zhang2022_Ovarian::EOC733_primary_Peritoneum
Zhang2022_Ovarian,Ovarian,EOC733_interval_Omentum,Mesothelial,Mesothelial,Zhang2022_Ovarian::EOC733_interval_Omentum
Zhang2022_Ovarian,Ovarian,EOC733_interval_Omentum,Fibroblast,Fibroblast,Zhang2022_Ovarian::EOC733_interval_Omentum
Zhang2022_Ovarian,Ovarian,EOC1005_interval_Tumor,Fibroblast,Fibroblast,Zhang2022_Ovarian::EOC1005_interval_Tumor
Zhang2022_Ovarian,Ovarian,EOC1005_interval_Tumor,Mesothelial,Mesothelial,Zhang2022_Ovarian::EOC1005_interval_Tumor
Zhang2022_Ovarian,Ovarian,EOC1005_interval_Tumor,Endothelial,Endothelial,Zhang2022_Ovarian::EOC1005_interval_Tumor
Zhang2022_Ovarian,Ovarian,EOC153_interval_Omentum,Fibroblast,Fibroblast,Zhang2022_Ovarian::EOC153_interval_Omentum
Zhang2022_Ovarian,Ovarian,EOC153_interval_Omentum,Mesothelial,Mesothelial,Zhang2022_Ovarian::EOC153_interval_Omentum
Zhang2022_Ovarian,Ovarian,EOC153_interval_Omentum,Endothelial,Endothelial,Zhang2022_Ovarian::EOC153_interval_Omentum
Zhang2022_Ovarian,Ovarian,EOC153_primary_Omentum,Mesothelial,Mesothelial,Zhang2022_Ovarian::EOC153_primary_Omentum
Zhang2022_Ovarian,Ovarian,EOC153_primary_Omentum,Fibroblast,Fibroblast,Zhang2022_Ovarian::EOC153_primary_Omentum
Zhang2022_Ovarian,Ovarian,EOC153_primary_Omentum,Endothelial,Endothelial,Zhang2022_Ovarian::EOC153_primary_Omentum
Zhang2022_Ovarian,Ovarian,EOC349_interval_Omentum,Mesothelial,Mesothelial,Zhang2022_Ovarian::EOC349_interval_Omentum
Zhang2022_Ovarian,Ovarian,EOC349_interval_Omentum,Fibroblast,Fibroblast,Zhang2022_Ovarian::EOC349_interval_Omentum
Zhang2022_Ovarian,Ovarian,EOC349_primary_Peritoneum,Mesothelial,Mesothelial,Zhang2022_Ovarian::EOC349_primary_Peritoneum
Zhang2022_Ovarian,Ovarian,EOC349_primary_Peritoneum,Fibroblast,Fibroblast,Zhang2022_Ovarian::EOC349_primary_Peritoneum
Zhang2022_Ovarian,Ovarian,EOC349_primary_Peritoneum,Endothelial,Endothelial,Zhang2022_Ovarian::EOC349_primary_Peritoneum
Zhang2022_Ovarian,Ovarian,EOC227_interval_Omentum,Fibroblast,Fibroblast,Zhang2022_Ovarian::EOC227_interval_Omentum
Zhang2022_Ovarian,Ovarian,EOC227_interval_Omentum,Mesothelial,Mesothelial,Zhang2022_Ovarian::EOC227_interval_Omentum
Zhang2022_Ovarian,Ovarian,EOC227_interval_Omentum,Endothelial,Endothelial,Zhang2022_Ovarian::EOC227_interval_Omentum
Zhang2022_Ovarian,Ovarian,EOC227_primary_Omentum,Fibroblast,Fibroblast,Zhang2022_Ovarian::EOC227_primary_Omentum
Zhang2022_Ovarian,Ovarian,EOC227_primary_Omentum,Mesothelial,Mesothelial,Zhang2022_Ovarian::EOC227_primary_Omentum
Zhang2022_Ovarian,Ovarian,EOC227_primary_Omentum,Endothelial,Endothelial,Zhang2022_Ovarian::EOC227_primary_Omentum
Zhang2022_Ovarian,Ovarian,EOC136_primary_Mesentery,Fibroblast,Fibroblast,Zhang2022_Ovarian::EOC136_primary_Mesentery
Zhang2022_Ovarian,Ovarian,EOC136_primary_Mesentery,Mesothelial,Mesothelial,Zhang2022_Ovarian::EOC136_primary_Mesentery
Zhang2022_Ovarian,Ovarian,EOC136_primary_Mesentery,Endothelial,Endothelial,Zhang2022_Ovarian::EOC136_primary_Mesentery
Zhang2022_Ovarian,Ovarian,EOC443_primary_Omentum,Fibroblast,Fibroblast,Zhang2022_Ovarian::EOC443_primary_Omentum
Zhang2022_Ovarian,Ovarian,EOC443_primary_Omentum,Mesothelial,Mesothelial,Zhang2022_Ovarian::EOC443_primary_Omentum
Zhang2022_Ovarian,Ovarian,EOC443_primary_Omentum,Endothelial,Endothelial,Zhang2022_Ovarian::EOC443_primary_Omentum
Zhang2022_Ovarian,Ovarian,EOC372_primary_Peritoneum,T_cell,T cell,Zhang2022_Ovarian::EOC372_primary_Peritoneum
Zhang2022_Ovarian,Ovarian,EOC372_primary_Peritoneum,Plasma,Plasma,Zhang2022_Ovarian::EOC372_primary_Peritoneum
Zhang2022_Ovarian,Ovarian,EOC372_primary_Peritoneum,NK_cell,NK cell,Zhang2022_Ovarian::EOC372_primary_Peritoneum
Zhang2022_Ovarian,Ovarian,EOC372_primary_Peritoneum,Dendritic,Dendritic,Zhang2022_Ovarian::EOC372_primary_Peritoneum
Zhang2022_Ovarian,Ovarian,EOC372_primary_Peritoneum,B_cell,B cell,Zhang2022_Ovarian::EOC372_primary_Peritoneum
Zhang2022_Ovarian,Ovarian,EOC372_primary_Peritoneum,Macrophage,Macrophage,Zhang2022_Ovarian::EOC372_primary_Peritoneum
Zhang2022_Ovarian,Ovarian,EOC443_interval_Omentum,T_cell,T cell,Zhang2022_Ovarian::EOC443_interval_Omentum
Zhang2022_Ovarian,Ovarian,EOC443_interval_Omentum,NK_cell,NK cell,Zhang2022_Ovarian::EOC443_interval_Omentum
Zhang2022_Ovarian,Ovarian,EOC443_interval_Omentum,Dendritic,Dendritic,Zhang2022_Ovarian::EOC443_interval_Omentum
Zhang2022_Ovarian,Ovarian,EOC443_interval_Omentum,Mast,Mast,Zhang2022_Ovarian::EOC443_interval_Omentum
Zhang2022_Ovarian,Ovarian,EOC443_interval_Omentum,Lymphoid,Lymphoid,Zhang2022_Ovarian::EOC443_interval_Omentum
Zhang2022_Ovarian,Ovarian,EOC443_interval_Omentum,Macrophage,Macrophage,Zhang2022_Ovarian::EOC443_interval_Omentum
Zhang2022_Ovarian,Ovarian,EOC443_interval_Omentum,B_cell,B cell,Zhang2022_Ovarian::EOC443_interval_Omentum
Zhang2022_Ovarian,Ovarian,EOC443_interval_Omentum,Plasma,Plasma,Zhang2022_Ovarian::EOC443_interval_Omentum
Zhang2022_Ovarian,Ovarian,EOC540_primary_Omentum,Macrophage,Macrophage,Zhang2022_Ovarian::EOC540_primary_Omentum
Zhang2022_Ovarian,Ovarian,EOC540_primary_Omentum,T_cell,T cell,Zhang2022_Ovarian::EOC540_primary_Omentum
Zhang2022_Ovarian,Ovarian,EOC540_primary_Omentum,NK_cell,NK cell,Zhang2022_Ovarian::EOC540_primary_Omentum
Zhang2022_Ovarian,Ovarian,EOC540_primary_Omentum,Dendritic,Dendritic,Zhang2022_Ovarian::EOC540_primary_Omentum
Zhang2022_Ovarian,Ovarian,EOC540_primary_Omentum,Mast,Mast,Zhang2022_Ovarian::EOC540_primary_Omentum
Zhang2022_Ovarian,Ovarian,EOC540_primary_Omentum,Lymphoid,Lymphoid,Zhang2022_Ovarian::EOC540_primary_Omentum
Zhang2022_Ovarian,Ovarian,EOC540_primary_Omentum,B_cell,B cell,Zhang2022_Ovarian::EOC540_primary_Omentum
Zhang2022_Ovarian,Ovarian,EOC540_primary_Omentum,Plasma,Plasma,Zhang2022_Ovarian::EOC540_primary_Omentum
Zhang2022_Ovarian,Ovarian,EOC3_interval_Omentum,T_cell,T cell,Zhang2022_Ovarian::EOC3_interval_Omentum
Zhang2022_Ovarian,Ovarian,EOC3_interval_Omentum,NK_cell,NK cell,Zhang2022_Ovarian::EOC3_interval_Omentum
Zhang2022_Ovarian,Ovarian,EOC3_interval_Omentum,Dendritic,Dendritic,Zhang2022_Ovarian::EOC3_interval_Omentum
Zhang2022_Ovarian,Ovarian,EOC3_interval_Omentum,Plasma,Plasma,Zhang2022_Ovarian::EOC3_interval_Omentum
Zhang2022_Ovarian,Ovarian,EOC3_interval_Omentum,Macrophage,Macrophage,Zhang2022_Ovarian::EOC3_interval_Omentum
Zhang2022_Ovarian,Ovarian,EOC3_interval_Omentum,Mast,Mast,Zhang2022_Ovarian::EOC3_interval_Omentum
Zhang2022_Ovarian,Ovarian,EOC3_interval_Omentum,Lymphoid,Lymphoid,Zhang2022_Ovarian::EOC3_interval_Omentum
Zhang2022_Ovarian,Ovarian,EOC3_interval_Omentum,B_cell,B cell,Zhang2022_Ovarian::EOC3_interval_Omentum
Zhang2022_Ovarian,Ovarian,EOC87_interval_Omentum,T_cell,T cell,Zhang2022_Ovarian::EOC87_interval_Omentum
Zhang2022_Ovarian,Ovarian,EOC87_interval_Omentum,NK_cell,NK cell,Zhang2022_Ovarian::EOC87_interval_Omentum
Zhang2022_Ovarian,Ovarian,EOC87_interval_Omentum,Macrophage,Macrophage,Zhang2022_Ovarian::EOC87_interval_Omentum
Zhang2022_Ovarian,Ovarian,EOC87_interval_Omentum,Dendritic,Dendritic,Zhang2022_Ovarian::EOC87_interval_Omentum
Zhang2022_Ovarian,Ovarian,EOC87_interval_Omentum,Mast,Mast,Zhang2022_Ovarian::EOC87_interval_Omentum
Zhang2022_Ovarian,Ovarian,EOC87_interval_Omentum,B_cell,B cell,Zhang2022_Ovarian::EOC87_interval_Omentum
Zhang2022_Ovarian,Ovarian,EOC87_interval_Omentum,Plasma,Plasma,Zhang2022_Ovarian::EOC87_interval_Omentum
Zhang2022_Ovarian,Ovarian,EOC87_interval_Omentum,Lymphoid,Lymphoid,Zhang2022_Ovarian::EOC87_interval_Omentum
Zhang2022_Ovarian,Ovarian,EOC87_primary_Peritoneum,T_cell,T cell,Zhang2022_Ovarian::EOC87_primary_Peritoneum
Zhang2022_Ovarian,Ovarian,EOC87_primary_Peritoneum,B_cell,B cell,Zhang2022_Ovarian::EOC87_primary_Peritoneum
Zhang2022_Ovarian,Ovarian,EOC87_primary_Peritoneum,Macrophage,Macrophage,Zhang2022_Ovarian::EOC87_primary_Peritoneum
Zhang2022_Ovarian,Ovarian,EOC87_primary_Peritoneum,Dendritic,Dendritic,Zhang2022_Ovarian::EOC87_primary_Peritoneum
Zhang2022_Ovarian,Ovarian,EOC87_primary_Peritoneum,NK_cell,NK cell,Zhang2022_Ovarian::EOC87_primary_Peritoneum
Zhang2022_Ovarian,Ovarian,EOC87_primary_Peritoneum,Plasma,Plasma,Zhang2022_Ovarian::EOC87_primary_Peritoneum
Zhang2022_Ovarian,Ovarian,EOC87_primary_Peritoneum,Mast,Mast,Zhang2022_Ovarian::EOC87_primary_Peritoneum
Zhang2022_Ovarian,Ovarian,EOC87_primary_Peritoneum,Lymphoid,Lymphoid,Zhang2022_Ovarian::EOC87_primary_Peritoneum
Zhang2022_Ovarian,Ovarian,EOC136_interval_Omentum,Macrophage,Macrophage,Zhang2022_Ovarian::EOC136_interval_Omentum
Zhang2022_Ovarian,Ovarian,EOC136_interval_Omentum,Plasma,Plasma,Zhang2022_Ovarian::EOC136_interval_Omentum
Zhang2022_Ovarian,Ovarian,EOC136_interval_Omentum,NK_cell,NK cell,Zhang2022_Ovarian::EOC136_interval_Omentum
Zhang2022_Ovarian,Ovarian,EOC136_interval_Omentum,Mast,Mast,Zhang2022_Ovarian::EOC136_interval_Omentum
Zhang2022_Ovarian,Ovarian,EOC136_interval_Omentum,T_cell,T cell,Zhang2022_Ovarian::EOC136_interval_Omentum
Zhang2022_Ovarian,Ovarian,EOC136_interval_Omentum,Dendritic,Dendritic,Zhang2022_Ovarian::EOC136_interval_Omentum
Zhang2022_Ovarian,Ovarian,EOC136_interval_Omentum,Lymphoid,Lymphoid,Zhang2022_Ovarian::EOC136_interval_Omentum
Zhang2022_Ovarian,Ovarian,EOC136_interval_Omentum,B_cell,B cell,Zhang2022_Ovarian::EOC136_interval_Omentum
Zhang2022_Ovarian,Ovarian,EOC372_interval_Peritoneum,Plasma,Plasma,Zhang2022_Ovarian::EOC372_interval_Peritoneum
Zhang2022_Ovarian,Ovarian,EOC372_interval_Peritoneum,Macrophage,Macrophage,Zhang2022_Ovarian::EOC372_interval_Peritoneum
Zhang2022_Ovarian,Ovarian,EOC372_interval_Peritoneum,NK_cell,NK cell,Zhang2022_Ovarian::EOC372_interval_Peritoneum
Zhang2022_Ovarian,Ovarian,EOC372_interval_Peritoneum,B_cell,B cell,Zhang2022_Ovarian::EOC372_interval_Peritoneum
Zhang2022_Ovarian,Ovarian,EOC372_interval_Peritoneum,Lymphoid,Lymphoid,Zhang2022_Ovarian::EOC372_interval_Peritoneum
Zhang2022_Ovarian,Ovarian,EOC372_interval_Peritoneum,Dendritic,Dendritic,Zhang2022_Ovarian::EOC372_interval_Peritoneum
Zhang2022_Ovarian,Ovarian,EOC372_interval_Peritoneum,Mast,Mast,Zhang2022_Ovarian::EOC372_interval_Peritoneum
Zhang2022_Ovarian,Ovarian,EOC540_interval_Omentum,NK_cell,NK cell,Zhang2022_Ovarian::EOC540_interval_Omentum
Zhang2022_Ovarian,Ovarian,EOC540_interval_Omentum,T_cell,T cell,Zhang2022_Ovarian::EOC540_interval_Omentum
Zhang2022_Ovarian,Ovarian,EOC540_interval_Omentum,Mast,Mast,Zhang2022_Ovarian::EOC540_interval_Omentum
Zhang2022_Ovarian,Ovarian,EOC540_interval_Omentum,B_cell,B cell,Zhang2022_Ovarian::EOC540_interval_Omentum
Zhang2022_Ovarian,Ovarian,EOC540_interval_Omentum,Plasma,Plasma,Zhang2022_Ovarian::EOC540_interval_Omentum
Zhang2022_Ovarian,Ovarian,EOC540_interval_Omentum,Dendritic,Dendritic,Zhang2022_Ovarian::EOC540_interval_Omentum
Zhang2022_Ovarian,Ovarian,EOC540_interval_Omentum,Macrophage,Macrophage,Zhang2022_Ovarian::EOC540_interval_Omentum
Zhang2022_Ovarian,Ovarian,EOC540_interval_Omentum,Lymphoid,Lymphoid,Zhang2022_Ovarian::EOC540_interval_Omentum
Zhang2022_Ovarian,Ovarian,EOC3_primary_Peritoneum,Macrophage,Macrophage,Zhang2022_Ovarian::EOC3_primary_Peritoneum
Zhang2022_Ovarian,Ovarian,EOC3_primary_Peritoneum,Dendritic,Dendritic,Zhang2022_Ovarian::EOC3_primary_Peritoneum
Zhang2022_Ovarian,Ovarian,EOC3_primary_Peritoneum,T_cell,T cell,Zhang2022_Ovarian::EOC3_primary_Peritoneum
Zhang2022_Ovarian,Ovarian,EOC3_primary_Peritoneum,NK_cell,NK cell,Zhang2022_Ovarian::EOC3_primary_Peritoneum
Zhang2022_Ovarian,Ovarian,EOC3_primary_Peritoneum,Plasma,Plasma,Zhang2022_Ovarian::EOC3_primary_Peritoneum
Zhang2022_Ovarian,Ovarian,EOC3_primary_Peritoneum,B_cell,B cell,Zhang2022_Ovarian::EOC3_primary_Peritoneum
Zhang2022_Ovarian,Ovarian,EOC3_primary_Peritoneum,Mast,Mast,Zhang2022_Ovarian::EOC3_primary_Peritoneum
Zhang2022_Ovarian,Ovarian,EOC3_primary_Peritoneum,Lymphoid,Lymphoid,Zhang2022_Ovarian::EOC3_primary_Peritoneum
Zhang2022_Ovarian,Ovarian,EOC1005_primary_Peritoneum,T_cell,T cell,Zhang2022_Ovarian::EOC1005_primary_Peritoneum
Zhang2022_Ovarian,Ovarian,EOC1005_primary_Peritoneum,B_cell,B cell,Zhang2022_Ovarian::EOC1005_primary_Peritoneum
Zhang2022_Ovarian,Ovarian,EOC1005_primary_Peritoneum,Dendritic,Dendritic,Zhang2022_Ovarian::EOC1005_primary_Peritoneum
Zhang2022_Ovarian,Ovarian,EOC1005_primary_Peritoneum,Macrophage,Macrophage,Zhang2022_Ovarian::EOC1005_primary_Peritoneum
Zhang2022_Ovarian,Ovarian,EOC1005_primary_Peritoneum,Plasma,Plasma,Zhang2022_Ovarian::EOC1005_primary_Peritoneum
Zhang2022_Ovarian,Ovarian,EOC1005_primary_Peritoneum,Lymphoid,Lymphoid,Zhang2022_Ovarian::EOC1005_primary_Peritoneum
Zhang2022_Ovarian,Ovarian,EOC1005_primary_Peritoneum,NK_cell,NK cell,Zhang2022_Ovarian::EOC1005_primary_Peritoneum
Zhang2022_Ovarian,Ovarian,EOC1005_primary_Peritoneum,Mast,Mast,Zhang2022_Ovarian::EOC1005_primary_Peritoneum
Zhang2022_Ovarian,Ovarian,EOC733_primary_Peritoneum,Dendritic,Dendritic,Zhang2022_Ovarian::EOC733_primary_Peritoneum
Zhang2022_Ovarian,Ovarian,EOC733_primary_Peritoneum,Macrophage,Macrophage,Zhang2022_Ovarian::EOC733_primary_Peritoneum
Zhang2022_Ovarian,Ovarian,EOC733_primary_Peritoneum,NK_cell,NK cell,Zhang2022_Ovarian::EOC733_primary_Peritoneum
Zhang2022_Ovarian,Ovarian,EOC733_primary_Peritoneum,T_cell,T cell,Zhang2022_Ovarian::EOC733_primary_Peritoneum
Zhang2022_Ovarian,Ovarian,EOC733_primary_Peritoneum,Plasma,Plasma,Zhang2022_Ovarian::EOC733_primary_Peritoneum
Zhang2022_Ovarian,Ovarian,EOC733_interval_Omentum,NK_cell,NK cell,Zhang2022_Ovarian::EOC733_interval_Omentum
Zhang2022_Ovarian,Ovarian,EOC733_interval_Omentum,Macrophage,Macrophage,Zhang2022_Ovarian::EOC733_interval_Omentum
Zhang2022_Ovarian,Ovarian,EOC733_interval_Omentum,T_cell,T cell,Zhang2022_Ovarian::EOC733_interval_Omentum
Zhang2022_Ovarian,Ovarian,EOC733_interval_Omentum,B_cell,B cell,Zhang2022_Ovarian::EOC733_interval_Omentum
Zhang2022_Ovarian,Ovarian,EOC733_interval_Omentum,Dendritic,Dendritic,Zhang2022_Ovarian::EOC733_interval_Omentum
Zhang2022_Ovarian,Ovarian,EOC733_interval_Omentum,Mast,Mast,Zhang2022_Ovarian::EOC733_interval_Omentum
Zhang2022_Ovarian,Ovarian,EOC733_interval_Omentum,Plasma,Plasma,Zhang2022_Ovarian::EOC733_interval_Omentum
Zhang2022_Ovarian,Ovarian,EOC733_interval_Omentum,Lymphoid,Lymphoid,Zhang2022_Ovarian::EOC733_interval_Omentum
Zhang2022_Ovarian,Ovarian,EOC1005_interval_Tumor,T_cell,T cell,Zhang2022_Ovarian::EOC1005_interval_Tumor
Zhang2022_Ovarian,Ovarian,EOC1005_interval_Tumor,Dendritic,Dendritic,Zhang2022_Ovarian::EOC1005_interval_Tumor
Zhang2022_Ovarian,Ovarian,EOC1005_interval_Tumor,Macrophage,Macrophage,Zhang2022_Ovarian::EOC1005_interval_Tumor
Zhang2022_Ovarian,Ovarian,EOC1005_interval_Tumor,B_cell,B cell,Zhang2022_Ovarian::EOC1005_interval_Tumor
Zhang2022_Ovarian,Ovarian,EOC1005_interval_Tumor,Mast,Mast,Zhang2022_Ovarian::EOC1005_interval_Tumor
Zhang2022_Ovarian,Ovarian,EOC1005_interval_Tumor,NK_cell,NK cell,Zhang2022_Ovarian::EOC1005_interval_Tumor
Zhang2022_Ovarian,Ovarian,EOC1005_interval_Tumor,Lymphoid,Lymphoid,Zhang2022_Ovarian::EOC1005_interval_Tumor
Zhang2022_Ovarian,Ovarian,EOC1005_interval_Tumor,Plasma,Plasma,Zhang2022_Ovarian::EOC1005_interval_Tumor
Zhang2022_Ovarian,Ovarian,EOC153_interval_Omentum,T_cell,T cell,Zhang2022_Ovarian::EOC153_interval_Omentum
Zhang2022_Ovarian,Ovarian,EOC153_interval_Omentum,Dendritic,Dendritic,Zhang2022_Ovarian::EOC153_interval_Omentum
Zhang2022_Ovarian,Ovarian,EOC153_interval_Omentum,B_cell,B cell,Zhang2022_Ovarian::EOC153_interval_Omentum
Zhang2022_Ovarian,Ovarian,EOC153_interval_Omentum,NK_cell,NK cell,Zhang2022_Ovarian::EOC153_interval_Omentum
Zhang2022_Ovarian,Ovarian,EOC153_interval_Omentum,Mast,Mast,Zhang2022_Ovarian::EOC153_interval_Omentum
Zhang2022_Ovarian,Ovarian,EOC153_interval_Omentum,Macrophage,Macrophage,Zhang2022_Ovarian::EOC153_interval_Omentum
Zhang2022_Ovarian,Ovarian,EOC153_interval_Omentum,Lymphoid,Lymphoid,Zhang2022_Ovarian::EOC153_interval_Omentum
Zhang2022_Ovarian,Ovarian,EOC153_interval_Omentum,Plasma,Plasma,Zhang2022_Ovarian::EOC153_interval_Omentum
Zhang2022_Ovarian,Ovarian,EOC153_primary_Omentum,Macrophage,Macrophage,Zhang2022_Ovarian::EOC153_primary_Omentum
Zhang2022_Ovarian,Ovarian,EOC153_primary_Omentum,Dendritic,Dendritic,Zhang2022_Ovarian::EOC153_primary_Omentum
Zhang2022_Ovarian,Ovarian,EOC153_primary_Omentum,B_cell,B cell,Zhang2022_Ovarian::EOC153_primary_Omentum
Zhang2022_Ovarian,Ovarian,EOC153_primary_Omentum,T_cell,T cell,Zhang2022_Ovarian::EOC153_primary_Omentum
Zhang2022_Ovarian,Ovarian,EOC153_primary_Omentum,NK_cell,NK cell,Zhang2022_Ovarian::EOC153_primary_Omentum
Zhang2022_Ovarian,Ovarian,EOC153_primary_Omentum,Plasma,Plasma,Zhang2022_Ovarian::EOC153_primary_Omentum
Zhang2022_Ovarian,Ovarian,EOC153_primary_Omentum,Mast,Mast,Zhang2022_Ovarian::EOC153_primary_Omentum
Zhang2022_Ovarian,Ovarian,EOC153_primary_Omentum,Lymphoid,Lymphoid,Zhang2022_Ovarian::EOC153_primary_Omentum
Zhang2022_Ovarian,Ovarian,EOC349_interval_Omentum,T_cell,T cell,Zhang2022_Ovarian::EOC349_interval_Omentum
Zhang2022_Ovarian,Ovarian,EOC349_interval_Omentum,Macrophage,Macrophage,Zhang2022_Ovarian::EOC349_interval_Omentum
Zhang2022_Ovarian,Ovarian,EOC349_interval_Omentum,B_cell,B cell,Zhang2022_Ovarian::EOC349_interval_Omentum
Zhang2022_Ovarian,Ovarian,EOC349_interval_Omentum,Dendritic,Dendritic,Zhang2022_Ovarian::EOC349_interval_Omentum
Zhang2022_Ovarian,Ovarian,EOC349_interval_Omentum,Lymphoid,Lymphoid,Zhang2022_Ovarian::EOC349_interval_Omentum
Zhang2022_Ovarian,Ovarian,EOC349_interval_Omentum,Plasma,Plasma,Zhang2022_Ovarian::EOC349_interval_Omentum
Zhang2022_Ovarian,Ovarian,EOC349_interval_Omentum,NK_cell,NK cell,Zhang2022_Ovarian::EOC349_interval_Omentum
Zhang2022_Ovarian,Ovarian,EOC349_interval_Omentum,Mast,Mast,Zhang2022_Ovarian::EOC349_interval_Omentum
Zhang2022_Ovarian,Ovarian,EOC349_primary_Peritoneum,T_cell,T cell,Zhang2022_Ovarian::EOC349_primary_Peritoneum
Zhang2022_Ovarian,Ovarian,EOC349_primary_Peritoneum,NK_cell,NK cell,Zhang2022_Ovarian::EOC349_primary_Peritoneum
Zhang2022_Ovarian,Ovarian,EOC349_primary_Peritoneum,B_cell,B cell,Zhang2022_Ovarian::EOC349_primary_Peritoneum
Zhang2022_Ovarian,Ovarian,EOC349_primary_Peritoneum,Dendritic,Dendritic,Zhang2022_Ovarian::EOC349_primary_Peritoneum
Zhang2022_Ovarian,Ovarian,EOC349_primary_Peritoneum,Lymphoid,Lymphoid,Zhang2022_Ovarian::EOC349_primary_Peritoneum
Zhang2022_Ovarian,Ovarian,EOC349_primary_Peritoneum,Macrophage,Macrophage,Zhang2022_Ovarian::EOC349_primary_Peritoneum
Zhang2022_Ovarian,Ovarian,EOC349_primary_Peritoneum,Plasma,Plasma,Zhang2022_Ovarian::EOC349_primary_Peritoneum
Zhang2022_Ovarian,Ovarian,EOC227_interval_Omentum,T_cell,T cell,Zhang2022_Ovarian::EOC227_interval_Omentum
Zhang2022_Ovarian,Ovarian,EOC227_interval_Omentum,NK_cell,NK cell,Zhang2022_Ovarian::EOC227_interval_Omentum
Zhang2022_Ovarian,Ovarian,EOC227_interval_Omentum,B_cell,B cell,Zhang2022_Ovarian::EOC227_interval_Omentum
Zhang2022_Ovarian,Ovarian,EOC227_interval_Omentum,Macrophage,Macrophage,Zhang2022_Ovarian::EOC227_interval_Omentum
Zhang2022_Ovarian,Ovarian,EOC227_interval_Omentum,Lymphoid,Lymphoid,Zhang2022_Ovarian::EOC227_interval_Omentum
Zhang2022_Ovarian,Ovarian,EOC227_interval_Omentum,Dendritic,Dendritic,Zhang2022_Ovarian::EOC227_interval_Omentum
Zhang2022_Ovarian,Ovarian,EOC227_interval_Omentum,Plasma,Plasma,Zhang2022_Ovarian::EOC227_interval_Omentum
Zhang2022_Ovarian,Ovarian,EOC227_interval_Omentum,Mast,Mast,Zhang2022_Ovarian::EOC227_interval_Omentum
Zhang2022_Ovarian,Ovarian,EOC227_primary_Omentum,B_cell,B cell,Zhang2022_Ovarian::EOC227_primary_Omentum
Zhang2022_Ovarian,Ovarian,EOC227_primary_Omentum,T_cell,T cell,Zhang2022_Ovarian::EOC227_primary_Omentum
Zhang2022_Ovarian,Ovarian,EOC227_primary_Omentum,Macrophage,Macrophage,Zhang2022_Ovarian::EOC227_primary_Omentum
Zhang2022_Ovarian,Ovarian,EOC227_primary_Omentum,Dendritic,Dendritic,Zhang2022_Ovarian::EOC227_primary_Omentum
Zhang2022_Ovarian,Ovarian,EOC227_primary_Omentum,Plasma,Plasma,Zhang2022_Ovarian::EOC227_primary_Omentum
Zhang2022_Ovarian,Ovarian,EOC227_primary_Omentum,NK_cell,NK cell,Zhang2022_Ovarian::EOC227_primary_Omentum
Zhang2022_Ovarian,Ovarian,EOC227_primary_Omentum,Lymphoid,Lymphoid,Zhang2022_Ovarian::EOC227_primary_Omentum
Zhang2022_Ovarian,Ovarian,EOC227_primary_Omentum,Mast,Mast,Zhang2022_Ovarian::EOC227_primary_Omentum
Zhang2022_Ovarian,Ovarian,EOC136_primary_Mesentery,T_cell,T cell,Zhang2022_Ovarian::EOC136_primary_Mesentery
Zhang2022_Ovarian,Ovarian,EOC136_primary_Mesentery,Macrophage,Macrophage,Zhang2022_Ovarian::EOC136_primary_Mesentery
Zhang2022_Ovarian,Ovarian,EOC136_primary_Mesentery,B_cell,B cell,Zhang2022_Ovarian::EOC136_primary_Mesentery
Zhang2022_Ovarian,Ovarian,EOC136_primary_Mesentery,Mast,Mast,Zhang2022_Ovarian::EOC136_primary_Mesentery
Zhang2022_Ovarian,Ovarian,EOC136_primary_Mesentery,Dendritic,Dendritic,Zhang2022_Ovarian::EOC136_primary_Mesentery
Zhang2022_Ovarian,Ovarian,EOC136_primary_Mesentery,NK_cell,NK cell,Zhang2022_Ovarian::EOC136_primary_Mesentery
Zhang2022_Ovarian,Ovarian,EOC136_primary_Mesentery,Plasma,Plasma,Zhang2022_Ovarian::EOC136_primary_Mesentery
Zhang2022_Ovarian,Ovarian,EOC443_primary_Omentum,T_cell,T cell,Zhang2022_Ovarian::EOC443_primary_Omentum
Zhang2022_Ovarian,Ovarian,EOC443_primary_Omentum,NK_cell,NK cell,Zhang2022_Ovarian::EOC443_primary_Omentum
Zhang2022_Ovarian,Ovarian,EOC443_primary_Omentum,Plasma,Plasma,Zhang2022_Ovarian::EOC443_primary_Omentum
Zhang2022_Ovarian,Ovarian,EOC443_primary_Omentum,Macrophage,Macrophage,Zhang2022_Ovarian::EOC443_primary_Omentum
Zhang2022_Ovarian,Ovarian,EOC443_primary_Omentum,Dendritic,Dendritic,Zhang2022_Ovarian::EOC443_primary_Omentum
Zhang2022_Ovarian,Ovarian,EOC443_primary_Omentum,Mast,Mast,Zhang2022_Ovarian::EOC443_primary_Omentum
Zhang2022_Ovarian,Ovarian,EOC443_primary_Omentum,B_cell,B cell,Zhang2022_Ovarian::EOC443_primary_Omentum
Zhang2022_Ovarian,Ovarian,EOC443_primary_Omentum,Lymphoid,Lymphoid,Zhang2022_Ovarian::EOC443_primary_Omentum
Lin2020_Pancreas,Pancreas,P03,Malignant,Malignant,Lin2020_Pancreas::P03
Lin2020_Pancreas,Pancreas,P03,Fibroblast,Fibroblast,Lin2020_Pancreas::P03
Lin2020_Pancreas,Pancreas,P03,Macrophage,Macrophage,Lin2020_Pancreas::P03
Lin2020_Pancreas,Pancreas,P03,Endothelial,Endothelial,Lin2020_Pancreas::P03
Lin2020_Pancreas,Pancreas,P04,Fibroblast,Fibroblast,Lin2020_Pancreas::P04
Lin2020_Pancreas,Pancreas,P04,Malignant,Malignant,Lin2020_Pancreas::P04
Lin2020_Pancreas,Pancreas,P05,Fibroblast,Fibroblast,Lin2020_Pancreas::P05
Lin2020_Pancreas,Pancreas,P05,Endothelial,Endothelial,Lin2020_Pancreas::P05
Lin2020_Pancreas,Pancreas,P05,Malignant,Malignant,Lin2020_Pancreas::P05
Lin2020_Pancreas,Pancreas,P05,Macrophage,Macrophage,Lin2020_Pancreas::P05
Lin2020_Pancreas,Pancreas,P05,Lymphoid,Lymphoid,Lin2020_Pancreas::P05
Lin2020_Pancreas,Pancreas,P06,Malignant,Malignant,Lin2020_Pancreas::P06
Lin2020_Pancreas,Pancreas,P06,Macrophage,Macrophage,Lin2020_Pancreas::P06
Lin2020_Pancreas,Pancreas,P06,Fibroblast,Fibroblast,Lin2020_Pancreas::P06
Lin2020_Pancreas,Pancreas,P06,Endothelial,Endothelial,Lin2020_Pancreas::P06
Lin2020_Pancreas,Pancreas,P06,Lymphoid,Lymphoid,Lin2020_Pancreas::P06
Lin2020_Pancreas,Pancreas,P07,Macrophage,Macrophage,Lin2020_Pancreas::P07
Lin2020_Pancreas,Pancreas,P07,Fibroblast,Fibroblast,Lin2020_Pancreas::P07
Lin2020_Pancreas,Pancreas,P07,Lymphoid,Lymphoid,Lin2020_Pancreas::P07
Lin2020_Pancreas,Pancreas,P07,Malignant,Malignant,Lin2020_Pancreas::P07
Lin2020_Pancreas,Pancreas,P07,Endothelial,Endothelial,Lin2020_Pancreas::P07
Lin2020_Pancreas,Pancreas,P08,Malignant,Malignant,Lin2020_Pancreas::P08
Lin2020_Pancreas,Pancreas,P08,Fibroblast,Fibroblast,Lin2020_Pancreas::P08
Lin2020_Pancreas,Pancreas,P08,Lymphoid,Lymphoid,Lin2020_Pancreas::P08
Lin2020_Pancreas,Pancreas,P08,Macrophage,Macrophage,Lin2020_Pancreas::P08
Lin2020_Pancreas,Pancreas,P08,Endothelial,Endothelial,Lin2020_Pancreas::P08
Lin2020_Pancreas,Pancreas,P09,Macrophage,Macrophage,Lin2020_Pancreas::P09
Lin2020_Pancreas,Pancreas,P09,Malignant,Malignant,Lin2020_Pancreas::P09
Lin2020_Pancreas,Pancreas,P09,Fibroblast,Fibroblast,Lin2020_Pancreas::P09
Lin2020_Pancreas,Pancreas,P09,Lymphoid,Lymphoid,Lin2020_Pancreas::P09
Lin2020_Pancreas,Pancreas,P09,Endothelial,Endothelial,Lin2020_Pancreas::P09
Lin2020_Pancreas,Pancreas,P10,Malignant,Malignant,Lin2020_Pancreas::P10
Lin2020_Pancreas,Pancreas,P10,Macrophage,Macrophage,Lin2020_Pancreas::P10
Lin2020_Pancreas,Pancreas,P10,Fibroblast,Fibroblast,Lin2020_Pancreas::P10
Lin2020_Pancreas,Pancreas,P10,Lymphoid,Lymphoid,Lin2020_Pancreas::P10
Lin2020_Pancreas,Pancreas,P01,Malignant,Malignant,Lin2020_Pancreas::P01
Lin2020_Pancreas,Pancreas,P01,Fibroblast,Fibroblast,Lin2020_Pancreas::P01
Lin2020_Pancreas,Pancreas,P01,Lymphoid,Lymphoid,Lin2020_Pancreas::P01
Lin2020_Pancreas,Pancreas,P01,Endothelial,Endothelial,Lin2020_Pancreas::P01
Lin2020_Pancreas,Pancreas,P01,Macrophage,Macrophage,Lin2020_Pancreas::P01
Lin2020_Pancreas,Pancreas,P02,Malignant,Malignant,Lin2020_Pancreas::P02
Lin2020_Pancreas,Pancreas,P02,Lymphoid,Lymphoid,Lin2020_Pancreas::P02
Lin2020_Pancreas,Pancreas,P02,Macrophage,Macrophage,Lin2020_Pancreas::P02
Lin2020_Pancreas,Pancreas,P02,Fibroblast,Fibroblast,Lin2020_Pancreas::P02
Lin2020_Pancreas,Pancreas,MET01,Malignant,Malignant,Lin2020_Pancreas::MET01
Lin2020_Pancreas,Pancreas,MET01,Macrophage,Macrophage,Lin2020_Pancreas::MET01
Lin2020_Pancreas,Pancreas,MET01,Lymphoid,Lymphoid,Lin2020_Pancreas::MET01
Lin2020_Pancreas,Pancreas,MET02,Malignant,Malignant,Lin2020_Pancreas::MET02
Lin2020_Pancreas,Pancreas,MET02,Macrophage,Macrophage,Lin2020_Pancreas::MET02
Lin2020_Pancreas,Pancreas,MET02,Endothelial,Endothelial,Lin2020_Pancreas::MET02
Lin2020_Pancreas,Pancreas,MET02,Lymphoid,Lymphoid,Lin2020_Pancreas::MET02
Lin2020_Pancreas,Pancreas,MET03,Malignant,Malignant,Lin2020_Pancreas::MET03
Lin2020_Pancreas,Pancreas,MET03,Lymphoid,Lymphoid,Lin2020_Pancreas::MET03
Lin2020_Pancreas,Pancreas,MET03,Endothelial,Endothelial,Lin2020_Pancreas::MET03
Lin2020_Pancreas,Pancreas,MET03,Macrophage,Macrophage,Lin2020_Pancreas::MET03
Lin2020_Pancreas,Pancreas,MET03,Fibroblast,Fibroblast,Lin2020_Pancreas::MET03
Lin2020_Pancreas,Pancreas,MET04,Malignant,Malignant,Lin2020_Pancreas::MET04
Lin2020_Pancreas,Pancreas,MET04,Lymphoid,Lymphoid,Lin2020_Pancreas::MET04
Lin2020_Pancreas,Pancreas,MET04,Macrophage,Macrophage,Lin2020_Pancreas::MET04
Lin2020_Pancreas,Pancreas,MET05,Malignant,Malignant,Lin2020_Pancreas::MET05
Lin2020_Pancreas,Pancreas,MET05,Macrophage,Macrophage,Lin2020_Pancreas::MET05
Lin2020_Pancreas,Pancreas,MET05,Lymphoid,Lymphoid,Lin2020_Pancreas::MET05
Lin2020_Pancreas,Pancreas,MET05,Endothelial,Endothelial,Lin2020_Pancreas::MET05
Lin2020_Pancreas,Pancreas,MET06,Malignant,Malignant,Lin2020_Pancreas::MET06
Lin2020_Pancreas,Pancreas,MET06,Macrophage,Macrophage,Lin2020_Pancreas::MET06
Lin2020_Pancreas,Pancreas,MET06,Lymphoid,Lymphoid,Lin2020_Pancreas::MET06
Lin2020_Pancreas,Pancreas,MET06,Fibroblast,Fibroblast,Lin2020_Pancreas::MET06
Lin2020_Pancreas,Pancreas,MET06,Endothelial,Endothelial,Lin2020_Pancreas::MET06
Moncada2020_Pancreas,Pancreas,PDAC_A,Epithelial,Epithelial,Moncada2020_Pancreas::PDAC_A
Moncada2020_Pancreas,Pancreas,PDAC_A,Malignant,Malignant,Moncada2020_Pancreas::PDAC_A
Moncada2020_Pancreas,Pancreas,PDAC_A,Dendritic,Dendritic,Moncada2020_Pancreas::PDAC_A
Moncada2020_Pancreas,Pancreas,PDAC_A,Tuft,Tuft,Moncada2020_Pancreas::PDAC_A
Moncada2020_Pancreas,Pancreas,PDAC_A,Endocrine,Endocrine,Moncada2020_Pancreas::PDAC_A
Moncada2020_Pancreas,Pancreas,PDAC_A,Endothelial,Endothelial,Moncada2020_Pancreas::PDAC_A
Moncada2020_Pancreas,Pancreas,PDAC_A,Macrophage,Macrophage,Moncada2020_Pancreas::PDAC_A
Moncada2020_Pancreas,Pancreas,PDAC_A,Mast,Mast,Moncada2020_Pancreas::PDAC_A
Moncada2020_Pancreas,Pancreas,PDAC_A,T_cell,T cell,Moncada2020_Pancreas::PDAC_A
Moncada2020_Pancreas,Pancreas,PDAC_A,Monocyte,Monocyte,Moncada2020_Pancreas::PDAC_A
Moncada2020_Pancreas,Pancreas,PDAC_A,Erythrocyte,Erythrocyte,Moncada2020_Pancreas::PDAC_A
Moncada2020_Pancreas,Pancreas,PDAC_A,Fibroblast,Fibroblast,Moncada2020_Pancreas::PDAC_A
Moncada2020_Pancreas,Pancreas,PDAC_B,Malignant,Malignant,Moncada2020_Pancreas::PDAC_B
Moncada2020_Pancreas,Pancreas,PDAC_B,Epithelial,Epithelial,Moncada2020_Pancreas::PDAC_B
Moncada2020_Pancreas,Pancreas,PDAC_B,Endothelial,Endothelial,Moncada2020_Pancreas::PDAC_B
Moncada2020_Pancreas,Pancreas,PDAC_B,Endocrine,Endocrine,Moncada2020_Pancreas::PDAC_B
Moncada2020_Pancreas,Pancreas,PDAC_B,Dendritic,Dendritic,Moncada2020_Pancreas::PDAC_B
Moncada2020_Pancreas,Pancreas,PDAC_B,Tuft,Tuft,Moncada2020_Pancreas::PDAC_B
Moncada2020_Pancreas,Pancreas,PDAC_B,Macrophage,Macrophage,Moncada2020_Pancreas::PDAC_B
Moncada2020_Pancreas,Pancreas,PDAC_B,Mast,Mast,Moncada2020_Pancreas::PDAC_B
Moncada2020_Pancreas,Pancreas,PDAC_B,Monocyte,Monocyte,Moncada2020_Pancreas::PDAC_B
Moncada2020_Pancreas,Pancreas,PDAC_B,Erythrocyte,Erythrocyte,Moncada2020_Pancreas::PDAC_B
Peng2019_Pancreas,Pancreas,T11,Fibroblast,Fibroblast,Peng2019_Pancreas::T11
Peng2019_Pancreas,Pancreas,T11,Epithelial,Epithelial,Peng2019_Pancreas::T11
Peng2019_Pancreas,Pancreas,T11,Macrophage,Macrophage,Peng2019_Pancreas::T11
Peng2019_Pancreas,Pancreas,T11,Stellate,Stellate,Peng2019_Pancreas::T11
Peng2019_Pancreas,Pancreas,T11,Malignant,Malignant,Peng2019_Pancreas::T11
Peng2019_Pancreas,Pancreas,T11,T_cell,T cell,Peng2019_Pancreas::T11
Peng2019_Pancreas,Pancreas,T11,Endothelial,Endothelial,Peng2019_Pancreas::T11
Peng2019_Pancreas,Pancreas,T11,B_cell,B cell,Peng2019_Pancreas::T11
Peng2019_Pancreas,Pancreas,T11,Endocrine,Endocrine,Peng2019_Pancreas::T11
Peng2019_Pancreas,Pancreas,T13,Malignant,Malignant,Peng2019_Pancreas::T13
Peng2019_Pancreas,Pancreas,T13,Epithelial,Epithelial,Peng2019_Pancreas::T13
Peng2019_Pancreas,Pancreas,T13,Stellate,Stellate,Peng2019_Pancreas::T13
Peng2019_Pancreas,Pancreas,T13,Endothelial,Endothelial,Peng2019_Pancreas::T13
Peng2019_Pancreas,Pancreas,T13,Fibroblast,Fibroblast,Peng2019_Pancreas::T13
Peng2019_Pancreas,Pancreas,T13,Macrophage,Macrophage,Peng2019_Pancreas::T13
Peng2019_Pancreas,Pancreas,T13,B_cell,B cell,Peng2019_Pancreas::T13
Peng2019_Pancreas,Pancreas,T13,T_cell,T cell,Peng2019_Pancreas::T13
Peng2019_Pancreas,Pancreas,T13,Endocrine,Endocrine,Peng2019_Pancreas::T13
Peng2019_Pancreas,Pancreas,T14,Malignant,Malignant,Peng2019_Pancreas::T14
Peng2019_Pancreas,Pancreas,T14,Stellate,Stellate,Peng2019_Pancreas::T14
Peng2019_Pancreas,Pancreas,T14,Endothelial,Endothelial,Peng2019_Pancreas::T14
Peng2019_Pancreas,Pancreas,T14,Fibroblast,Fibroblast,Peng2019_Pancreas::T14
Peng2019_Pancreas,Pancreas,T14,Macrophage,Macrophage,Peng2019_Pancreas::T14
Peng2019_Pancreas,Pancreas,T14,T_cell,T cell,Peng2019_Pancreas::T14
Peng2019_Pancreas,Pancreas,T14,B_cell,B cell,Peng2019_Pancreas::T14
Peng2019_Pancreas,Pancreas,T14,Endocrine,Endocrine,Peng2019_Pancreas::T14
Peng2019_Pancreas,Pancreas,T15,T_cell,T cell,Peng2019_Pancreas::T15
Peng2019_Pancreas,Pancreas,T15,Stellate,Stellate,Peng2019_Pancreas::T15
Peng2019_Pancreas,Pancreas,T15,Endothelial,Endothelial,Peng2019_Pancreas::T15
Peng2019_Pancreas,Pancreas,T15,Malignant,Malignant,Peng2019_Pancreas::T15
Peng2019_Pancreas,Pancreas,T15,B_cell,B cell,Peng2019_Pancreas::T15
Peng2019_Pancreas,Pancreas,T15,Fibroblast,Fibroblast,Peng2019_Pancreas::T15
Peng2019_Pancreas,Pancreas,T15,Epithelial,Epithelial,Peng2019_Pancreas::T15
Peng2019_Pancreas,Pancreas,T15,Macrophage,Macrophage,Peng2019_Pancreas::T15
Peng2019_Pancreas,Pancreas,T15,Endocrine,Endocrine,Peng2019_Pancreas::T15
Peng2019_Pancreas,Pancreas,T16,Fibroblast,Fibroblast,Peng2019_Pancreas::T16
Peng2019_Pancreas,Pancreas,T16,Endothelial,Endothelial,Peng2019_Pancreas::T16
Peng2019_Pancreas,Pancreas,T16,T_cell,T cell,Peng2019_Pancreas::T16
Peng2019_Pancreas,Pancreas,T16,Epithelial,Epithelial,Peng2019_Pancreas::T16
Peng2019_Pancreas,Pancreas,T16,Stellate,Stellate,Peng2019_Pancreas::T16
Peng2019_Pancreas,Pancreas,T16,Macrophage,Macrophage,Peng2019_Pancreas::T16
Peng2019_Pancreas,Pancreas,T16,Malignant,Malignant,Peng2019_Pancreas::T16
Peng2019_Pancreas,Pancreas,T16,B_cell,B cell,Peng2019_Pancreas::T16
Peng2019_Pancreas,Pancreas,T16,Endocrine,Endocrine,Peng2019_Pancreas::T16
Peng2019_Pancreas,Pancreas,T17,Malignant,Malignant,Peng2019_Pancreas::T17
Peng2019_Pancreas,Pancreas,T17,Fibroblast,Fibroblast,Peng2019_Pancreas::T17
Peng2019_Pancreas,Pancreas,T17,B_cell,B cell,Peng2019_Pancreas::T17
Peng2019_Pancreas,Pancreas,T17,Stellate,Stellate,Peng2019_Pancreas::T17
Peng2019_Pancreas,Pancreas,T17,Endothelial,Endothelial,Peng2019_Pancreas::T17
Peng2019_Pancreas,Pancreas,T17,Macrophage,Macrophage,Peng2019_Pancreas::T17
Peng2019_Pancreas,Pancreas,T17,Endocrine,Endocrine,Peng2019_Pancreas::T17
Peng2019_Pancreas,Pancreas,T17,T_cell,T cell,Peng2019_Pancreas::T17
Peng2019_Pancreas,Pancreas,T17,Epithelial,Epithelial,Peng2019_Pancreas::T17
Peng2019_Pancreas,Pancreas,T19,T_cell,T cell,Peng2019_Pancreas::T19
Peng2019_Pancreas,Pancreas,T19,Endothelial,Endothelial,Peng2019_Pancreas::T19
Peng2019_Pancreas,Pancreas,T19,Epithelial,Epithelial,Peng2019_Pancreas::T19
Peng2019_Pancreas,Pancreas,T19,Macrophage,Macrophage,Peng2019_Pancreas::T19
Peng2019_Pancreas,Pancreas,T19,Stellate,Stellate,Peng2019_Pancreas::T19
Peng2019_Pancreas,Pancreas,T19,B_cell,B cell,Peng2019_Pancreas::T19
Peng2019_Pancreas,Pancreas,T19,Malignant,Malignant,Peng2019_Pancreas::T19
Peng2019_Pancreas,Pancreas,T19,Fibroblast,Fibroblast,Peng2019_Pancreas::T19
Peng2019_Pancreas,Pancreas,T19,Endocrine,Endocrine,Peng2019_Pancreas::T19
Peng2019_Pancreas,Pancreas,T20,Stellate,Stellate,Peng2019_Pancreas::T20
Peng2019_Pancreas,Pancreas,T20,Malignant,Malignant,Peng2019_Pancreas::T20
Peng2019_Pancreas,Pancreas,T20,Epithelial,Epithelial,Peng2019_Pancreas::T20
Peng2019_Pancreas,Pancreas,T20,Macrophage,Macrophage,Peng2019_Pancreas::T20
Peng2019_Pancreas,Pancreas,T20,Endothelial,Endothelial,Peng2019_Pancreas::T20
Peng2019_Pancreas,Pancreas,T20,Endocrine,Endocrine,Peng2019_Pancreas::T20
Peng2019_Pancreas,Pancreas,T20,T_cell,T cell,Peng2019_Pancreas::T20
Peng2019_Pancreas,Pancreas,T21,Macrophage,Macrophage,Peng2019_Pancreas::T21
Peng2019_Pancreas,Pancreas,T21,Endothelial,Endothelial,Peng2019_Pancreas::T21
Peng2019_Pancreas,Pancreas,T21,Malignant,Malignant,Peng2019_Pancreas::T21
Peng2019_Pancreas,Pancreas,T21,T_cell,T cell,Peng2019_Pancreas::T21
Peng2019_Pancreas,Pancreas,T21,Stellate,Stellate,Peng2019_Pancreas::T21
Peng2019_Pancreas,Pancreas,T21,Epithelial,Epithelial,Peng2019_Pancreas::T21
Peng2019_Pancreas,Pancreas,T21,Fibroblast,Fibroblast,Peng2019_Pancreas::T21
Peng2019_Pancreas,Pancreas,T21,B_cell,B cell,Peng2019_Pancreas::T21
Peng2019_Pancreas,Pancreas,T22,T_cell,T cell,Peng2019_Pancreas::T22
Peng2019_Pancreas,Pancreas,T22,Endothelial,Endothelial,Peng2019_Pancreas::T22
Peng2019_Pancreas,Pancreas,T22,Macrophage,Macrophage,Peng2019_Pancreas::T22
Peng2019_Pancreas,Pancreas,T22,Malignant,Malignant,Peng2019_Pancreas::T22
Peng2019_Pancreas,Pancreas,T22,B_cell,B cell,Peng2019_Pancreas::T22
Peng2019_Pancreas,Pancreas,T22,Stellate,Stellate,Peng2019_Pancreas::T22
Peng2019_Pancreas,Pancreas,T22,Fibroblast,Fibroblast,Peng2019_Pancreas::T22
Peng2019_Pancreas,Pancreas,T22,Endocrine,Endocrine,Peng2019_Pancreas::T22
Peng2019_Pancreas,Pancreas,T22,Epithelial,Epithelial,Peng2019_Pancreas::T22
Peng2019_Pancreas,Pancreas,T2,Macrophage,Macrophage,Peng2019_Pancreas::T2
Peng2019_Pancreas,Pancreas,T2,T_cell,T cell,Peng2019_Pancreas::T2
Peng2019_Pancreas,Pancreas,T2,Endothelial,Endothelial,Peng2019_Pancreas::T2
Peng2019_Pancreas,Pancreas,T2,Stellate,Stellate,Peng2019_Pancreas::T2
Peng2019_Pancreas,Pancreas,T2,Malignant,Malignant,Peng2019_Pancreas::T2
Peng2019_Pancreas,Pancreas,T2,Epithelial,Epithelial,Peng2019_Pancreas::T2
Peng2019_Pancreas,Pancreas,T2,B_cell,B cell,Peng2019_Pancreas::T2
Peng2019_Pancreas,Pancreas,T2,Fibroblast,Fibroblast,Peng2019_Pancreas::T2
Peng2019_Pancreas,Pancreas,T2,Endocrine,Endocrine,Peng2019_Pancreas::T2
Peng2019_Pancreas,Pancreas,T3,Stellate,Stellate,Peng2019_Pancreas::T3
Peng2019_Pancreas,Pancreas,T3,Malignant,Malignant,Peng2019_Pancreas::T3
Peng2019_Pancreas,Pancreas,T3,Endothelial,Endothelial,Peng2019_Pancreas::T3
Peng2019_Pancreas,Pancreas,T3,T_cell,T cell,Peng2019_Pancreas::T3
Peng2019_Pancreas,Pancreas,T3,Fibroblast,Fibroblast,Peng2019_Pancreas::T3
Peng2019_Pancreas,Pancreas,T3,Endocrine,Endocrine,Peng2019_Pancreas::T3
Peng2019_Pancreas,Pancreas,T3,Macrophage,Macrophage,Peng2019_Pancreas::T3
Peng2019_Pancreas,Pancreas,T3,Epithelial,Epithelial,Peng2019_Pancreas::T3
Peng2019_Pancreas,Pancreas,T3,B_cell,B cell,Peng2019_Pancreas::T3
Peng2019_Pancreas,Pancreas,T6,Endocrine,Endocrine,Peng2019_Pancreas::T6
Peng2019_Pancreas,Pancreas,T6,Stellate,Stellate,Peng2019_Pancreas::T6
Peng2019_Pancreas,Pancreas,T6,Macrophage,Macrophage,Peng2019_Pancreas::T6
Peng2019_Pancreas,Pancreas,T6,Malignant,Malignant,Peng2019_Pancreas::T6
Peng2019_Pancreas,Pancreas,T6,Epithelial,Epithelial,Peng2019_Pancreas::T6
Peng2019_Pancreas,Pancreas,T6,Endothelial,Endothelial,Peng2019_Pancreas::T6
Peng2019_Pancreas,Pancreas,T6,T_cell,T cell,Peng2019_Pancreas::T6
Peng2019_Pancreas,Pancreas,T6,Fibroblast,Fibroblast,Peng2019_Pancreas::T6
Peng2019_Pancreas,Pancreas,T6,B_cell,B cell,Peng2019_Pancreas::T6
Peng2019_Pancreas,Pancreas,T7,Malignant,Malignant,Peng2019_Pancreas::T7
Peng2019_Pancreas,Pancreas,T7,Epithelial,Epithelial,Peng2019_Pancreas::T7
Peng2019_Pancreas,Pancreas,T7,Stellate,Stellate,Peng2019_Pancreas::T7
Peng2019_Pancreas,Pancreas,T7,Endothelial,Endothelial,Peng2019_Pancreas::T7
Peng2019_Pancreas,Pancreas,T7,T_cell,T cell,Peng2019_Pancreas::T7
Peng2019_Pancreas,Pancreas,T7,Fibroblast,Fibroblast,Peng2019_Pancreas::T7
Peng2019_Pancreas,Pancreas,T7,Macrophage,Macrophage,Peng2019_Pancreas::T7
Peng2019_Pancreas,Pancreas,T7,Endocrine,Endocrine,Peng2019_Pancreas::T7
Peng2019_Pancreas,Pancreas,T7,B_cell,B cell,Peng2019_Pancreas::T7
Peng2019_Pancreas,Pancreas,T8,Macrophage,Macrophage,Peng2019_Pancreas::T8
Peng2019_Pancreas,Pancreas,T8,B_cell,B cell,Peng2019_Pancreas::T8
Peng2019_Pancreas,Pancreas,T8,Malignant,Malignant,Peng2019_Pancreas::T8
Peng2019_Pancreas,Pancreas,T8,T_cell,T cell,Peng2019_Pancreas::T8
Peng2019_Pancreas,Pancreas,T8,Stellate,Stellate,Peng2019_Pancreas::T8
Peng2019_Pancreas,Pancreas,T8,Epithelial,Epithelial,Peng2019_Pancreas::T8
Peng2019_Pancreas,Pancreas,T8,Fibroblast,Fibroblast,Peng2019_Pancreas::T8
Peng2019_Pancreas,Pancreas,T8,Endothelial,Endothelial,Peng2019_Pancreas::T8
Peng2019_Pancreas,Pancreas,T9,Malignant,Malignant,Peng2019_Pancreas::T9
Peng2019_Pancreas,Pancreas,T9,Fibroblast,Fibroblast,Peng2019_Pancreas::T9
Peng2019_Pancreas,Pancreas,T9,Stellate,Stellate,Peng2019_Pancreas::T9
Peng2019_Pancreas,Pancreas,T9,Macrophage,Macrophage,Peng2019_Pancreas::T9
Peng2019_Pancreas,Pancreas,T9,Epithelial,Epithelial,Peng2019_Pancreas::T9
Peng2019_Pancreas,Pancreas,T9,Endocrine,Endocrine,Peng2019_Pancreas::T9
Peng2019_Pancreas,Pancreas,T9,T_cell,T cell,Peng2019_Pancreas::T9
Peng2019_Pancreas,Pancreas,T9,Endothelial,Endothelial,Peng2019_Pancreas::T9
Peng2019_Pancreas,Pancreas,T9,B_cell,B cell,Peng2019_Pancreas::T9
Raghavan2021_Pancreas,Pancreas,PANFR0383_Biopsy_None,Malignant,Malignant,Raghavan2021_Pancreas::PANFR0383_Biopsy_None
Raghavan2021_Pancreas,Pancreas,PANFR0383_Biopsy_None,Macrophage,Macrophage,Raghavan2021_Pancreas::PANFR0383_Biopsy_None
Raghavan2021_Pancreas,Pancreas,PANFR0383_Biopsy_None,T_cell,T cell,Raghavan2021_Pancreas::PANFR0383_Biopsy_None
Raghavan2021_Pancreas,Pancreas,PANFR0383_Biopsy_None,Dendritic,Dendritic,Raghavan2021_Pancreas::PANFR0383_Biopsy_None
Raghavan2021_Pancreas,Pancreas,PANFR0383_Biopsy_None,B_cell,B cell,Raghavan2021_Pancreas::PANFR0383_Biopsy_None
Raghavan2021_Pancreas,Pancreas,PANFR0383_Biopsy_None,Endothelial,Endothelial,Raghavan2021_Pancreas::PANFR0383_Biopsy_None
Raghavan2021_Pancreas,Pancreas,PANFR0383_Biopsy_None,Plasma,Plasma,Raghavan2021_Pancreas::PANFR0383_Biopsy_None
Raghavan2021_Pancreas,Pancreas,PANFR0383_Biopsy_None,Fibroblast,Fibroblast,Raghavan2021_Pancreas::PANFR0383_Biopsy_None
Raghavan2021_Pancreas,Pancreas,PANFR0489_Biopsy_None,Epithelial,Epithelial,Raghavan2021_Pancreas::PANFR0489_Biopsy_None
Raghavan2021_Pancreas,Pancreas,PANFR0489_Biopsy_None,Malignant,Malignant,Raghavan2021_Pancreas::PANFR0489_Biopsy_None
Raghavan2021_Pancreas,Pancreas,PANFR0489_Biopsy_None,T_cell,T cell,Raghavan2021_Pancreas::PANFR0489_Biopsy_None
Raghavan2021_Pancreas,Pancreas,PANFR0489_Biopsy_None,Plasma,Plasma,Raghavan2021_Pancreas::PANFR0489_Biopsy_None
Raghavan2021_Pancreas,Pancreas,PANFR0489_Biopsy_None,Macrophage,Macrophage,Raghavan2021_Pancreas::PANFR0489_Biopsy_None
Raghavan2021_Pancreas,Pancreas,PANFR0489_Biopsy_None,Dendritic,Dendritic,Raghavan2021_Pancreas::PANFR0489_Biopsy_None
Raghavan2021_Pancreas,Pancreas,PANFR0489_Biopsy_None,Fibroblast,Fibroblast,Raghavan2021_Pancreas::PANFR0489_Biopsy_None
Raghavan2021_Pancreas,Pancreas,PANFR0526_Biopsy_None,Malignant,Malignant,Raghavan2021_Pancreas::PANFR0526_Biopsy_None
Raghavan2021_Pancreas,Pancreas,PANFR0526_Biopsy_None,Macrophage,Macrophage,Raghavan2021_Pancreas::PANFR0526_Biopsy_None
Raghavan2021_Pancreas,Pancreas,PANFR0526_Biopsy_None,T_cell,T cell,Raghavan2021_Pancreas::PANFR0526_Biopsy_None
Raghavan2021_Pancreas,Pancreas,PANFR0543_Biopsy_None,Macrophage,Macrophage,Raghavan2021_Pancreas::PANFR0543_Biopsy_None
Raghavan2021_Pancreas,Pancreas,PANFR0543_Biopsy_None,Malignant,Malignant,Raghavan2021_Pancreas::PANFR0543_Biopsy_None
Raghavan2021_Pancreas,Pancreas,PANFR0543_Biopsy_None,Plasma,Plasma,Raghavan2021_Pancreas::PANFR0543_Biopsy_None
Raghavan2021_Pancreas,Pancreas,PANFR0543_Biopsy_None,T_cell,T cell,Raghavan2021_Pancreas::PANFR0543_Biopsy_None
Raghavan2021_Pancreas,Pancreas,PANFR0543_Biopsy_None,Fibroblast,Fibroblast,Raghavan2021_Pancreas::PANFR0543_Biopsy_None
Raghavan2021_Pancreas,Pancreas,PANFR0543_Biopsy_None,B_cell,B cell,Raghavan2021_Pancreas::PANFR0543_Biopsy_None
Raghavan2021_Pancreas,Pancreas,PANFR0543_Biopsy_None,Dendritic,Dendritic,Raghavan2021_Pancreas::PANFR0543_Biopsy_None
Raghavan2021_Pancreas,Pancreas,PANFR0543_Biopsy_None,Epithelial,Epithelial,Raghavan2021_Pancreas::PANFR0543_Biopsy_None
Raghavan2021_Pancreas,Pancreas,PANFR0545_Biopsy_None,Malignant,Malignant,Raghavan2021_Pancreas::PANFR0545_Biopsy_None
Raghavan2021_Pancreas,Pancreas,PANFR0545_Biopsy_None,T_cell,T cell,Raghavan2021_Pancreas::PANFR0545_Biopsy_None
Raghavan2021_Pancreas,Pancreas,PANFR0545_Biopsy_None,Macrophage,Macrophage,Raghavan2021_Pancreas::PANFR0545_Biopsy_None
Raghavan2021_Pancreas,Pancreas,PANFR0545_Biopsy_None,Endothelial,Endothelial,Raghavan2021_Pancreas::PANFR0545_Biopsy_None
Raghavan2021_Pancreas,Pancreas,PANFR0545_Biopsy_None,Epithelial,Epithelial,Raghavan2021_Pancreas::PANFR0545_Biopsy_None
Raghavan2021_Pancreas,Pancreas,PANFR0545_Biopsy_None,Plasma,Plasma,Raghavan2021_Pancreas::PANFR0545_Biopsy_None
Raghavan2021_Pancreas,Pancreas,PANFR0545_Biopsy_None,Fibroblast,Fibroblast,Raghavan2021_Pancreas::PANFR0545_Biopsy_None
Raghavan2021_Pancreas,Pancreas,PANFR0545_Biopsy_None,Dendritic,Dendritic,Raghavan2021_Pancreas::PANFR0545_Biopsy_None
Raghavan2021_Pancreas,Pancreas,PANFR0557_Biopsy_None,Plasma,Plasma,Raghavan2021_Pancreas::PANFR0557_Biopsy_None
Raghavan2021_Pancreas,Pancreas,PANFR0557_Biopsy_None,T_cell,T cell,Raghavan2021_Pancreas::PANFR0557_Biopsy_None
Raghavan2021_Pancreas,Pancreas,PANFR0557_Biopsy_None,Malignant,Malignant,Raghavan2021_Pancreas::PANFR0557_Biopsy_None
Raghavan2021_Pancreas,Pancreas,PANFR0557_Biopsy_None,Dendritic,Dendritic,Raghavan2021_Pancreas::PANFR0557_Biopsy_None
Raghavan2021_Pancreas,Pancreas,PANFR0557_Biopsy_None,Fibroblast,Fibroblast,Raghavan2021_Pancreas::PANFR0557_Biopsy_None
Raghavan2021_Pancreas,Pancreas,PANFR0557_Biopsy_None,Endothelial,Endothelial,Raghavan2021_Pancreas::PANFR0557_Biopsy_None
Raghavan2021_Pancreas,Pancreas,PANFR0557_Biopsy_None,Macrophage,Macrophage,Raghavan2021_Pancreas::PANFR0557_Biopsy_None
Raghavan2021_Pancreas,Pancreas,PANFR0557_Biopsy_None,Epithelial,Epithelial,Raghavan2021_Pancreas::PANFR0557_Biopsy_None
Raghavan2021_Pancreas,Pancreas,PANFR0557_Biopsy_None,B_cell,B cell,Raghavan2021_Pancreas::PANFR0557_Biopsy_None
Raghavan2021_Pancreas,Pancreas,PANFR0562_Biopsy_None,Macrophage,Macrophage,Raghavan2021_Pancreas::PANFR0562_Biopsy_None
Raghavan2021_Pancreas,Pancreas,PANFR0562_Biopsy_None,Endothelial,Endothelial,Raghavan2021_Pancreas::PANFR0562_Biopsy_None
Raghavan2021_Pancreas,Pancreas,PANFR0562_Biopsy_None,Malignant,Malignant,Raghavan2021_Pancreas::PANFR0562_Biopsy_None
Raghavan2021_Pancreas,Pancreas,PANFR0562_Biopsy_None,Fibroblast,Fibroblast,Raghavan2021_Pancreas::PANFR0562_Biopsy_None
Raghavan2021_Pancreas,Pancreas,PANFR0562_Biopsy_None,Plasma,Plasma,Raghavan2021_Pancreas::PANFR0562_Biopsy_None
Raghavan2021_Pancreas,Pancreas,PANFR0562_Biopsy_None,T_cell,T cell,Raghavan2021_Pancreas::PANFR0562_Biopsy_None
Raghavan2021_Pancreas,Pancreas,PANFR0562_Biopsy_None,Epithelial,Epithelial,Raghavan2021_Pancreas::PANFR0562_Biopsy_None
Raghavan2021_Pancreas,Pancreas,PANFR0562_Biopsy_None,B_cell,B cell,Raghavan2021_Pancreas::PANFR0562_Biopsy_None
Raghavan2021_Pancreas,Pancreas,PANFR0562_Biopsy_None,Dendritic,Dendritic,Raghavan2021_Pancreas::PANFR0562_Biopsy_None
Raghavan2021_Pancreas,Pancreas,PANFR0489R_Biopsy_None,Macrophage,Macrophage,Raghavan2021_Pancreas::PANFR0489R_Biopsy_None
Raghavan2021_Pancreas,Pancreas,PANFR0489R_Biopsy_None,T_cell,T cell,Raghavan2021_Pancreas::PANFR0489R_Biopsy_None
Raghavan2021_Pancreas,Pancreas,PANFR0489R_Biopsy_None,Epithelial,Epithelial,Raghavan2021_Pancreas::PANFR0489R_Biopsy_None
Raghavan2021_Pancreas,Pancreas,PANFR0489R_Biopsy_None,Endothelial,Endothelial,Raghavan2021_Pancreas::PANFR0489R_Biopsy_None
Raghavan2021_Pancreas,Pancreas,PANFR0489R_Biopsy_None,Malignant,Malignant,Raghavan2021_Pancreas::PANFR0489R_Biopsy_None
Raghavan2021_Pancreas,Pancreas,PANFR0489R_Biopsy_None,Dendritic,Dendritic,Raghavan2021_Pancreas::PANFR0489R_Biopsy_None
Raghavan2021_Pancreas,Pancreas,PANFR0489R_Biopsy_None,Fibroblast,Fibroblast,Raghavan2021_Pancreas::PANFR0489R_Biopsy_None
Raghavan2021_Pancreas,Pancreas,PANFR0489R_Biopsy_None,B_cell,B cell,Raghavan2021_Pancreas::PANFR0489R_Biopsy_None
Raghavan2021_Pancreas,Pancreas,PANFR0489R_Biopsy_None,Plasma,Plasma,Raghavan2021_Pancreas::PANFR0489R_Biopsy_None
Raghavan2021_Pancreas,Pancreas,PANFR0575_Biopsy_None,Malignant,Malignant,Raghavan2021_Pancreas::PANFR0575_Biopsy_None
Raghavan2021_Pancreas,Pancreas,PANFR0575_Biopsy_None,Macrophage,Macrophage,Raghavan2021_Pancreas::PANFR0575_Biopsy_None
Raghavan2021_Pancreas,Pancreas,PANFR0575_Biopsy_None,Plasma,Plasma,Raghavan2021_Pancreas::PANFR0575_Biopsy_None
Raghavan2021_Pancreas,Pancreas,PANFR0575_Biopsy_None,Fibroblast,Fibroblast,Raghavan2021_Pancreas::PANFR0575_Biopsy_None
Raghavan2021_Pancreas,Pancreas,PANFR0575_Biopsy_None,T_cell,T cell,Raghavan2021_Pancreas::PANFR0575_Biopsy_None
Raghavan2021_Pancreas,Pancreas,PANFR0575_Biopsy_None,Epithelial,Epithelial,Raghavan2021_Pancreas::PANFR0575_Biopsy_None
Raghavan2021_Pancreas,Pancreas,PANFR0575_Biopsy_None,Endothelial,Endothelial,Raghavan2021_Pancreas::PANFR0575_Biopsy_None
Raghavan2021_Pancreas,Pancreas,PANFR0575_Biopsy_None,Dendritic,Dendritic,Raghavan2021_Pancreas::PANFR0575_Biopsy_None
Raghavan2021_Pancreas,Pancreas,PANFR0576_Biopsy_None,Malignant,Malignant,Raghavan2021_Pancreas::PANFR0576_Biopsy_None
Raghavan2021_Pancreas,Pancreas,PANFR0576_Biopsy_None,T_cell,T cell,Raghavan2021_Pancreas::PANFR0576_Biopsy_None
Raghavan2021_Pancreas,Pancreas,PANFR0576_Biopsy_None,Plasma,Plasma,Raghavan2021_Pancreas::PANFR0576_Biopsy_None
Raghavan2021_Pancreas,Pancreas,PANFR0576_Biopsy_None,B_cell,B cell,Raghavan2021_Pancreas::PANFR0576_Biopsy_None
Raghavan2021_Pancreas,Pancreas,PANFR0576_Biopsy_None,Dendritic,Dendritic,Raghavan2021_Pancreas::PANFR0576_Biopsy_None
Raghavan2021_Pancreas,Pancreas,PANFR0576_Biopsy_None,Macrophage,Macrophage,Raghavan2021_Pancreas::PANFR0576_Biopsy_None
Raghavan2021_Pancreas,Pancreas,PANFR0576_Biopsy_None,Endothelial,Endothelial,Raghavan2021_Pancreas::PANFR0576_Biopsy_None
Raghavan2021_Pancreas,Pancreas,PANFR0576_Biopsy_None,Epithelial,Epithelial,Raghavan2021_Pancreas::PANFR0576_Biopsy_None
Raghavan2021_Pancreas,Pancreas,PANFR0576_Biopsy_None,Fibroblast,Fibroblast,Raghavan2021_Pancreas::PANFR0576_Biopsy_None
Raghavan2021_Pancreas,Pancreas,PANFR0580_Biopsy_None,Malignant,Malignant,Raghavan2021_Pancreas::PANFR0580_Biopsy_None
Raghavan2021_Pancreas,Pancreas,PANFR0580_Biopsy_None,Dendritic,Dendritic,Raghavan2021_Pancreas::PANFR0580_Biopsy_None
Raghavan2021_Pancreas,Pancreas,PANFR0580_Biopsy_None,Fibroblast,Fibroblast,Raghavan2021_Pancreas::PANFR0580_Biopsy_None
Raghavan2021_Pancreas,Pancreas,PANFR0580_Biopsy_None,Endothelial,Endothelial,Raghavan2021_Pancreas::PANFR0580_Biopsy_None
Raghavan2021_Pancreas,Pancreas,PANFR0580_Biopsy_None,T_cell,T cell,Raghavan2021_Pancreas::PANFR0580_Biopsy_None
Raghavan2021_Pancreas,Pancreas,PANFR0580_Biopsy_None,Macrophage,Macrophage,Raghavan2021_Pancreas::PANFR0580_Biopsy_None
Raghavan2021_Pancreas,Pancreas,PANFR0580_Biopsy_None,B_cell,B cell,Raghavan2021_Pancreas::PANFR0580_Biopsy_None
Raghavan2021_Pancreas,Pancreas,PANFR0580_Biopsy_None,Epithelial,Epithelial,Raghavan2021_Pancreas::PANFR0580_Biopsy_None
Raghavan2021_Pancreas,Pancreas,PANFR0583_Biopsy_None,T_cell,T cell,Raghavan2021_Pancreas::PANFR0583_Biopsy_None
Raghavan2021_Pancreas,Pancreas,PANFR0583_Biopsy_None,Malignant,Malignant,Raghavan2021_Pancreas::PANFR0583_Biopsy_None
Raghavan2021_Pancreas,Pancreas,PANFR0583_Biopsy_None,Epithelial,Epithelial,Raghavan2021_Pancreas::PANFR0583_Biopsy_None
Raghavan2021_Pancreas,Pancreas,PANFR0583_Biopsy_None,Macrophage,Macrophage,Raghavan2021_Pancreas::PANFR0583_Biopsy_None
Raghavan2021_Pancreas,Pancreas,PANFR0583_Biopsy_None,B_cell,B cell,Raghavan2021_Pancreas::PANFR0583_Biopsy_None
Raghavan2021_Pancreas,Pancreas,PANFR0583_Biopsy_None,Plasma,Plasma,Raghavan2021_Pancreas::PANFR0583_Biopsy_None
Raghavan2021_Pancreas,Pancreas,PANFR0583_Biopsy_None,Endothelial,Endothelial,Raghavan2021_Pancreas::PANFR0583_Biopsy_None
Raghavan2021_Pancreas,Pancreas,PANFR0583_Biopsy_None,Dendritic,Dendritic,Raghavan2021_Pancreas::PANFR0583_Biopsy_None
Raghavan2021_Pancreas,Pancreas,PANFR0583_Biopsy_None,Fibroblast,Fibroblast,Raghavan2021_Pancreas::PANFR0583_Biopsy_None
Raghavan2021_Pancreas,Pancreas,PANFR0588_Biopsy_None,Dendritic,Dendritic,Raghavan2021_Pancreas::PANFR0588_Biopsy_None
Raghavan2021_Pancreas,Pancreas,PANFR0588_Biopsy_None,T_cell,T cell,Raghavan2021_Pancreas::PANFR0588_Biopsy_None
Raghavan2021_Pancreas,Pancreas,PANFR0588_Biopsy_None,Malignant,Malignant,Raghavan2021_Pancreas::PANFR0588_Biopsy_None
Raghavan2021_Pancreas,Pancreas,PANFR0588_Biopsy_None,Macrophage,Macrophage,Raghavan2021_Pancreas::PANFR0588_Biopsy_None
Raghavan2021_Pancreas,Pancreas,PANFR0588_Biopsy_None,B_cell,B cell,Raghavan2021_Pancreas::PANFR0588_Biopsy_None
Raghavan2021_Pancreas,Pancreas,PANFR0593_Biopsy_None,Fibroblast,Fibroblast,Raghavan2021_Pancreas::PANFR0593_Biopsy_None
Raghavan2021_Pancreas,Pancreas,PANFR0593_Biopsy_None,Endothelial,Endothelial,Raghavan2021_Pancreas::PANFR0593_Biopsy_None
Raghavan2021_Pancreas,Pancreas,PANFR0593_Biopsy_None,T_cell,T cell,Raghavan2021_Pancreas::PANFR0593_Biopsy_None
Raghavan2021_Pancreas,Pancreas,PANFR0593_Biopsy_None,Malignant,Malignant,Raghavan2021_Pancreas::PANFR0593_Biopsy_None
Raghavan2021_Pancreas,Pancreas,PANFR0593_Biopsy_None,Macrophage,Macrophage,Raghavan2021_Pancreas::PANFR0593_Biopsy_None
Raghavan2021_Pancreas,Pancreas,PANFR0593_Biopsy_None,Epithelial,Epithelial,Raghavan2021_Pancreas::PANFR0593_Biopsy_None
Raghavan2021_Pancreas,Pancreas,PANFR0593_Biopsy_None,Dendritic,Dendritic,Raghavan2021_Pancreas::PANFR0593_Biopsy_None
Raghavan2021_Pancreas,Pancreas,PANFR0593_Biopsy_None,Plasma,Plasma,Raghavan2021_Pancreas::PANFR0593_Biopsy_None
Raghavan2021_Pancreas,Pancreas,PANFR0593_Biopsy_None,B_cell,B cell,Raghavan2021_Pancreas::PANFR0593_Biopsy_None
Raghavan2021_Pancreas,Pancreas,PANFR0598_Biopsy_None,Malignant,Malignant,Raghavan2021_Pancreas::PANFR0598_Biopsy_None
Raghavan2021_Pancreas,Pancreas,PANFR0598_Biopsy_None,Macrophage,Macrophage,Raghavan2021_Pancreas::PANFR0598_Biopsy_None
Raghavan2021_Pancreas,Pancreas,PANFR0598_Biopsy_None,T_cell,T cell,Raghavan2021_Pancreas::PANFR0598_Biopsy_None
Raghavan2021_Pancreas,Pancreas,PANFR0598_Biopsy_None,Fibroblast,Fibroblast,Raghavan2021_Pancreas::PANFR0598_Biopsy_None
Raghavan2021_Pancreas,Pancreas,PANFR0552_Biopsy_None,Macrophage,Macrophage,Raghavan2021_Pancreas::PANFR0552_Biopsy_None
Raghavan2021_Pancreas,Pancreas,PANFR0552_Biopsy_None,Malignant,Malignant,Raghavan2021_Pancreas::PANFR0552_Biopsy_None
Raghavan2021_Pancreas,Pancreas,PANFR0552_Biopsy_None,T_cell,T cell,Raghavan2021_Pancreas::PANFR0552_Biopsy_None
Raghavan2021_Pancreas,Pancreas,PANFR0552_Biopsy_None,Plasma,Plasma,Raghavan2021_Pancreas::PANFR0552_Biopsy_None
Raghavan2021_Pancreas,Pancreas,PANFR0552_Biopsy_None,Endothelial,Endothelial,Raghavan2021_Pancreas::PANFR0552_Biopsy_None
Raghavan2021_Pancreas,Pancreas,PANFR0552_Biopsy_None,Dendritic,Dendritic,Raghavan2021_Pancreas::PANFR0552_Biopsy_None
Raghavan2021_Pancreas,Pancreas,PANFR0552_Biopsy_None,Epithelial,Epithelial,Raghavan2021_Pancreas::PANFR0552_Biopsy_None
Raghavan2021_Pancreas,Pancreas,PANFR0552_Biopsy_None,B_cell,B cell,Raghavan2021_Pancreas::PANFR0552_Biopsy_None
Raghavan2021_Pancreas,Pancreas,PANFR0552_Biopsy_None,Fibroblast,Fibroblast,Raghavan2021_Pancreas::PANFR0552_Biopsy_None
Raghavan2021_Pancreas,Pancreas,PANFR0604_Biopsy_None,Macrophage,Macrophage,Raghavan2021_Pancreas::PANFR0604_Biopsy_None
Raghavan2021_Pancreas,Pancreas,PANFR0604_Biopsy_None,B_cell,B cell,Raghavan2021_Pancreas::PANFR0604_Biopsy_None
Raghavan2021_Pancreas,Pancreas,PANFR0604_Biopsy_None,T_cell,T cell,Raghavan2021_Pancreas::PANFR0604_Biopsy_None
Raghavan2021_Pancreas,Pancreas,PANFR0604_Biopsy_None,Fibroblast,Fibroblast,Raghavan2021_Pancreas::PANFR0604_Biopsy_None
Raghavan2021_Pancreas,Pancreas,PANFR0604_Biopsy_None,Dendritic,Dendritic,Raghavan2021_Pancreas::PANFR0604_Biopsy_None
Raghavan2021_Pancreas,Pancreas,PANFR0604_Biopsy_None,Endothelial,Endothelial,Raghavan2021_Pancreas::PANFR0604_Biopsy_None
Raghavan2021_Pancreas,Pancreas,PANFR0604_Biopsy_None,Plasma,Plasma,Raghavan2021_Pancreas::PANFR0604_Biopsy_None
Raghavan2021_Pancreas,Pancreas,PANFR0604_Biopsy_None,Epithelial,Epithelial,Raghavan2021_Pancreas::PANFR0604_Biopsy_None
Raghavan2021_Pancreas,Pancreas,PANFR0605_Biopsy_None,T_cell,T cell,Raghavan2021_Pancreas::PANFR0605_Biopsy_None
Raghavan2021_Pancreas,Pancreas,PANFR0605_Biopsy_None,Malignant,Malignant,Raghavan2021_Pancreas::PANFR0605_Biopsy_None
Raghavan2021_Pancreas,Pancreas,PANFR0605_Biopsy_None,Macrophage,Macrophage,Raghavan2021_Pancreas::PANFR0605_Biopsy_None
Raghavan2021_Pancreas,Pancreas,PANFR0605_Biopsy_None,Plasma,Plasma,Raghavan2021_Pancreas::PANFR0605_Biopsy_None
Raghavan2021_Pancreas,Pancreas,PANFR0605_Biopsy_None,Fibroblast,Fibroblast,Raghavan2021_Pancreas::PANFR0605_Biopsy_None
Raghavan2021_Pancreas,Pancreas,PANFR0605_Biopsy_None,Dendritic,Dendritic,Raghavan2021_Pancreas::PANFR0605_Biopsy_None
Raghavan2021_Pancreas,Pancreas,PANFR0605_Biopsy_None,Endothelial,Endothelial,Raghavan2021_Pancreas::PANFR0605_Biopsy_None
Raghavan2021_Pancreas,Pancreas,PANFR0605_Biopsy_None,Epithelial,Epithelial,Raghavan2021_Pancreas::PANFR0605_Biopsy_None
Raghavan2021_Pancreas,Pancreas,PANFR0592_Biopsy_None,Fibroblast,Fibroblast,Raghavan2021_Pancreas::PANFR0592_Biopsy_None
Raghavan2021_Pancreas,Pancreas,PANFR0592_Biopsy_None,Malignant,Malignant,Raghavan2021_Pancreas::PANFR0592_Biopsy_None
Raghavan2021_Pancreas,Pancreas,PANFR0592_Biopsy_None,Macrophage,Macrophage,Raghavan2021_Pancreas::PANFR0592_Biopsy_None
Raghavan2021_Pancreas,Pancreas,PANFR0592_Biopsy_None,T_cell,T cell,Raghavan2021_Pancreas::PANFR0592_Biopsy_None
Raghavan2021_Pancreas,Pancreas,PANFR0592_Biopsy_None,Epithelial,Epithelial,Raghavan2021_Pancreas::PANFR0592_Biopsy_None
Raghavan2021_Pancreas,Pancreas,PANFR0592_Biopsy_None,Dendritic,Dendritic,Raghavan2021_Pancreas::PANFR0592_Biopsy_None
Raghavan2021_Pancreas,Pancreas,PANFR0592_Biopsy_None,Plasma,Plasma,Raghavan2021_Pancreas::PANFR0592_Biopsy_None
Raghavan2021_Pancreas,Pancreas,PANFR0592_Biopsy_None,Endothelial,Endothelial,Raghavan2021_Pancreas::PANFR0592_Biopsy_None
Raghavan2021_Pancreas,Pancreas,PANFR0592_Biopsy_None,B_cell,B cell,Raghavan2021_Pancreas::PANFR0592_Biopsy_None
Raghavan2021_Pancreas,Pancreas,PANFR0578_Biopsy_None,Malignant,Malignant,Raghavan2021_Pancreas::PANFR0578_Biopsy_None
Raghavan2021_Pancreas,Pancreas,PANFR0578_Biopsy_None,Macrophage,Macrophage,Raghavan2021_Pancreas::PANFR0578_Biopsy_None
Raghavan2021_Pancreas,Pancreas,PANFR0578_Biopsy_None,Endothelial,Endothelial,Raghavan2021_Pancreas::PANFR0578_Biopsy_None
Raghavan2021_Pancreas,Pancreas,PANFR0578_Biopsy_None,T_cell,T cell,Raghavan2021_Pancreas::PANFR0578_Biopsy_None
Raghavan2021_Pancreas,Pancreas,PANFR0578_Biopsy_None,Epithelial,Epithelial,Raghavan2021_Pancreas::PANFR0578_Biopsy_None
Raghavan2021_Pancreas,Pancreas,PANFR0578_Biopsy_None,Dendritic,Dendritic,Raghavan2021_Pancreas::PANFR0578_Biopsy_None
Raghavan2021_Pancreas,Pancreas,PANFR0578_Biopsy_None,Plasma,Plasma,Raghavan2021_Pancreas::PANFR0578_Biopsy_None
Raghavan2021_Pancreas,Pancreas,PANFR0578_Biopsy_None,Fibroblast,Fibroblast,Raghavan2021_Pancreas::PANFR0578_Biopsy_None
Raghavan2021_Pancreas,Pancreas,PANFR0578_Biopsy_None,B_cell,B cell,Raghavan2021_Pancreas::PANFR0578_Biopsy_None
Raghavan2021_Pancreas,Pancreas,PANFR0631_Biopsy_None,Malignant,Malignant,Raghavan2021_Pancreas::PANFR0631_Biopsy_None
Raghavan2021_Pancreas,Pancreas,PANFR0631_Biopsy_None,Epithelial,Epithelial,Raghavan2021_Pancreas::PANFR0631_Biopsy_None
Raghavan2021_Pancreas,Pancreas,PANFR0631_Biopsy_None,Dendritic,Dendritic,Raghavan2021_Pancreas::PANFR0631_Biopsy_None
Raghavan2021_Pancreas,Pancreas,PANFR0631_Biopsy_None,Macrophage,Macrophage,Raghavan2021_Pancreas::PANFR0631_Biopsy_None
Raghavan2021_Pancreas,Pancreas,PANFR0631_Biopsy_None,T_cell,T cell,Raghavan2021_Pancreas::PANFR0631_Biopsy_None
Raghavan2021_Pancreas,Pancreas,PANFR0631_Biopsy_None,B_cell,B cell,Raghavan2021_Pancreas::PANFR0631_Biopsy_None
Raghavan2021_Pancreas,Pancreas,PANFR0631_Biopsy_None,Endothelial,Endothelial,Raghavan2021_Pancreas::PANFR0631_Biopsy_None
Raghavan2021_Pancreas,Pancreas,PANFR0631_Biopsy_None,Fibroblast,Fibroblast,Raghavan2021_Pancreas::PANFR0631_Biopsy_None
Raghavan2021_Pancreas,Pancreas,PANFR0631_Biopsy_None,Plasma,Plasma,Raghavan2021_Pancreas::PANFR0631_Biopsy_None
Raghavan2021_Pancreas,Pancreas,PANFR0635_Biopsy_None,Malignant,Malignant,Raghavan2021_Pancreas::PANFR0635_Biopsy_None
Raghavan2021_Pancreas,Pancreas,PANFR0635_Biopsy_None,T_cell,T cell,Raghavan2021_Pancreas::PANFR0635_Biopsy_None
Raghavan2021_Pancreas,Pancreas,PANFR0635_Biopsy_None,Dendritic,Dendritic,Raghavan2021_Pancreas::PANFR0635_Biopsy_None
Raghavan2021_Pancreas,Pancreas,PANFR0635_Biopsy_None,Macrophage,Macrophage,Raghavan2021_Pancreas::PANFR0635_Biopsy_None
Raghavan2021_Pancreas,Pancreas,PANFR0635_Biopsy_None,Fibroblast,Fibroblast,Raghavan2021_Pancreas::PANFR0635_Biopsy_None
Raghavan2021_Pancreas,Pancreas,PANFR0635_Biopsy_None,Plasma,Plasma,Raghavan2021_Pancreas::PANFR0635_Biopsy_None
Raghavan2021_Pancreas,Pancreas,PANFR0635_Biopsy_None,Endothelial,Endothelial,Raghavan2021_Pancreas::PANFR0635_Biopsy_None
Raghavan2021_Pancreas,Pancreas,PANFR0635_Biopsy_None,B_cell,B cell,Raghavan2021_Pancreas::PANFR0635_Biopsy_None
Raghavan2021_Pancreas,Pancreas,PANFR0637_Biopsy_None,T_cell,T cell,Raghavan2021_Pancreas::PANFR0637_Biopsy_None
Raghavan2021_Pancreas,Pancreas,PANFR0637_Biopsy_None,Macrophage,Macrophage,Raghavan2021_Pancreas::PANFR0637_Biopsy_None
Raghavan2021_Pancreas,Pancreas,PANFR0637_Biopsy_None,Fibroblast,Fibroblast,Raghavan2021_Pancreas::PANFR0637_Biopsy_None
Raghavan2021_Pancreas,Pancreas,PANFR0637_Biopsy_None,Endothelial,Endothelial,Raghavan2021_Pancreas::PANFR0637_Biopsy_None
Raghavan2021_Pancreas,Pancreas,PANFR0637_Biopsy_None,Dendritic,Dendritic,Raghavan2021_Pancreas::PANFR0637_Biopsy_None
Raghavan2021_Pancreas,Pancreas,PANFR0637_Biopsy_None,Malignant,Malignant,Raghavan2021_Pancreas::PANFR0637_Biopsy_None
Raghavan2021_Pancreas,Pancreas,PANFR0637_Biopsy_None,B_cell,B cell,Raghavan2021_Pancreas::PANFR0637_Biopsy_None
Raghavan2021_Pancreas,Pancreas,PANFR0637_Biopsy_None,Plasma,Plasma,Raghavan2021_Pancreas::PANFR0637_Biopsy_None
Raghavan2021_Pancreas,Pancreas,PANFR0473_Biopsy_None,Macrophage,Macrophage,Raghavan2021_Pancreas::PANFR0473_Biopsy_None
Raghavan2021_Pancreas,Pancreas,PANFR0473_Biopsy_None,T_cell,T cell,Raghavan2021_Pancreas::PANFR0473_Biopsy_None
Raghavan2021_Pancreas,Pancreas,PANFR0473_Biopsy_None,Malignant,Malignant,Raghavan2021_Pancreas::PANFR0473_Biopsy_None
Raghavan2021_Pancreas,Pancreas,PANFR0473_Biopsy_None,B_cell,B cell,Raghavan2021_Pancreas::PANFR0473_Biopsy_None
Raghavan2021_Pancreas,Pancreas,PANFR0473_Biopsy_None,Epithelial,Epithelial,Raghavan2021_Pancreas::PANFR0473_Biopsy_None
Raghavan2021_Pancreas,Pancreas,PANFR0473_Biopsy_None,Dendritic,Dendritic,Raghavan2021_Pancreas::PANFR0473_Biopsy_None
Raghavan2021_Pancreas,Pancreas,PANFR0473_Biopsy_None,Endothelial,Endothelial,Raghavan2021_Pancreas::PANFR0473_Biopsy_None
Raghavan2021_Pancreas,Pancreas,PANFR0473_Biopsy_None,Plasma,Plasma,Raghavan2021_Pancreas::PANFR0473_Biopsy_None
Raghavan2021_Pancreas,Pancreas,PANFR0473_Biopsy_None,Fibroblast,Fibroblast,Raghavan2021_Pancreas::PANFR0473_Biopsy_None
Steele2020_Pancreas,Pancreas,PDAC_TISSUE_1,Malignant,Malignant,Steele2020_Pancreas::PDAC_TISSUE_1
Steele2020_Pancreas,Pancreas,PDAC_TISSUE_1,Macrophage,Macrophage,Steele2020_Pancreas::PDAC_TISSUE_1
Steele2020_Pancreas,Pancreas,PDAC_TISSUE_1,T_cell,T cell,Steele2020_Pancreas::PDAC_TISSUE_1
Steele2020_Pancreas,Pancreas,PDAC_TISSUE_1,Granulocyte,Granulocyte,Steele2020_Pancreas::PDAC_TISSUE_1
Steele2020_Pancreas,Pancreas,PDAC_TISSUE_1,Epithelial,Epithelial,Steele2020_Pancreas::PDAC_TISSUE_1
Steele2020_Pancreas,Pancreas,PDAC_TISSUE_1,Dendritic,Dendritic,Steele2020_Pancreas::PDAC_TISSUE_1
Steele2020_Pancreas,Pancreas,PDAC_TISSUE_1,B_cell,B cell,Steele2020_Pancreas::PDAC_TISSUE_1
Steele2020_Pancreas,Pancreas,PDAC_TISSUE_1,Mast,Mast,Steele2020_Pancreas::PDAC_TISSUE_1
Steele2020_Pancreas,Pancreas,PDAC_TISSUE_1,Plasma,Plasma,Steele2020_Pancreas::PDAC_TISSUE_1
Steele2020_Pancreas,Pancreas,PDAC_TISSUE_1,Fibroblast,Fibroblast,Steele2020_Pancreas::PDAC_TISSUE_1
Steele2020_Pancreas,Pancreas,PDAC_TISSUE_10,Granulocyte,Granulocyte,Steele2020_Pancreas::PDAC_TISSUE_10
Steele2020_Pancreas,Pancreas,PDAC_TISSUE_10,T_cell,T cell,Steele2020_Pancreas::PDAC_TISSUE_10
Steele2020_Pancreas,Pancreas,PDAC_TISSUE_10,Epithelial,Epithelial,Steele2020_Pancreas::PDAC_TISSUE_10
Steele2020_Pancreas,Pancreas,PDAC_TISSUE_10,Fibroblast,Fibroblast,Steele2020_Pancreas::PDAC_TISSUE_10
Steele2020_Pancreas,Pancreas,PDAC_TISSUE_10,Macrophage,Macrophage,Steele2020_Pancreas::PDAC_TISSUE_10
Steele2020_Pancreas,Pancreas,PDAC_TISSUE_10,Malignant,Malignant,Steele2020_Pancreas::PDAC_TISSUE_10
Steele2020_Pancreas,Pancreas,PDAC_TISSUE_10,Plasma,Plasma,Steele2020_Pancreas::PDAC_TISSUE_10
Steele2020_Pancreas,Pancreas,PDAC_TISSUE_10,B_cell,B cell,Steele2020_Pancreas::PDAC_TISSUE_10
Steele2020_Pancreas,Pancreas,PDAC_TISSUE_10,Mast,Mast,Steele2020_Pancreas::PDAC_TISSUE_10
Steele2020_Pancreas,Pancreas,PDAC_TISSUE_10,Endothelial,Endothelial,Steele2020_Pancreas::PDAC_TISSUE_10
Steele2020_Pancreas,Pancreas,PDAC_TISSUE_11A,Epithelial,Epithelial,Steele2020_Pancreas::PDAC_TISSUE_11A
Steele2020_Pancreas,Pancreas,PDAC_TISSUE_11A,Macrophage,Macrophage,Steele2020_Pancreas::PDAC_TISSUE_11A
Steele2020_Pancreas,Pancreas,PDAC_TISSUE_11A,Dendritic,Dendritic,Steele2020_Pancreas::PDAC_TISSUE_11A
Steele2020_Pancreas,Pancreas,PDAC_TISSUE_11A,Fibroblast,Fibroblast,Steele2020_Pancreas::PDAC_TISSUE_11A
Steele2020_Pancreas,Pancreas,PDAC_TISSUE_11A,T_cell,T cell,Steele2020_Pancreas::PDAC_TISSUE_11A
Steele2020_Pancreas,Pancreas,PDAC_TISSUE_11A,Plasma,Plasma,Steele2020_Pancreas::PDAC_TISSUE_11A
Steele2020_Pancreas,Pancreas,PDAC_TISSUE_11A,Endothelial,Endothelial,Steele2020_Pancreas::PDAC_TISSUE_11A
Steele2020_Pancreas,Pancreas,PDAC_TISSUE_11B,Granulocyte,Granulocyte,Steele2020_Pancreas::PDAC_TISSUE_11B
Steele2020_Pancreas,Pancreas,PDAC_TISSUE_11B,Dendritic,Dendritic,Steele2020_Pancreas::PDAC_TISSUE_11B
Steele2020_Pancreas,Pancreas,PDAC_TISSUE_11B,Malignant,Malignant,Steele2020_Pancreas::PDAC_TISSUE_11B
Steele2020_Pancreas,Pancreas,PDAC_TISSUE_11B,Epithelial,Epithelial,Steele2020_Pancreas::PDAC_TISSUE_11B
Steele2020_Pancreas,Pancreas,PDAC_TISSUE_11B,T_cell,T cell,Steele2020_Pancreas::PDAC_TISSUE_11B
Steele2020_Pancreas,Pancreas,PDAC_TISSUE_11B,B_cell,B cell,Steele2020_Pancreas::PDAC_TISSUE_11B
Steele2020_Pancreas,Pancreas,PDAC_TISSUE_11B,Fibroblast,Fibroblast,Steele2020_Pancreas::PDAC_TISSUE_11B
Steele2020_Pancreas,Pancreas,PDAC_TISSUE_11B,Macrophage,Macrophage,Steele2020_Pancreas::PDAC_TISSUE_11B
Steele2020_Pancreas,Pancreas,PDAC_TISSUE_11B,Plasma,Plasma,Steele2020_Pancreas::PDAC_TISSUE_11B
Steele2020_Pancreas,Pancreas,PDAC_TISSUE_11B,Mast,Mast,Steele2020_Pancreas::PDAC_TISSUE_11B
Steele2020_Pancreas,Pancreas,PDAC_TISSUE_11B,Endothelial,Endothelial,Steele2020_Pancreas::PDAC_TISSUE_11B
Steele2020_Pancreas,Pancreas,PDAC_TISSUE_12,Macrophage,Macrophage,Steele2020_Pancreas::PDAC_TISSUE_12
Steele2020_Pancreas,Pancreas,PDAC_TISSUE_12,T_cell,T cell,Steele2020_Pancreas::PDAC_TISSUE_12
Steele2020_Pancreas,Pancreas,PDAC_TISSUE_12,Dendritic,Dendritic,Steele2020_Pancreas::PDAC_TISSUE_12
Steele2020_Pancreas,Pancreas,PDAC_TISSUE_12,Epithelial,Epithelial,Steele2020_Pancreas::PDAC_TISSUE_12
Steele2020_Pancreas,Pancreas,PDAC_TISSUE_12,Granulocyte,Granulocyte,Steele2020_Pancreas::PDAC_TISSUE_12
Steele2020_Pancreas,Pancreas,PDAC_TISSUE_12,Plasma,Plasma,Steele2020_Pancreas::PDAC_TISSUE_12
Steele2020_Pancreas,Pancreas,PDAC_TISSUE_12,B_cell,B cell,Steele2020_Pancreas::PDAC_TISSUE_12
Steele2020_Pancreas,Pancreas,PDAC_TISSUE_12,Endothelial,Endothelial,Steele2020_Pancreas::PDAC_TISSUE_12
Steele2020_Pancreas,Pancreas,PDAC_TISSUE_13,Epithelial,Epithelial,Steele2020_Pancreas::PDAC_TISSUE_13
Steele2020_Pancreas,Pancreas,PDAC_TISSUE_13,Macrophage,Macrophage,Steele2020_Pancreas::PDAC_TISSUE_13
Steele2020_Pancreas,Pancreas,PDAC_TISSUE_13,T_cell,T cell,Steele2020_Pancreas::PDAC_TISSUE_13
Steele2020_Pancreas,Pancreas,PDAC_TISSUE_13,Malignant,Malignant,Steele2020_Pancreas::PDAC_TISSUE_13
Steele2020_Pancreas,Pancreas,PDAC_TISSUE_13,Dendritic,Dendritic,Steele2020_Pancreas::PDAC_TISSUE_13
Steele2020_Pancreas,Pancreas,PDAC_TISSUE_13,B_cell,B cell,Steele2020_Pancreas::PDAC_TISSUE_13
Steele2020_Pancreas,Pancreas,PDAC_TISSUE_13,Mast,Mast,Steele2020_Pancreas::PDAC_TISSUE_13
Steele2020_Pancreas,Pancreas,PDAC_TISSUE_13,Fibroblast,Fibroblast,Steele2020_Pancreas::PDAC_TISSUE_13
Steele2020_Pancreas,Pancreas,PDAC_TISSUE_13,Granulocyte,Granulocyte,Steele2020_Pancreas::PDAC_TISSUE_13
Steele2020_Pancreas,Pancreas,PDAC_TISSUE_13,Plasma,Plasma,Steele2020_Pancreas::PDAC_TISSUE_13
Steele2020_Pancreas,Pancreas,PDAC_TISSUE_13,Endothelial,Endothelial,Steele2020_Pancreas::PDAC_TISSUE_13
Steele2020_Pancreas,Pancreas,PDAC_TISSUE_15,Macrophage,Macrophage,Steele2020_Pancreas::PDAC_TISSUE_15
Steele2020_Pancreas,Pancreas,PDAC_TISSUE_15,T_cell,T cell,Steele2020_Pancreas::PDAC_TISSUE_15
Steele2020_Pancreas,Pancreas,PDAC_TISSUE_15,Malignant,Malignant,Steele2020_Pancreas::PDAC_TISSUE_15
Steele2020_Pancreas,Pancreas,PDAC_TISSUE_15,Dendritic,Dendritic,Steele2020_Pancreas::PDAC_TISSUE_15
Steele2020_Pancreas,Pancreas,PDAC_TISSUE_15,Fibroblast,Fibroblast,Steele2020_Pancreas::PDAC_TISSUE_15
Steele2020_Pancreas,Pancreas,PDAC_TISSUE_15,Granulocyte,Granulocyte,Steele2020_Pancreas::PDAC_TISSUE_15
Steele2020_Pancreas,Pancreas,PDAC_TISSUE_15,Plasma,Plasma,Steele2020_Pancreas::PDAC_TISSUE_15
Steele2020_Pancreas,Pancreas,PDAC_TISSUE_15,B_cell,B cell,Steele2020_Pancreas::PDAC_TISSUE_15
Steele2020_Pancreas,Pancreas,PDAC_TISSUE_15,Endothelial,Endothelial,Steele2020_Pancreas::PDAC_TISSUE_15
Steele2020_Pancreas,Pancreas,PDAC_TISSUE_15,Epithelial,Epithelial,Steele2020_Pancreas::PDAC_TISSUE_15
Steele2020_Pancreas,Pancreas,PDAC_TISSUE_15,Mast,Mast,Steele2020_Pancreas::PDAC_TISSUE_15
Steele2020_Pancreas,Pancreas,PDAC_TISSUE_2,Malignant,Malignant,Steele2020_Pancreas::PDAC_TISSUE_2
Steele2020_Pancreas,Pancreas,PDAC_TISSUE_2,Plasma,Plasma,Steele2020_Pancreas::PDAC_TISSUE_2
Steele2020_Pancreas,Pancreas,PDAC_TISSUE_2,Epithelial,Epithelial,Steele2020_Pancreas::PDAC_TISSUE_2
Steele2020_Pancreas,Pancreas,PDAC_TISSUE_2,Fibroblast,Fibroblast,Steele2020_Pancreas::PDAC_TISSUE_2
Steele2020_Pancreas,Pancreas,PDAC_TISSUE_2,Macrophage,Macrophage,Steele2020_Pancreas::PDAC_TISSUE_2
Steele2020_Pancreas,Pancreas,PDAC_TISSUE_2,T_cell,T cell,Steele2020_Pancreas::PDAC_TISSUE_2
Steele2020_Pancreas,Pancreas,PDAC_TISSUE_2,Dendritic,Dendritic,Steele2020_Pancreas::PDAC_TISSUE_2
Steele2020_Pancreas,Pancreas,PDAC_TISSUE_2,Granulocyte,Granulocyte,Steele2020_Pancreas::PDAC_TISSUE_2
Steele2020_Pancreas,Pancreas,PDAC_TISSUE_2,Endothelial,Endothelial,Steele2020_Pancreas::PDAC_TISSUE_2
Steele2020_Pancreas,Pancreas,PDAC_TISSUE_2,B_cell,B cell,Steele2020_Pancreas::PDAC_TISSUE_2
Steele2020_Pancreas,Pancreas,PDAC_TISSUE_2,Mast,Mast,Steele2020_Pancreas::PDAC_TISSUE_2
Steele2020_Pancreas,Pancreas,PDAC_TISSUE_3,Malignant,Malignant,Steele2020_Pancreas::PDAC_TISSUE_3
Steele2020_Pancreas,Pancreas,PDAC_TISSUE_3,B_cell,B cell,Steele2020_Pancreas::PDAC_TISSUE_3
Steele2020_Pancreas,Pancreas,PDAC_TISSUE_3,T_cell,T cell,Steele2020_Pancreas::PDAC_TISSUE_3
Steele2020_Pancreas,Pancreas,PDAC_TISSUE_3,Macrophage,Macrophage,Steele2020_Pancreas::PDAC_TISSUE_3
Steele2020_Pancreas,Pancreas,PDAC_TISSUE_3,Plasma,Plasma,Steele2020_Pancreas::PDAC_TISSUE_3
Steele2020_Pancreas,Pancreas,PDAC_TISSUE_3,Dendritic,Dendritic,Steele2020_Pancreas::PDAC_TISSUE_3
Steele2020_Pancreas,Pancreas,PDAC_TISSUE_3,Fibroblast,Fibroblast,Steele2020_Pancreas::PDAC_TISSUE_3
Steele2020_Pancreas,Pancreas,PDAC_TISSUE_3,Endothelial,Endothelial,Steele2020_Pancreas::PDAC_TISSUE_3
Steele2020_Pancreas,Pancreas,PDAC_TISSUE_3,Granulocyte,Granulocyte,Steele2020_Pancreas::PDAC_TISSUE_3
Steele2020_Pancreas,Pancreas,PDAC_TISSUE_3,Epithelial,Epithelial,Steele2020_Pancreas::PDAC_TISSUE_3
Steele2020_Pancreas,Pancreas,PDAC_TISSUE_3,Mast,Mast,Steele2020_Pancreas::PDAC_TISSUE_3
Steele2020_Pancreas,Pancreas,PDAC_TISSUE_4,T_cell,T cell,Steele2020_Pancreas::PDAC_TISSUE_4
Steele2020_Pancreas,Pancreas,PDAC_TISSUE_4,Epithelial,Epithelial,Steele2020_Pancreas::PDAC_TISSUE_4
Steele2020_Pancreas,Pancreas,PDAC_TISSUE_4,Macrophage,Macrophage,Steele2020_Pancreas::PDAC_TISSUE_4
Steele2020_Pancreas,Pancreas,PDAC_TISSUE_4,Dendritic,Dendritic,Steele2020_Pancreas::PDAC_TISSUE_4
Steele2020_Pancreas,Pancreas,PDAC_TISSUE_4,Endothelial,Endothelial,Steele2020_Pancreas::PDAC_TISSUE_4
Steele2020_Pancreas,Pancreas,PDAC_TISSUE_4,Fibroblast,Fibroblast,Steele2020_Pancreas::PDAC_TISSUE_4
Steele2020_Pancreas,Pancreas,PDAC_TISSUE_4,B_cell,B cell,Steele2020_Pancreas::PDAC_TISSUE_4
Steele2020_Pancreas,Pancreas,PDAC_TISSUE_4,Plasma,Plasma,Steele2020_Pancreas::PDAC_TISSUE_4
Steele2020_Pancreas,Pancreas,PDAC_TISSUE_4,Mast,Mast,Steele2020_Pancreas::PDAC_TISSUE_4
Steele2020_Pancreas,Pancreas,PDAC_TISSUE_4,Granulocyte,Granulocyte,Steele2020_Pancreas::PDAC_TISSUE_4
Steele2020_Pancreas,Pancreas,PDAC_TISSUE_5,Dendritic,Dendritic,Steele2020_Pancreas::PDAC_TISSUE_5
Steele2020_Pancreas,Pancreas,PDAC_TISSUE_5,Fibroblast,Fibroblast,Steele2020_Pancreas::PDAC_TISSUE_5
Steele2020_Pancreas,Pancreas,PDAC_TISSUE_5,T_cell,T cell,Steele2020_Pancreas::PDAC_TISSUE_5
Steele2020_Pancreas,Pancreas,PDAC_TISSUE_5,Macrophage,Macrophage,Steele2020_Pancreas::PDAC_TISSUE_5
Steele2020_Pancreas,Pancreas,PDAC_TISSUE_5,Malignant,Malignant,Steele2020_Pancreas::PDAC_TISSUE_5
Steele2020_Pancreas,Pancreas,PDAC_TISSUE_5,Epithelial,Epithelial,Steele2020_Pancreas::PDAC_TISSUE_5
Steele2020_Pancreas,Pancreas,PDAC_TISSUE_5,Endothelial,Endothelial,Steele2020_Pancreas::PDAC_TISSUE_5
Steele2020_Pancreas,Pancreas,PDAC_TISSUE_5,Plasma,Plasma,Steele2020_Pancreas::PDAC_TISSUE_5
Steele2020_Pancreas,Pancreas,PDAC_TISSUE_5,Granulocyte,Granulocyte,Steele2020_Pancreas::PDAC_TISSUE_5
Steele2020_Pancreas,Pancreas,PDAC_TISSUE_5,Mast,Mast,Steele2020_Pancreas::PDAC_TISSUE_5
Steele2020_Pancreas,Pancreas,PDAC_TISSUE_5,B_cell,B cell,Steele2020_Pancreas::PDAC_TISSUE_5
Steele2020_Pancreas,Pancreas,PDAC_TISSUE_6,T_cell,T cell,Steele2020_Pancreas::PDAC_TISSUE_6
Steele2020_Pancreas,Pancreas,PDAC_TISSUE_6,Malignant,Malignant,Steele2020_Pancreas::PDAC_TISSUE_6
Steele2020_Pancreas,Pancreas,PDAC_TISSUE_6,B_cell,B cell,Steele2020_Pancreas::PDAC_TISSUE_6
Steele2020_Pancreas,Pancreas,PDAC_TISSUE_6,Fibroblast,Fibroblast,Steele2020_Pancreas::PDAC_TISSUE_6
Steele2020_Pancreas,Pancreas,PDAC_TISSUE_6,Plasma,Plasma,Steele2020_Pancreas::PDAC_TISSUE_6
Steele2020_Pancreas,Pancreas,PDAC_TISSUE_6,Macrophage,Macrophage,Steele2020_Pancreas::PDAC_TISSUE_6
Steele2020_Pancreas,Pancreas,PDAC_TISSUE_6,Dendritic,Dendritic,Steele2020_Pancreas::PDAC_TISSUE_6
Steele2020_Pancreas,Pancreas,PDAC_TISSUE_6,Mast,Mast,Steele2020_Pancreas::PDAC_TISSUE_6
Steele2020_Pancreas,Pancreas,PDAC_TISSUE_6,Epithelial,Epithelial,Steele2020_Pancreas::PDAC_TISSUE_6
Steele2020_Pancreas,Pancreas,PDAC_TISSUE_6,Granulocyte,Granulocyte,Steele2020_Pancreas::PDAC_TISSUE_6
Steele2020_Pancreas,Pancreas,PDAC_TISSUE_6,Endothelial,Endothelial,Steele2020_Pancreas::PDAC_TISSUE_6
Steele2020_Pancreas,Pancreas,PDAC_TISSUE_7,Fibroblast,Fibroblast,Steele2020_Pancreas::PDAC_TISSUE_7
Steele2020_Pancreas,Pancreas,PDAC_TISSUE_7,Macrophage,Macrophage,Steele2020_Pancreas::PDAC_TISSUE_7
Steele2020_Pancreas,Pancreas,PDAC_TISSUE_7,T_cell,T cell,Steele2020_Pancreas::PDAC_TISSUE_7
Steele2020_Pancreas,Pancreas,PDAC_TISSUE_7,Mast,Mast,Steele2020_Pancreas::PDAC_TISSUE_7
Steele2020_Pancreas,Pancreas,PDAC_TISSUE_7,Plasma,Plasma,Steele2020_Pancreas::PDAC_TISSUE_7
Steele2020_Pancreas,Pancreas,PDAC_TISSUE_7,Malignant,Malignant,Steele2020_Pancreas::PDAC_TISSUE_7
Steele2020_Pancreas,Pancreas,PDAC_TISSUE_7,Endothelial,Endothelial,Steele2020_Pancreas::PDAC_TISSUE_7
Steele2020_Pancreas,Pancreas,PDAC_TISSUE_7,B_cell,B cell,Steele2020_Pancreas::PDAC_TISSUE_7
Steele2020_Pancreas,Pancreas,PDAC_TISSUE_7,Dendritic,Dendritic,Steele2020_Pancreas::PDAC_TISSUE_7
Steele2020_Pancreas,Pancreas,PDAC_TISSUE_7,Epithelial,Epithelial,Steele2020_Pancreas::PDAC_TISSUE_7
Steele2020_Pancreas,Pancreas,PDAC_TISSUE_7,Granulocyte,Granulocyte,Steele2020_Pancreas::PDAC_TISSUE_7
Steele2020_Pancreas,Pancreas,PDAC_TISSUE_8,Fibroblast,Fibroblast,Steele2020_Pancreas::PDAC_TISSUE_8
Steele2020_Pancreas,Pancreas,PDAC_TISSUE_8,T_cell,T cell,Steele2020_Pancreas::PDAC_TISSUE_8
Steele2020_Pancreas,Pancreas,PDAC_TISSUE_8,Malignant,Malignant,Steele2020_Pancreas::PDAC_TISSUE_8
Steele2020_Pancreas,Pancreas,PDAC_TISSUE_8,Macrophage,Macrophage,Steele2020_Pancreas::PDAC_TISSUE_8
Steele2020_Pancreas,Pancreas,PDAC_TISSUE_8,Epithelial,Epithelial,Steele2020_Pancreas::PDAC_TISSUE_8
Steele2020_Pancreas,Pancreas,PDAC_TISSUE_8,Mast,Mast,Steele2020_Pancreas::PDAC_TISSUE_8
Steele2020_Pancreas,Pancreas,PDAC_TISSUE_8,Plasma,Plasma,Steele2020_Pancreas::PDAC_TISSUE_8
Steele2020_Pancreas,Pancreas,PDAC_TISSUE_8,B_cell,B cell,Steele2020_Pancreas::PDAC_TISSUE_8
Steele2020_Pancreas,Pancreas,PDAC_TISSUE_8,Dendritic,Dendritic,Steele2020_Pancreas::PDAC_TISSUE_8
Steele2020_Pancreas,Pancreas,PDAC_TISSUE_8,Endothelial,Endothelial,Steele2020_Pancreas::PDAC_TISSUE_8
Steele2020_Pancreas,Pancreas,PDAC_TISSUE_8,Granulocyte,Granulocyte,Steele2020_Pancreas::PDAC_TISSUE_8
Steele2020_Pancreas,Pancreas,PDAC_TISSUE_9,T_cell,T cell,Steele2020_Pancreas::PDAC_TISSUE_9
Steele2020_Pancreas,Pancreas,PDAC_TISSUE_9,Granulocyte,Granulocyte,Steele2020_Pancreas::PDAC_TISSUE_9
Steele2020_Pancreas,Pancreas,PDAC_TISSUE_9,Dendritic,Dendritic,Steele2020_Pancreas::PDAC_TISSUE_9
Steele2020_Pancreas,Pancreas,PDAC_TISSUE_9,Macrophage,Macrophage,Steele2020_Pancreas::PDAC_TISSUE_9
Steele2020_Pancreas,Pancreas,PDAC_TISSUE_9,Malignant,Malignant,Steele2020_Pancreas::PDAC_TISSUE_9
Steele2020_Pancreas,Pancreas,PDAC_TISSUE_9,Epithelial,Epithelial,Steele2020_Pancreas::PDAC_TISSUE_9
Steele2020_Pancreas,Pancreas,PDAC_TISSUE_9,Mast,Mast,Steele2020_Pancreas::PDAC_TISSUE_9
Steele2020_Pancreas,Pancreas,PDAC_TISSUE_9,Fibroblast,Fibroblast,Steele2020_Pancreas::PDAC_TISSUE_9
Steele2020_Pancreas,Pancreas,PDAC_TISSUE_9,B_cell,B cell,Steele2020_Pancreas::PDAC_TISSUE_9
Steele2020_Pancreas,Pancreas,PDAC_TISSUE_9,Plasma,Plasma,Steele2020_Pancreas::PDAC_TISSUE_9
Steele2020_Pancreas,Pancreas,PDAC_TISSUE_9,Endothelial,Endothelial,Steele2020_Pancreas::PDAC_TISSUE_9
Steele2020_Pancreas,Pancreas,PDAC_TISSUE_16,Epithelial,Epithelial,Steele2020_Pancreas::PDAC_TISSUE_16
Steele2020_Pancreas,Pancreas,PDAC_TISSUE_16,T_cell,T cell,Steele2020_Pancreas::PDAC_TISSUE_16
Steele2020_Pancreas,Pancreas,PDAC_TISSUE_16,Malignant,Malignant,Steele2020_Pancreas::PDAC_TISSUE_16
Steele2020_Pancreas,Pancreas,PDAC_TISSUE_16,Fibroblast,Fibroblast,Steele2020_Pancreas::PDAC_TISSUE_16
Steele2020_Pancreas,Pancreas,PDAC_TISSUE_16,Macrophage,Macrophage,Steele2020_Pancreas::PDAC_TISSUE_16
Steele2020_Pancreas,Pancreas,PDAC_TISSUE_16,B_cell,B cell,Steele2020_Pancreas::PDAC_TISSUE_16
Steele2020_Pancreas,Pancreas,PDAC_TISSUE_16,Mast,Mast,Steele2020_Pancreas::PDAC_TISSUE_16
Steele2020_Pancreas,Pancreas,PDAC_TISSUE_16,Plasma,Plasma,Steele2020_Pancreas::PDAC_TISSUE_16
Steele2020_Pancreas,Pancreas,PDAC_TISSUE_16,Dendritic,Dendritic,Steele2020_Pancreas::PDAC_TISSUE_16
Steele2020_Pancreas,Pancreas,PDAC_TISSUE_16,Endothelial,Endothelial,Steele2020_Pancreas::PDAC_TISSUE_16
Chen2021_Prostate,Prostate,1,Malignant,Malignant,Chen2021_Prostate::1
Chen2021_Prostate,Prostate,1,Epithelial,Epithelial,Chen2021_Prostate::1
Chen2021_Prostate,Prostate,1,Endothelial,Endothelial,Chen2021_Prostate::1
Chen2021_Prostate,Prostate,1,Fibroblast,Fibroblast,Chen2021_Prostate::1
Chen2021_Prostate,Prostate,1,Macrophage,Macrophage,Chen2021_Prostate::1
Chen2021_Prostate,Prostate,1,T_cell,T cell,Chen2021_Prostate::1
Chen2021_Prostate,Prostate,1,Mast,Mast,Chen2021_Prostate::1
Chen2021_Prostate,Prostate,2,Malignant,Malignant,Chen2021_Prostate::2
Chen2021_Prostate,Prostate,2,Epithelial,Epithelial,Chen2021_Prostate::2
Chen2021_Prostate,Prostate,2,Mast,Mast,Chen2021_Prostate::2
Chen2021_Prostate,Prostate,2,Endothelial,Endothelial,Chen2021_Prostate::2
Chen2021_Prostate,Prostate,2,T_cell,T cell,Chen2021_Prostate::2
Chen2021_Prostate,Prostate,2,Macrophage,Macrophage,Chen2021_Prostate::2
Chen2021_Prostate,Prostate,2,Fibroblast,Fibroblast,Chen2021_Prostate::2
Chen2021_Prostate,Prostate,3,Mast,Mast,Chen2021_Prostate::3
Chen2021_Prostate,Prostate,3,Epithelial,Epithelial,Chen2021_Prostate::3
Chen2021_Prostate,Prostate,3,Fibroblast,Fibroblast,Chen2021_Prostate::3
Chen2021_Prostate,Prostate,3,Endothelial,Endothelial,Chen2021_Prostate::3
Chen2021_Prostate,Prostate,3,T_cell,T cell,Chen2021_Prostate::3
Chen2021_Prostate,Prostate,3,Malignant,Malignant,Chen2021_Prostate::3
Chen2021_Prostate,Prostate,3,Macrophage,Macrophage,Chen2021_Prostate::3
Chen2021_Prostate,Prostate,3,B_cell,B cell,Chen2021_Prostate::3
Chen2021_Prostate,Prostate,4,Epithelial,Epithelial,Chen2021_Prostate::4
Chen2021_Prostate,Prostate,4,Macrophage,Macrophage,Chen2021_Prostate::4
Chen2021_Prostate,Prostate,4,Malignant,Malignant,Chen2021_Prostate::4
Chen2021_Prostate,Prostate,4,T_cell,T cell,Chen2021_Prostate::4
Chen2021_Prostate,Prostate,4,Fibroblast,Fibroblast,Chen2021_Prostate::4
Chen2021_Prostate,Prostate,4,Endothelial,Endothelial,Chen2021_Prostate::4
Chen2021_Prostate,Prostate,4,Mast,Mast,Chen2021_Prostate::4
Chen2021_Prostate,Prostate,5,Malignant,Malignant,Chen2021_Prostate::5
Chen2021_Prostate,Prostate,5,Epithelial,Epithelial,Chen2021_Prostate::5
Chen2021_Prostate,Prostate,5,Endothelial,Endothelial,Chen2021_Prostate::5
Chen2021_Prostate,Prostate,5,Fibroblast,Fibroblast,Chen2021_Prostate::5
Chen2021_Prostate,Prostate,5,Macrophage,Macrophage,Chen2021_Prostate::5
Chen2021_Prostate,Prostate,5,T_cell,T cell,Chen2021_Prostate::5
Chen2021_Prostate,Prostate,5,B_cell,B cell,Chen2021_Prostate::5
Chen2021_Prostate,Prostate,5,Mast,Mast,Chen2021_Prostate::5
Chen2021_Prostate,Prostate,6,Epithelial,Epithelial,Chen2021_Prostate::6
Chen2021_Prostate,Prostate,6,Malignant,Malignant,Chen2021_Prostate::6
Chen2021_Prostate,Prostate,6,Fibroblast,Fibroblast,Chen2021_Prostate::6
Chen2021_Prostate,Prostate,6,Macrophage,Macrophage,Chen2021_Prostate::6
Chen2021_Prostate,Prostate,6,B_cell,B cell,Chen2021_Prostate::6
Chen2021_Prostate,Prostate,6,T_cell,T cell,Chen2021_Prostate::6
Chen2021_Prostate,Prostate,6,Endothelial,Endothelial,Chen2021_Prostate::6
Chen2021_Prostate,Prostate,6,Mast,Mast,Chen2021_Prostate::6
Chen2021_Prostate,Prostate,7,Malignant,Malignant,Chen2021_Prostate::7
Chen2021_Prostate,Prostate,7,Epithelial,Epithelial,Chen2021_Prostate::7
Chen2021_Prostate,Prostate,7,Fibroblast,Fibroblast,Chen2021_Prostate::7
Chen2021_Prostate,Prostate,7,Endothelial,Endothelial,Chen2021_Prostate::7
Chen2021_Prostate,Prostate,7,Macrophage,Macrophage,Chen2021_Prostate::7
Chen2021_Prostate,Prostate,7,T_cell,T cell,Chen2021_Prostate::7
Chen2021_Prostate,Prostate,7,B_cell,B cell,Chen2021_Prostate::7
Chen2021_Prostate,Prostate,7,Mast,Mast,Chen2021_Prostate::7
Chen2021_Prostate,Prostate,8,Malignant,Malignant,Chen2021_Prostate::8
Chen2021_Prostate,Prostate,8,Epithelial,Epithelial,Chen2021_Prostate::8
Chen2021_Prostate,Prostate,8,Macrophage,Macrophage,Chen2021_Prostate::8
Chen2021_Prostate,Prostate,8,Endothelial,Endothelial,Chen2021_Prostate::8
Chen2021_Prostate,Prostate,8,T_cell,T cell,Chen2021_Prostate::8
Chen2021_Prostate,Prostate,8,Mast,Mast,Chen2021_Prostate::8
Chen2021_Prostate,Prostate,9,Epithelial,Epithelial,Chen2021_Prostate::9
Chen2021_Prostate,Prostate,9,Macrophage,Macrophage,Chen2021_Prostate::9
Chen2021_Prostate,Prostate,9,Malignant,Malignant,Chen2021_Prostate::9
Chen2021_Prostate,Prostate,9,T_cell,T cell,Chen2021_Prostate::9
Chen2021_Prostate,Prostate,9,Fibroblast,Fibroblast,Chen2021_Prostate::9
Chen2021_Prostate,Prostate,9,Endothelial,Endothelial,Chen2021_Prostate::9
Chen2021_Prostate,Prostate,9,Mast,Mast,Chen2021_Prostate::9
Chen2021_Prostate,Prostate,10,Malignant,Malignant,Chen2021_Prostate::10
Chen2021_Prostate,Prostate,10,Epithelial,Epithelial,Chen2021_Prostate::10
Chen2021_Prostate,Prostate,10,Fibroblast,Fibroblast,Chen2021_Prostate::10
Chen2021_Prostate,Prostate,10,Macrophage,Macrophage,Chen2021_Prostate::10
Chen2021_Prostate,Prostate,10,Endothelial,Endothelial,Chen2021_Prostate::10
Chen2021_Prostate,Prostate,10,T_cell,T cell,Chen2021_Prostate::10
Chen2021_Prostate,Prostate,11,Endothelial,Endothelial,Chen2021_Prostate::11
Chen2021_Prostate,Prostate,11,Epithelial,Epithelial,Chen2021_Prostate::11
Chen2021_Prostate,Prostate,11,Macrophage,Macrophage,Chen2021_Prostate::11
Chen2021_Prostate,Prostate,11,Malignant,Malignant,Chen2021_Prostate::11
Chen2021_Prostate,Prostate,11,Fibroblast,Fibroblast,Chen2021_Prostate::11
Chen2021_Prostate,Prostate,11,T_cell,T cell,Chen2021_Prostate::11
Chen2021_Prostate,Prostate,11,B_cell,B cell,Chen2021_Prostate::11
Chen2021_Prostate,Prostate,11,Mast,Mast,Chen2021_Prostate::11
Chen2021_Prostate,Prostate,12,Malignant,Malignant,Chen2021_Prostate::12
Chen2021_Prostate,Prostate,12,Epithelial,Epithelial,Chen2021_Prostate::12
Chen2021_Prostate,Prostate,12,Endothelial,Endothelial,Chen2021_Prostate::12
Chen2021_Prostate,Prostate,12,Macrophage,Macrophage,Chen2021_Prostate::12
Chen2021_Prostate,Prostate,12,Fibroblast,Fibroblast,Chen2021_Prostate::12
Chen2021_Prostate,Prostate,12,Mast,Mast,Chen2021_Prostate::12
Chen2021_Prostate,Prostate,13,Malignant,Malignant,Chen2021_Prostate::13
Chen2021_Prostate,Prostate,13,Epithelial,Epithelial,Chen2021_Prostate::13
Chen2021_Prostate,Prostate,13,T_cell,T cell,Chen2021_Prostate::13
Chen2021_Prostate,Prostate,13,Fibroblast,Fibroblast,Chen2021_Prostate::13
Chen2021_Prostate,Prostate,13,Endothelial,Endothelial,Chen2021_Prostate::13
Chen2021_Prostate,Prostate,13,Macrophage,Macrophage,Chen2021_Prostate::13
Chen2021_Prostate,Prostate,13,Mast,Mast,Chen2021_Prostate::13
Chen2021_Prostate,Prostate,13,B_cell,B cell,Chen2021_Prostate::13
Dong2020_Prostate,Prostate,patient #1,Epithelial,Epithelial,Dong2020_Prostate::patient #1
Dong2020_Prostate,Prostate,patient #1,Malignant,Malignant,Dong2020_Prostate::patient #1
Dong2020_Prostate,Prostate,patient #1,Fibroblast,Fibroblast,Dong2020_Prostate::patient #1
Dong2020_Prostate,Prostate,patient #1,Endothelial,Endothelial,Dong2020_Prostate::patient #1
Dong2020_Prostate,Prostate,patient #1,Lymphoid,Lymphoid,Dong2020_Prostate::patient #1
Dong2020_Prostate,Prostate,patient #2,Malignant,Malignant,Dong2020_Prostate::patient #2
Dong2020_Prostate,Prostate,patient #2,Myeloid,Myeloid,Dong2020_Prostate::patient #2
Dong2020_Prostate,Prostate,patient #2,Lymphoid,Lymphoid,Dong2020_Prostate::patient #2
Dong2020_Prostate,Prostate,patient #2,Fibroblast,Fibroblast,Dong2020_Prostate::patient #2
Dong2020_Prostate,Prostate,patient #2,Endothelial,Endothelial,Dong2020_Prostate::patient #2
Dong2020_Prostate,Prostate,patient #3,Fibroblast,Fibroblast,Dong2020_Prostate::patient #3
Dong2020_Prostate,Prostate,patient #3,Epithelial,Epithelial,Dong2020_Prostate::patient #3
Dong2020_Prostate,Prostate,patient #3,Myeloid,Myeloid,Dong2020_Prostate::patient #3
Dong2020_Prostate,Prostate,patient #3,Endothelial,Endothelial,Dong2020_Prostate::patient #3
Dong2020_Prostate,Prostate,patient #3,Lymphoid,Lymphoid,Dong2020_Prostate::patient #3
Dong2020_Prostate,Prostate,patient #4,Endothelial,Endothelial,Dong2020_Prostate::patient #4
Dong2020_Prostate,Prostate,patient #4,Epithelial,Epithelial,Dong2020_Prostate::patient #4
Dong2020_Prostate,Prostate,patient #4,Fibroblast,Fibroblast,Dong2020_Prostate::patient #4
Dong2020_Prostate,Prostate,patient #4,Myeloid,Myeloid,Dong2020_Prostate::patient #4
Dong2020_Prostate,Prostate,patient #4,Lymphoid,Lymphoid,Dong2020_Prostate::patient #4
Dong2020_Prostate,Prostate,patient #5,Fibroblast,Fibroblast,Dong2020_Prostate::patient #5
Dong2020_Prostate,Prostate,patient #5,Malignant,Malignant,Dong2020_Prostate::patient #5
Dong2020_Prostate,Prostate,patient #5,Lymphoid,Lymphoid,Dong2020_Prostate::patient #5
Dong2020_Prostate,Prostate,patient #5,Endothelial,Endothelial,Dong2020_Prostate::patient #5
Dong2020_Prostate,Prostate,patient #5,Epithelial,Epithelial,Dong2020_Prostate::patient #5
Dong2020_Prostate,Prostate,patient #5,Myeloid,Myeloid,Dong2020_Prostate::patient #5
Dong2020_Prostate,Prostate,patient #6,Fibroblast,Fibroblast,Dong2020_Prostate::patient #6
Dong2020_Prostate,Prostate,patient #6,Malignant,Malignant,Dong2020_Prostate::patient #6
Dong2020_Prostate,Prostate,patient #6,Epithelial,Epithelial,Dong2020_Prostate::patient #6
Dong2020_Prostate,Prostate,patient #6,Lymphoid,Lymphoid,Dong2020_Prostate::patient #6
He2021_Prostate,Prostate,01115149-TC,Malignant,Malignant,He2021_Prostate::01115149-TC
He2021_Prostate,Prostate,01115149-TC,B_cell,B cell,He2021_Prostate::01115149-TC
He2021_Prostate,Prostate,01115149-TC,T_cell,T cell,He2021_Prostate::01115149-TC
He2021_Prostate,Prostate,01115149-TC,NK_cell,NK cell,He2021_Prostate::01115149-TC
He2021_Prostate,Prostate,01115149-TC,Myeloid,Myeloid,He2021_Prostate::01115149-TC
He2021_Prostate,Prostate,01115149-TC,Macrophage,Macrophage,He2021_Prostate::01115149-TC
He2021_Prostate,Prostate,01115578-TA,Malignant,Malignant,He2021_Prostate::01115578-TA
He2021_Prostate,Prostate,01115578-TA,B_cell,B cell,He2021_Prostate::01115578-TA
He2021_Prostate,Prostate,01115655-TC,T_cell,T cell,He2021_Prostate::01115655-TC
He2021_Prostate,Prostate,01115655-TC,B_cell,B cell,He2021_Prostate::01115655-TC
He2021_Prostate,Prostate,01115655-TC,Monocyte,Monocyte,He2021_Prostate::01115655-TC
He2021_Prostate,Prostate,01115655-TC,Malignant,Malignant,He2021_Prostate::01115655-TC
He2021_Prostate,Prostate,01115655-TA,T_cell,T cell,He2021_Prostate::01115655-TA
He2021_Prostate,Prostate,01115655-TA,B_cell,B cell,He2021_Prostate::01115655-TA
He2021_Prostate,Prostate,01115655-TA,Macrophage,Macrophage,He2021_Prostate::01115655-TA
He2021_Prostate,Prostate,01115655-TA,Malignant,Malignant,He2021_Prostate::01115655-TA
He2021_Prostate,Prostate,01115655-TC,Macrophage,Macrophage,He2021_Prostate::01115655-TC
He2021_Prostate,Prostate,01115665,B_cell,B cell,He2021_Prostate::01115665
He2021_Prostate,Prostate,01115665,T_cell,T cell,He2021_Prostate::01115665
He2021_Prostate,Prostate,01115665,Monocyte,Monocyte,He2021_Prostate::01115665
He2021_Prostate,Prostate,01115665,Myeloid,Myeloid,He2021_Prostate::01115665
He2021_Prostate,Prostate,01115665,NK_cell,NK cell,He2021_Prostate::01115665
He2021_Prostate,Prostate,01115666-TA,Malignant,Malignant,He2021_Prostate::01115666-TA
He2021_Prostate,Prostate,01115666-TA,B_cell,B cell,He2021_Prostate::01115666-TA
He2021_Prostate,Prostate,01115666-TA,Monocyte,Monocyte,He2021_Prostate::01115666-TA
He2021_Prostate,Prostate,01115666-TA,T_cell,T cell,He2021_Prostate::01115666-TA
He2021_Prostate,Prostate,01115680,Malignant,Malignant,He2021_Prostate::01115680
He2021_Prostate,Prostate,01115680,T_cell,T cell,He2021_Prostate::01115680
He2021_Prostate,Prostate,01115680,NK_cell,NK cell,He2021_Prostate::01115680
He2021_Prostate,Prostate,01115681,Malignant,Malignant,He2021_Prostate::01115681
He2021_Prostate,Prostate,09171136,T_cell,T cell,He2021_Prostate::09171136
He2021_Prostate,Prostate,09171136,Macrophage,Macrophage,He2021_Prostate::09171136
He2021_Prostate,Prostate,09171136,Monocyte,Monocyte,He2021_Prostate::09171136
He2021_Prostate,Prostate,09171136,NK_cell,NK cell,He2021_Prostate::09171136
He2021_Prostate,Prostate,09171136,B_cell,B cell,He2021_Prostate::09171136
He2021_Prostate,Prostate,09171111,Malignant,Malignant,He2021_Prostate::09171111
He2021_Prostate,Prostate,09171123,Malignant,Malignant,He2021_Prostate::09171123
He2021_Prostate,Prostate,09171123,T_cell,T cell,He2021_Prostate::09171123
He2021_Prostate,Prostate,09171135,T_cell,T cell,He2021_Prostate::09171135
He2021_Prostate,Prostate,09171135,B_cell,B cell,He2021_Prostate::09171135
He2021_Prostate,Prostate,09171135,Monocyte,Monocyte,He2021_Prostate::09171135
He2021_Prostate,Prostate,09171135,NK_cell,NK cell,He2021_Prostate::09171135
He2021_Prostate,Prostate,09171135,Macrophage,Macrophage,He2021_Prostate::09171135
He2021_Prostate,Prostate,09171135,Malignant,Malignant,He2021_Prostate::09171135
He2021_Prostate,Prostate,09171139,T_cell,T cell,He2021_Prostate::09171139
He2021_Prostate,Prostate,09171139,NK_cell,NK cell,He2021_Prostate::09171139
He2021_Prostate,Prostate,09171139,B_cell,B cell,He2021_Prostate::09171139
He2021_Prostate,Prostate,09171139,Monocyte,Monocyte,He2021_Prostate::09171139
He2021_Prostate,Prostate,09171139,Macrophage,Macrophage,He2021_Prostate::09171139
He2021_Prostate,Prostate,09171144,T_cell,T cell,He2021_Prostate::09171144
He2021_Prostate,Prostate,09171144,B_cell,B cell,He2021_Prostate::09171144
He2021_Prostate,Prostate,09171144,Malignant,Malignant,He2021_Prostate::09171144
He2021_Prostate,Prostate,09171144,Monocyte,Monocyte,He2021_Prostate::09171144
He2021_Prostate,Prostate,09171144,NK_cell,NK cell,He2021_Prostate::09171144
He2021_Prostate,Prostate,09171144,Macrophage,Macrophage,He2021_Prostate::09171144
He2021_Prostate,Prostate,09171144,Myeloid,Myeloid,He2021_Prostate::09171144
He2021_Prostate,Prostate,09171146,Malignant,Malignant,He2021_Prostate::09171146
He2021_Prostate,Prostate,09171146,T_cell,T cell,He2021_Prostate::09171146
He2021_Prostate,Prostate,01115149-TC,Erythrocyte,Erythrocyte,He2021_Prostate::01115149-TC
He2021_Prostate,Prostate,01115665,Erythrocyte,Erythrocyte,He2021_Prostate::01115665
He2021_Prostate,Prostate,09171144,Erythrocyte,Erythrocyte,He2021_Prostate::09171144
Song2022_Prostate,Prostate,AUG_PB1,Epithelial,Epithelial,Song2022_Prostate::AUG_PB1
Song2022_Prostate,Prostate,AUG_PB1,Endothelial,Endothelial,Song2022_Prostate::AUG_PB1
Song2022_Prostate,Prostate,AUG_PB1,Fibroblast,Fibroblast,Song2022_Prostate::AUG_PB1
Song2022_Prostate,Prostate,AUG_PB1,Myeloid,Myeloid,Song2022_Prostate::AUG_PB1
Song2022_Prostate,Prostate,AUG_PB1,Malignant,Malignant,Song2022_Prostate::AUG_PB1
Song2022_Prostate,Prostate,AUG_PB1,B_cell,B cell,Song2022_Prostate::AUG_PB1
Song2022_Prostate,Prostate,AUG_PB1,Smooth_muscle,Smooth muscle,Song2022_Prostate::AUG_PB1
Song2022_Prostate,Prostate,AUG_PB1,T_cell,T cell,Song2022_Prostate::AUG_PB1
Song2022_Prostate,Prostate,AUG_PB1,Mast,Mast,Song2022_Prostate::AUG_PB1
Song2022_Prostate,Prostate,PR5249_N,Epithelial,Epithelial,Song2022_Prostate::PR5249_N
Song2022_Prostate,Prostate,PR5249_N,Malignant,Malignant,Song2022_Prostate::PR5249_N
Song2022_Prostate,Prostate,PR5249_N,Endothelial,Endothelial,Song2022_Prostate::PR5249_N
Song2022_Prostate,Prostate,PR5249_N,Myeloid,Myeloid,Song2022_Prostate::PR5249_N
Song2022_Prostate,Prostate,PR5249_N,Smooth_muscle,Smooth muscle,Song2022_Prostate::PR5249_N
Song2022_Prostate,Prostate,PR5249_N,Fibroblast,Fibroblast,Song2022_Prostate::PR5249_N
Song2022_Prostate,Prostate,PR5249_N,T_cell,T cell,Song2022_Prostate::PR5249_N
Song2022_Prostate,Prostate,PR5249_N,Mast,Mast,Song2022_Prostate::PR5249_N
Song2022_Prostate,Prostate,PR5249_N,B_cell,B cell,Song2022_Prostate::PR5249_N
Song2022_Prostate,Prostate,PR5249_T,Malignant,Malignant,Song2022_Prostate::PR5249_T
Song2022_Prostate,Prostate,PR5249_T,Myeloid,Myeloid,Song2022_Prostate::PR5249_T
Song2022_Prostate,Prostate,PR5249_T,Epithelial,Epithelial,Song2022_Prostate::PR5249_T
Song2022_Prostate,Prostate,PR5249_T,T_cell,T cell,Song2022_Prostate::PR5249_T
Song2022_Prostate,Prostate,PR5249_T,Endothelial,Endothelial,Song2022_Prostate::PR5249_T
Song2022_Prostate,Prostate,PR5249_T,Fibroblast,Fibroblast,Song2022_Prostate::PR5249_T
Song2022_Prostate,Prostate,PR5249_T,Smooth_muscle,Smooth muscle,Song2022_Prostate::PR5249_T
Song2022_Prostate,Prostate,PR5251_N,Epithelial,Epithelial,Song2022_Prostate::PR5251_N
Song2022_Prostate,Prostate,PR5251_N,Myeloid,Myeloid,Song2022_Prostate::PR5251_N
Song2022_Prostate,Prostate,PR5251_N,Malignant,Malignant,Song2022_Prostate::PR5251_N
Song2022_Prostate,Prostate,PR5251_N,Endothelial,Endothelial,Song2022_Prostate::PR5251_N
Song2022_Prostate,Prostate,PR5251_N,Mast,Mast,Song2022_Prostate::PR5251_N
Song2022_Prostate,Prostate,PR5251_N,T_cell,T cell,Song2022_Prostate::PR5251_N
Song2022_Prostate,Prostate,PR5251_N,Fibroblast,Fibroblast,Song2022_Prostate::PR5251_N
Song2022_Prostate,Prostate,PR5251_N,Smooth_muscle,Smooth muscle,Song2022_Prostate::PR5251_N
Song2022_Prostate,Prostate,PR5251_N,B_cell,B cell,Song2022_Prostate::PR5251_N
Song2022_Prostate,Prostate,PR5251_T,Epithelial,Epithelial,Song2022_Prostate::PR5251_T
Song2022_Prostate,Prostate,PR5251_T,Malignant,Malignant,Song2022_Prostate::PR5251_T
Song2022_Prostate,Prostate,PR5251_T,Myeloid,Myeloid,Song2022_Prostate::PR5251_T
Song2022_Prostate,Prostate,PR5251_T,Smooth_muscle,Smooth muscle,Song2022_Prostate::PR5251_T
Song2022_Prostate,Prostate,PR5251_T,T_cell,T cell,Song2022_Prostate::PR5251_T
Song2022_Prostate,Prostate,PR5251_T,Endothelial,Endothelial,Song2022_Prostate::PR5251_T
Song2022_Prostate,Prostate,PR5251_T,B_cell,B cell,Song2022_Prostate::PR5251_T
Song2022_Prostate,Prostate,PR5251_T,Mast,Mast,Song2022_Prostate::PR5251_T
Song2022_Prostate,Prostate,PR5251_T,Fibroblast,Fibroblast,Song2022_Prostate::PR5251_T
Song2022_Prostate,Prostate,PR5254_N,Malignant,Malignant,Song2022_Prostate::PR5254_N
Song2022_Prostate,Prostate,PR5254_N,Epithelial,Epithelial,Song2022_Prostate::PR5254_N
Song2022_Prostate,Prostate,PR5254_N,Myeloid,Myeloid,Song2022_Prostate::PR5254_N
Song2022_Prostate,Prostate,PR5254_N,Smooth_muscle,Smooth muscle,Song2022_Prostate::PR5254_N
Song2022_Prostate,Prostate,PR5254_N,Endothelial,Endothelial,Song2022_Prostate::PR5254_N
Song2022_Prostate,Prostate,PR5254_N,Fibroblast,Fibroblast,Song2022_Prostate::PR5254_N
Song2022_Prostate,Prostate,PR5254_N,T_cell,T cell,Song2022_Prostate::PR5254_N
Song2022_Prostate,Prostate,PR5254_N,B_cell,B cell,Song2022_Prostate::PR5254_N
Song2022_Prostate,Prostate,PR5254_N,Mast,Mast,Song2022_Prostate::PR5254_N
Song2022_Prostate,Prostate,PR5254_T,Malignant,Malignant,Song2022_Prostate::PR5254_T
Song2022_Prostate,Prostate,PR5254_T,Endothelial,Endothelial,Song2022_Prostate::PR5254_T
Song2022_Prostate,Prostate,PR5254_T,Epithelial,Epithelial,Song2022_Prostate::PR5254_T
Song2022_Prostate,Prostate,PR5254_T,T_cell,T cell,Song2022_Prostate::PR5254_T
Song2022_Prostate,Prostate,PR5254_T,Smooth_muscle,Smooth muscle,Song2022_Prostate::PR5254_T
Song2022_Prostate,Prostate,PR5254_T,Fibroblast,Fibroblast,Song2022_Prostate::PR5254_T
Song2022_Prostate,Prostate,PR5254_T,Myeloid,Myeloid,Song2022_Prostate::PR5254_T
Song2022_Prostate,Prostate,PR5254_T,B_cell,B cell,Song2022_Prostate::PR5254_T
Song2022_Prostate,Prostate,PR5254_T,Mast,Mast,Song2022_Prostate::PR5254_T
Song2022_Prostate,Prostate,PR5261_N,Malignant,Malignant,Song2022_Prostate::PR5261_N
Song2022_Prostate,Prostate,PR5261_N,Epithelial,Epithelial,Song2022_Prostate::PR5261_N
Song2022_Prostate,Prostate,PR5261_N,Endothelial,Endothelial,Song2022_Prostate::PR5261_N
Song2022_Prostate,Prostate,PR5261_N,Smooth_muscle,Smooth muscle,Song2022_Prostate::PR5261_N
Song2022_Prostate,Prostate,PR5261_N,Myeloid,Myeloid,Song2022_Prostate::PR5261_N
Song2022_Prostate,Prostate,PR5261_N,Fibroblast,Fibroblast,Song2022_Prostate::PR5261_N
Song2022_Prostate,Prostate,PR5261_N,T_cell,T cell,Song2022_Prostate::PR5261_N
Song2022_Prostate,Prostate,PR5261_N,Mast,Mast,Song2022_Prostate::PR5261_N
Song2022_Prostate,Prostate,PR5261_T,Malignant,Malignant,Song2022_Prostate::PR5261_T
Song2022_Prostate,Prostate,PR5261_T,Epithelial,Epithelial,Song2022_Prostate::PR5261_T
Song2022_Prostate,Prostate,PR5261_T,Endothelial,Endothelial,Song2022_Prostate::PR5261_T
Song2022_Prostate,Prostate,PR5261_T,Myeloid,Myeloid,Song2022_Prostate::PR5261_T
Song2022_Prostate,Prostate,PR5261_T,Smooth_muscle,Smooth muscle,Song2022_Prostate::PR5261_T
Song2022_Prostate,Prostate,PR5261_T,Fibroblast,Fibroblast,Song2022_Prostate::PR5261_T
Song2022_Prostate,Prostate,PR5261_T,T_cell,T cell,Song2022_Prostate::PR5261_T
Song2022_Prostate,Prostate,PR5261_T,B_cell,B cell,Song2022_Prostate::PR5261_T
Song2022_Prostate,Prostate,PR5261_T,Mast,Mast,Song2022_Prostate::PR5261_T
Song2022_Prostate,Prostate,PR5269,Malignant,Malignant,Song2022_Prostate::PR5269
Song2022_Prostate,Prostate,PR5269,Epithelial,Epithelial,Song2022_Prostate::PR5269
Song2022_Prostate,Prostate,PR5269,Myeloid,Myeloid,Song2022_Prostate::PR5269
Song2022_Prostate,Prostate,PR5269,Endothelial,Endothelial,Song2022_Prostate::PR5269
Song2022_Prostate,Prostate,PR5269,Smooth_muscle,Smooth muscle,Song2022_Prostate::PR5269
Song2022_Prostate,Prostate,PR5269,T_cell,T cell,Song2022_Prostate::PR5269
Song2022_Prostate,Prostate,PR5269,Mast,Mast,Song2022_Prostate::PR5269
Song2022_Prostate,Prostate,PR5269,Fibroblast,Fibroblast,Song2022_Prostate::PR5269
Song2022_Prostate,Prostate,PR5269,B_cell,B cell,Song2022_Prostate::PR5269
Song2022_Prostate,Prostate,MAY_PB1,Epithelial,Epithelial,Song2022_Prostate::MAY_PB1
Song2022_Prostate,Prostate,MAY_PB1,Malignant,Malignant,Song2022_Prostate::MAY_PB1
Song2022_Prostate,Prostate,MAY_PB1,Myeloid,Myeloid,Song2022_Prostate::MAY_PB1
Song2022_Prostate,Prostate,MAY_PB1,Endothelial,Endothelial,Song2022_Prostate::MAY_PB1
Song2022_Prostate,Prostate,MAY_PB1,Smooth_muscle,Smooth muscle,Song2022_Prostate::MAY_PB1
Song2022_Prostate,Prostate,MAY_PB1,Fibroblast,Fibroblast,Song2022_Prostate::MAY_PB1
Song2022_Prostate,Prostate,MAY_PB1,B_cell,B cell,Song2022_Prostate::MAY_PB1
Song2022_Prostate,Prostate,MAY_PB1,Mast,Mast,Song2022_Prostate::MAY_PB1
Song2022_Prostate,Prostate,MAY_PB1,T_cell,T cell,Song2022_Prostate::MAY_PB1
Song2022_Prostate,Prostate,MAY_PB2,Endothelial,Endothelial,Song2022_Prostate::MAY_PB2
Song2022_Prostate,Prostate,MAY_PB2,Epithelial,Epithelial,Song2022_Prostate::MAY_PB2
Song2022_Prostate,Prostate,MAY_PB2,Malignant,Malignant,Song2022_Prostate::MAY_PB2
Song2022_Prostate,Prostate,MAY_PB2,Myeloid,Myeloid,Song2022_Prostate::MAY_PB2
Song2022_Prostate,Prostate,MAY_PB2,Smooth_muscle,Smooth muscle,Song2022_Prostate::MAY_PB2
Song2022_Prostate,Prostate,MAY_PB2,Fibroblast,Fibroblast,Song2022_Prostate::MAY_PB2
Song2022_Prostate,Prostate,MAY_PB2,T_cell,T cell,Song2022_Prostate::MAY_PB2
Song2022_Prostate,Prostate,MAY_PB2,B_cell,B cell,Song2022_Prostate::MAY_PB2
Song2022_Prostate,Prostate,MAY_PB2,Mast,Mast,Song2022_Prostate::MAY_PB2
Song2022_Prostate,Prostate,PR5186,Myeloid,Myeloid,Song2022_Prostate::PR5186
Song2022_Prostate,Prostate,PR5186,Malignant,Malignant,Song2022_Prostate::PR5186
Song2022_Prostate,Prostate,PR5186,Smooth_muscle,Smooth muscle,Song2022_Prostate::PR5186
Song2022_Prostate,Prostate,PR5186,B_cell,B cell,Song2022_Prostate::PR5186
Song2022_Prostate,Prostate,PR5186,Epithelial,Epithelial,Song2022_Prostate::PR5186
Song2022_Prostate,Prostate,PR5186,Endothelial,Endothelial,Song2022_Prostate::PR5186
Song2022_Prostate,Prostate,PR5186,T_cell,T cell,Song2022_Prostate::PR5186
Song2022_Prostate,Prostate,PR5186,Mast,Mast,Song2022_Prostate::PR5186
Song2022_Prostate,Prostate,PR5186,Fibroblast,Fibroblast,Song2022_Prostate::PR5186
Song2022_Prostate,Prostate,PR5196,Myeloid,Myeloid,Song2022_Prostate::PR5196
Song2022_Prostate,Prostate,PR5196,Malignant,Malignant,Song2022_Prostate::PR5196
Song2022_Prostate,Prostate,PR5196,Epithelial,Epithelial,Song2022_Prostate::PR5196
Song2022_Prostate,Prostate,PR5196,Endothelial,Endothelial,Song2022_Prostate::PR5196
Song2022_Prostate,Prostate,PR5196,T_cell,T cell,Song2022_Prostate::PR5196
Song2022_Prostate,Prostate,PR5196,Mast,Mast,Song2022_Prostate::PR5196
Song2022_Prostate,Prostate,PR5196,B_cell,B cell,Song2022_Prostate::PR5196
Song2022_Prostate,Prostate,PR5196,Fibroblast,Fibroblast,Song2022_Prostate::PR5196
Song2022_Prostate,Prostate,PR5196,Smooth_muscle,Smooth muscle,Song2022_Prostate::PR5196
Song2022_Prostate,Prostate,PR5199,Malignant,Malignant,Song2022_Prostate::PR5199
Song2022_Prostate,Prostate,PR5199,Epithelial,Epithelial,Song2022_Prostate::PR5199
Song2022_Prostate,Prostate,PR5199,Myeloid,Myeloid,Song2022_Prostate::PR5199
Song2022_Prostate,Prostate,PR5199,Smooth_muscle,Smooth muscle,Song2022_Prostate::PR5199
Song2022_Prostate,Prostate,PR5199,Endothelial,Endothelial,Song2022_Prostate::PR5199
Song2022_Prostate,Prostate,PR5199,Fibroblast,Fibroblast,Song2022_Prostate::PR5199
Song2022_Prostate,Prostate,PR5199,T_cell,T cell,Song2022_Prostate::PR5199
Song2022_Prostate,Prostate,PR5199,B_cell,B cell,Song2022_Prostate::PR5199
Song2022_Prostate,Prostate,PR5199,Mast,Mast,Song2022_Prostate::PR5199
Jerby-Arnon2021_Sarcoma,Sarcoma,SyS10,Malignant,Malignant,Jerby-Arnon2021_Sarcoma::SyS10
Jerby-Arnon2021_Sarcoma,Sarcoma,SyS10,Fibroblast,Fibroblast,Jerby-Arnon2021_Sarcoma::SyS10
Jerby-Arnon2021_Sarcoma,Sarcoma,SyS11,Malignant,Malignant,Jerby-Arnon2021_Sarcoma::SyS11
Jerby-Arnon2021_Sarcoma,Sarcoma,SyS11,Fibroblast,Fibroblast,Jerby-Arnon2021_Sarcoma::SyS11
Jerby-Arnon2021_Sarcoma,Sarcoma,SyS11,Endothelial,Endothelial,Jerby-Arnon2021_Sarcoma::SyS11
Jerby-Arnon2021_Sarcoma,Sarcoma,SyS11.met,Malignant,Malignant,Jerby-Arnon2021_Sarcoma::SyS11.met
Jerby-Arnon2021_Sarcoma,Sarcoma,SyS11.met,T_cell,T cell,Jerby-Arnon2021_Sarcoma::SyS11.met
Jerby-Arnon2021_Sarcoma,Sarcoma,SyS11.met,B_cell,B cell,Jerby-Arnon2021_Sarcoma::SyS11.met
Jerby-Arnon2021_Sarcoma,Sarcoma,SyS11.met,NK_cell,NK cell,Jerby-Arnon2021_Sarcoma::SyS11.met
Jerby-Arnon2021_Sarcoma,Sarcoma,SyS11,T_cell,T cell,Jerby-Arnon2021_Sarcoma::SyS11
Jerby-Arnon2021_Sarcoma,Sarcoma,SyS11,B_cell,B cell,Jerby-Arnon2021_Sarcoma::SyS11
Jerby-Arnon2021_Sarcoma,Sarcoma,SyS11,NK_cell,NK cell,Jerby-Arnon2021_Sarcoma::SyS11
Jerby-Arnon2021_Sarcoma,Sarcoma,SyS11,Macrophage,Macrophage,Jerby-Arnon2021_Sarcoma::SyS11
Jerby-Arnon2021_Sarcoma,Sarcoma,SyS11.met,Macrophage,Macrophage,Jerby-Arnon2021_Sarcoma::SyS11.met
Jerby-Arnon2021_Sarcoma,Sarcoma,SyS12,Malignant,Malignant,Jerby-Arnon2021_Sarcoma::SyS12
Jerby-Arnon2021_Sarcoma,Sarcoma,SyS12,Endothelial,Endothelial,Jerby-Arnon2021_Sarcoma::SyS12
Jerby-Arnon2021_Sarcoma,Sarcoma,SyS12,Fibroblast,Fibroblast,Jerby-Arnon2021_Sarcoma::SyS12
Jerby-Arnon2021_Sarcoma,Sarcoma,SyS12,T_cell,T cell,Jerby-Arnon2021_Sarcoma::SyS12
Jerby-Arnon2021_Sarcoma,Sarcoma,SyS12,B_cell,B cell,Jerby-Arnon2021_Sarcoma::SyS12
Jerby-Arnon2021_Sarcoma,Sarcoma,SyS12,Macrophage,Macrophage,Jerby-Arnon2021_Sarcoma::SyS12
Jerby-Arnon2021_Sarcoma,Sarcoma,SyS12,Mast,Mast,Jerby-Arnon2021_Sarcoma::SyS12
Jerby-Arnon2021_Sarcoma,Sarcoma,SyS12,NK_cell,NK cell,Jerby-Arnon2021_Sarcoma::SyS12
Jerby-Arnon2021_Sarcoma,Sarcoma,SyS12pt,Malignant,Malignant,Jerby-Arnon2021_Sarcoma::SyS12pt
Jerby-Arnon2021_Sarcoma,Sarcoma,SyS12pt,Endothelial,Endothelial,Jerby-Arnon2021_Sarcoma::SyS12pt
Jerby-Arnon2021_Sarcoma,Sarcoma,SyS12pt,Macrophage,Macrophage,Jerby-Arnon2021_Sarcoma::SyS12pt
Jerby-Arnon2021_Sarcoma,Sarcoma,SyS12pt,T_cell,T cell,Jerby-Arnon2021_Sarcoma::SyS12pt
Jerby-Arnon2021_Sarcoma,Sarcoma,SyS12pt,Mast,Mast,Jerby-Arnon2021_Sarcoma::SyS12pt
Jerby-Arnon2021_Sarcoma,Sarcoma,SyS12pt,NK_cell,NK cell,Jerby-Arnon2021_Sarcoma::SyS12pt
Jerby-Arnon2021_Sarcoma,Sarcoma,SyS12pt,B_cell,B cell,Jerby-Arnon2021_Sarcoma::SyS12pt
Jerby-Arnon2021_Sarcoma,Sarcoma,SyS12pt,Fibroblast,Fibroblast,Jerby-Arnon2021_Sarcoma::SyS12pt
Jerby-Arnon2021_Sarcoma,Sarcoma,SyS13,Malignant,Malignant,Jerby-Arnon2021_Sarcoma::SyS13
Jerby-Arnon2021_Sarcoma,Sarcoma,SyS13,Fibroblast,Fibroblast,Jerby-Arnon2021_Sarcoma::SyS13
Jerby-Arnon2021_Sarcoma,Sarcoma,SyS13,Endothelial,Endothelial,Jerby-Arnon2021_Sarcoma::SyS13
Jerby-Arnon2021_Sarcoma,Sarcoma,SyS13,T_cell,T cell,Jerby-Arnon2021_Sarcoma::SyS13
Jerby-Arnon2021_Sarcoma,Sarcoma,SyS13,NK_cell,NK cell,Jerby-Arnon2021_Sarcoma::SyS13
Jerby-Arnon2021_Sarcoma,Sarcoma,SyS13,B_cell,B cell,Jerby-Arnon2021_Sarcoma::SyS13
Jerby-Arnon2021_Sarcoma,Sarcoma,SyS13,Macrophage,Macrophage,Jerby-Arnon2021_Sarcoma::SyS13
Jerby-Arnon2021_Sarcoma,Sarcoma,SyS14,Malignant,Malignant,Jerby-Arnon2021_Sarcoma::SyS14
Jerby-Arnon2021_Sarcoma,Sarcoma,SyS14,Fibroblast,Fibroblast,Jerby-Arnon2021_Sarcoma::SyS14
Jerby-Arnon2021_Sarcoma,Sarcoma,SyS14,T_cell,T cell,Jerby-Arnon2021_Sarcoma::SyS14
Jerby-Arnon2021_Sarcoma,Sarcoma,SyS14,Macrophage,Macrophage,Jerby-Arnon2021_Sarcoma::SyS14
Jerby-Arnon2021_Sarcoma,Sarcoma,SyS14,NK_cell,NK cell,Jerby-Arnon2021_Sarcoma::SyS14
Jerby-Arnon2021_Sarcoma,Sarcoma,SyS14,B_cell,B cell,Jerby-Arnon2021_Sarcoma::SyS14
Jerby-Arnon2021_Sarcoma,Sarcoma,SyS14,Mast,Mast,Jerby-Arnon2021_Sarcoma::SyS14
Jerby-Arnon2021_Sarcoma,Sarcoma,SyS16,Malignant,Malignant,Jerby-Arnon2021_Sarcoma::SyS16
Jerby-Arnon2021_Sarcoma,Sarcoma,SyS16,Fibroblast,Fibroblast,Jerby-Arnon2021_Sarcoma::SyS16
Jerby-Arnon2021_Sarcoma,Sarcoma,SyS16,Endothelial,Endothelial,Jerby-Arnon2021_Sarcoma::SyS16
Jerby-Arnon2021_Sarcoma,Sarcoma,SyS16,NK_cell,NK cell,Jerby-Arnon2021_Sarcoma::SyS16
Jerby-Arnon2021_Sarcoma,Sarcoma,SyS16,T_cell,T cell,Jerby-Arnon2021_Sarcoma::SyS16
Jerby-Arnon2021_Sarcoma,Sarcoma,SyS16,Macrophage,Macrophage,Jerby-Arnon2021_Sarcoma::SyS16
Jerby-Arnon2021_Sarcoma,Sarcoma,SyS16,B_cell,B cell,Jerby-Arnon2021_Sarcoma::SyS16
Jerby-Arnon2021_Sarcoma,Sarcoma,SyS1,Malignant,Malignant,Jerby-Arnon2021_Sarcoma::SyS1
Jerby-Arnon2021_Sarcoma,Sarcoma,SyS1,Fibroblast,Fibroblast,Jerby-Arnon2021_Sarcoma::SyS1
Jerby-Arnon2021_Sarcoma,Sarcoma,SyS1,Endothelial,Endothelial,Jerby-Arnon2021_Sarcoma::SyS1
Jerby-Arnon2021_Sarcoma,Sarcoma,SyS1,Macrophage,Macrophage,Jerby-Arnon2021_Sarcoma::SyS1
Jerby-Arnon2021_Sarcoma,Sarcoma,SyS1,Mast,Mast,Jerby-Arnon2021_Sarcoma::SyS1
Jerby-Arnon2021_Sarcoma,Sarcoma,SyS1,NK_cell,NK cell,Jerby-Arnon2021_Sarcoma::SyS1
Jerby-Arnon2021_Sarcoma,Sarcoma,SyS1,T_cell,T cell,Jerby-Arnon2021_Sarcoma::SyS1
Jerby-Arnon2021_Sarcoma,Sarcoma,SyS2,Mast,Mast,Jerby-Arnon2021_Sarcoma::SyS2
Jerby-Arnon2021_Sarcoma,Sarcoma,SyS2,Macrophage,Macrophage,Jerby-Arnon2021_Sarcoma::SyS2
Jerby-Arnon2021_Sarcoma,Sarcoma,SyS2,T_cell,T cell,Jerby-Arnon2021_Sarcoma::SyS2
Jerby-Arnon2021_Sarcoma,Sarcoma,SyS2,Malignant,Malignant,Jerby-Arnon2021_Sarcoma::SyS2
Jerby-Arnon2021_Sarcoma,Sarcoma,SyS2,Endothelial,Endothelial,Jerby-Arnon2021_Sarcoma::SyS2
Jerby-Arnon2021_Sarcoma,Sarcoma,SyS2,Fibroblast,Fibroblast,Jerby-Arnon2021_Sarcoma::SyS2
Jerby-Arnon2021_Sarcoma,Sarcoma,SyS2,B_cell,B cell,Jerby-Arnon2021_Sarcoma::SyS2
Jerby-Arnon2021_Sarcoma,Sarcoma,SyS5,T_cell,T cell,Jerby-Arnon2021_Sarcoma::SyS5
Jerby-Arnon2021_Sarcoma,Sarcoma,SyS5,Macrophage,Macrophage,Jerby-Arnon2021_Sarcoma::SyS5
Jerby-Arnon2021_Sarcoma,Sarcoma,SyS5,NK_cell,NK cell,Jerby-Arnon2021_Sarcoma::SyS5
Jerby-Arnon2021_Sarcoma,Sarcoma,SyS5,B_cell,B cell,Jerby-Arnon2021_Sarcoma::SyS5
Jerby-Arnon2021_Sarcoma,Sarcoma,SyS5,Malignant,Malignant,Jerby-Arnon2021_Sarcoma::SyS5
Jerby-Arnon2021_Sarcoma,Sarcoma,SyS7,T_cell,T cell,Jerby-Arnon2021_Sarcoma::SyS7
Jerby-Arnon2021_Sarcoma,Sarcoma,SyS7,NK_cell,NK cell,Jerby-Arnon2021_Sarcoma::SyS7
Jerby-Arnon2021_Sarcoma,Sarcoma,SyS7,B_cell,B cell,Jerby-Arnon2021_Sarcoma::SyS7
Jerby-Arnon2021_Sarcoma,Sarcoma,SyS7,Macrophage,Macrophage,Jerby-Arnon2021_Sarcoma::SyS7
Jerby-Arnon2021_Sarcoma,Sarcoma,SyS7,Malignant,Malignant,Jerby-Arnon2021_Sarcoma::SyS7
Jerby-Arnon2021_Sarcoma,Sarcoma,SyS7,Mast,Mast,Jerby-Arnon2021_Sarcoma::SyS7
Zhou2020_Sarcoma,Sarcoma,BC2,Osteoblast,Osteoblast,Zhou2020_Sarcoma::BC2
Zhou2020_Sarcoma,Sarcoma,BC2,Endothelial,Endothelial,Zhou2020_Sarcoma::BC2
Zhou2020_Sarcoma,Sarcoma,BC2,Osteoclast,Osteoclast,Zhou2020_Sarcoma::BC2
Zhou2020_Sarcoma,Sarcoma,BC2,Fibroblast,Fibroblast,Zhou2020_Sarcoma::BC2
Zhou2020_Sarcoma,Sarcoma,BC2,Pericyte,Pericyte,Zhou2020_Sarcoma::BC2
Zhou2020_Sarcoma,Sarcoma,BC2,Myeloid,Myeloid,Zhou2020_Sarcoma::BC2
Zhou2020_Sarcoma,Sarcoma,BC2,Osteoblast_proli,Osteoblast proli,Zhou2020_Sarcoma::BC2
Zhou2020_Sarcoma,Sarcoma,BC2,Chondrocyte,Chondrocyte,Zhou2020_Sarcoma::BC2
Zhou2020_Sarcoma,Sarcoma,BC2,T_cell,T cell,Zhou2020_Sarcoma::BC2
Zhou2020_Sarcoma,Sarcoma,BC2,MSC,MSC,Zhou2020_Sarcoma::BC2
Zhou2020_Sarcoma,Sarcoma,BC3,Osteoblast_proli,Osteoblast proli,Zhou2020_Sarcoma::BC3
Zhou2020_Sarcoma,Sarcoma,BC3,Osteoclast,Osteoclast,Zhou2020_Sarcoma::BC3
Zhou2020_Sarcoma,Sarcoma,BC3,Osteoblast,Osteoblast,Zhou2020_Sarcoma::BC3
Zhou2020_Sarcoma,Sarcoma,BC3,Fibroblast,Fibroblast,Zhou2020_Sarcoma::BC3
Zhou2020_Sarcoma,Sarcoma,BC3,Chondrocyte,Chondrocyte,Zhou2020_Sarcoma::BC3
Zhou2020_Sarcoma,Sarcoma,BC3,Endothelial,Endothelial,Zhou2020_Sarcoma::BC3
Zhou2020_Sarcoma,Sarcoma,BC3,Myeloid,Myeloid,Zhou2020_Sarcoma::BC3
Zhou2020_Sarcoma,Sarcoma,BC3,T_cell,T cell,Zhou2020_Sarcoma::BC3
Zhou2020_Sarcoma,Sarcoma,BC5,Endothelial,Endothelial,Zhou2020_Sarcoma::BC5
Zhou2020_Sarcoma,Sarcoma,BC5,MSC,MSC,Zhou2020_Sarcoma::BC5
Zhou2020_Sarcoma,Sarcoma,BC5,Fibroblast,Fibroblast,Zhou2020_Sarcoma::BC5
Zhou2020_Sarcoma,Sarcoma,BC5,Osteoclast,Osteoclast,Zhou2020_Sarcoma::BC5
Zhou2020_Sarcoma,Sarcoma,BC5,Osteoblast,Osteoblast,Zhou2020_Sarcoma::BC5
Zhou2020_Sarcoma,Sarcoma,BC5,Pericyte,Pericyte,Zhou2020_Sarcoma::BC5
Zhou2020_Sarcoma,Sarcoma,BC5,Osteoblast_proli,Osteoblast proli,Zhou2020_Sarcoma::BC5
Zhou2020_Sarcoma,Sarcoma,BC5,Myeloid,Myeloid,Zhou2020_Sarcoma::BC5
Zhou2020_Sarcoma,Sarcoma,BC5,Chondrocyte,Chondrocyte,Zhou2020_Sarcoma::BC5
Zhou2020_Sarcoma,Sarcoma,BC5,Myoblast,Myoblast,Zhou2020_Sarcoma::BC5
Zhou2020_Sarcoma,Sarcoma,BC5,T_cell,T cell,Zhou2020_Sarcoma::BC5
Zhou2020_Sarcoma,Sarcoma,BC6,Osteoclast,Osteoclast,Zhou2020_Sarcoma::BC6
Zhou2020_Sarcoma,Sarcoma,BC6,Myeloid,Myeloid,Zhou2020_Sarcoma::BC6
Zhou2020_Sarcoma,Sarcoma,BC6,Fibroblast,Fibroblast,Zhou2020_Sarcoma::BC6
Zhou2020_Sarcoma,Sarcoma,BC6,Osteoblast,Osteoblast,Zhou2020_Sarcoma::BC6
Zhou2020_Sarcoma,Sarcoma,BC6,Pericyte,Pericyte,Zhou2020_Sarcoma::BC6
Zhou2020_Sarcoma,Sarcoma,BC6,Chondrocyte,Chondrocyte,Zhou2020_Sarcoma::BC6
Zhou2020_Sarcoma,Sarcoma,BC6,Endothelial,Endothelial,Zhou2020_Sarcoma::BC6
Zhou2020_Sarcoma,Sarcoma,BC6,MSC,MSC,Zhou2020_Sarcoma::BC6
Zhou2020_Sarcoma,Sarcoma,BC6,Osteoblast_proli,Osteoblast proli,Zhou2020_Sarcoma::BC6
Zhou2020_Sarcoma,Sarcoma,BC6,T_cell,T cell,Zhou2020_Sarcoma::BC6
Zhou2020_Sarcoma,Sarcoma,BC10,Osteoblast,Osteoblast,Zhou2020_Sarcoma::BC10
Zhou2020_Sarcoma,Sarcoma,BC10,Osteoblast_proli,Osteoblast proli,Zhou2020_Sarcoma::BC10
Zhou2020_Sarcoma,Sarcoma,BC10,Chondrocyte,Chondrocyte,Zhou2020_Sarcoma::BC10
Zhou2020_Sarcoma,Sarcoma,BC10,Fibroblast,Fibroblast,Zhou2020_Sarcoma::BC10
Zhou2020_Sarcoma,Sarcoma,BC10,Osteoclast,Osteoclast,Zhou2020_Sarcoma::BC10
Zhou2020_Sarcoma,Sarcoma,BC10,Myeloid,Myeloid,Zhou2020_Sarcoma::BC10
Zhou2020_Sarcoma,Sarcoma,BC10,T_cell,T cell,Zhou2020_Sarcoma::BC10
Zhou2020_Sarcoma,Sarcoma,BC10,MSC,MSC,Zhou2020_Sarcoma::BC10
Zhou2020_Sarcoma,Sarcoma,BC10,Endothelial,Endothelial,Zhou2020_Sarcoma::BC10
Zhou2020_Sarcoma,Sarcoma,BC10,Pericyte,Pericyte,Zhou2020_Sarcoma::BC10
Zhou2020_Sarcoma,Sarcoma,BC11,Osteoblast,Osteoblast,Zhou2020_Sarcoma::BC11
Zhou2020_Sarcoma,Sarcoma,BC11,T_cell,T cell,Zhou2020_Sarcoma::BC11
Zhou2020_Sarcoma,Sarcoma,BC11,Fibroblast,Fibroblast,Zhou2020_Sarcoma::BC11
Zhou2020_Sarcoma,Sarcoma,BC11,Myeloid,Myeloid,Zhou2020_Sarcoma::BC11
Zhou2020_Sarcoma,Sarcoma,BC11,Osteoblast_proli,Osteoblast proli,Zhou2020_Sarcoma::BC11
Zhou2020_Sarcoma,Sarcoma,BC11,Chondrocyte,Chondrocyte,Zhou2020_Sarcoma::BC11
Zhou2020_Sarcoma,Sarcoma,BC11,MSC,MSC,Zhou2020_Sarcoma::BC11
Zhou2020_Sarcoma,Sarcoma,BC11,Osteoclast,Osteoclast,Zhou2020_Sarcoma::BC11
Zhou2020_Sarcoma,Sarcoma,BC11,Pericyte,Pericyte,Zhou2020_Sarcoma::BC11
Zhou2020_Sarcoma,Sarcoma,BC11,Endothelial,Endothelial,Zhou2020_Sarcoma::BC11
Zhou2020_Sarcoma,Sarcoma,BC16,Myeloid,Myeloid,Zhou2020_Sarcoma::BC16
Zhou2020_Sarcoma,Sarcoma,BC16,Osteoblast,Osteoblast,Zhou2020_Sarcoma::BC16
Zhou2020_Sarcoma,Sarcoma,BC16,Osteoblast_proli,Osteoblast proli,Zhou2020_Sarcoma::BC16
Zhou2020_Sarcoma,Sarcoma,BC16,Chondrocyte,Chondrocyte,Zhou2020_Sarcoma::BC16
Zhou2020_Sarcoma,Sarcoma,BC16,Pericyte,Pericyte,Zhou2020_Sarcoma::BC16
Zhou2020_Sarcoma,Sarcoma,BC16,Endothelial,Endothelial,Zhou2020_Sarcoma::BC16
Zhou2020_Sarcoma,Sarcoma,BC16,Osteoclast,Osteoclast,Zhou2020_Sarcoma::BC16
Zhou2020_Sarcoma,Sarcoma,BC16,T_cell,T cell,Zhou2020_Sarcoma::BC16
Zhou2020_Sarcoma,Sarcoma,BC16,Fibroblast,Fibroblast,Zhou2020_Sarcoma::BC16
Zhou2020_Sarcoma,Sarcoma,BC16,MSC,MSC,Zhou2020_Sarcoma::BC16
Zhou2020_Sarcoma,Sarcoma,BC17,Fibroblast,Fibroblast,Zhou2020_Sarcoma::BC17
Zhou2020_Sarcoma,Sarcoma,BC17,Osteoblast,Osteoblast,Zhou2020_Sarcoma::BC17
Zhou2020_Sarcoma,Sarcoma,BC17,Myeloid,Myeloid,Zhou2020_Sarcoma::BC17
Zhou2020_Sarcoma,Sarcoma,BC17,Myoblast,Myoblast,Zhou2020_Sarcoma::BC17
Zhou2020_Sarcoma,Sarcoma,BC17,Endothelial,Endothelial,Zhou2020_Sarcoma::BC17
Zhou2020_Sarcoma,Sarcoma,BC17,Osteoblast_proli,Osteoblast proli,Zhou2020_Sarcoma::BC17
Zhou2020_Sarcoma,Sarcoma,BC17,Pericyte,Pericyte,Zhou2020_Sarcoma::BC17
Zhou2020_Sarcoma,Sarcoma,BC17,T_cell,T cell,Zhou2020_Sarcoma::BC17
Zhou2020_Sarcoma,Sarcoma,BC17,Osteoclast,Osteoclast,Zhou2020_Sarcoma::BC17
Zhou2020_Sarcoma,Sarcoma,BC17,Chondrocyte,Chondrocyte,Zhou2020_Sarcoma::BC17
Zhou2020_Sarcoma,Sarcoma,BC17,MSC,MSC,Zhou2020_Sarcoma::BC17
Zhou2020_Sarcoma,Sarcoma,BC20,Chondrocyte,Chondrocyte,Zhou2020_Sarcoma::BC20
Zhou2020_Sarcoma,Sarcoma,BC20,MSC,MSC,Zhou2020_Sarcoma::BC20
Zhou2020_Sarcoma,Sarcoma,BC20,Pericyte,Pericyte,Zhou2020_Sarcoma::BC20
Zhou2020_Sarcoma,Sarcoma,BC20,T_cell,T cell,Zhou2020_Sarcoma::BC20
Zhou2020_Sarcoma,Sarcoma,BC20,Osteoclast,Osteoclast,Zhou2020_Sarcoma::BC20
Zhou2020_Sarcoma,Sarcoma,BC20,Myeloid,Myeloid,Zhou2020_Sarcoma::BC20
Zhou2020_Sarcoma,Sarcoma,BC20,Endothelial,Endothelial,Zhou2020_Sarcoma::BC20
Zhou2020_Sarcoma,Sarcoma,BC20,Osteoblast,Osteoblast,Zhou2020_Sarcoma::BC20
Zhou2020_Sarcoma,Sarcoma,BC20,Osteoblast_proli,Osteoblast proli,Zhou2020_Sarcoma::BC20
Zhou2020_Sarcoma,Sarcoma,BC20,Fibroblast,Fibroblast,Zhou2020_Sarcoma::BC20
Zhou2020_Sarcoma,Sarcoma,BC21,Fibroblast,Fibroblast,Zhou2020_Sarcoma::BC21
Zhou2020_Sarcoma,Sarcoma,BC21,Osteoclast,Osteoclast,Zhou2020_Sarcoma::BC21
Zhou2020_Sarcoma,Sarcoma,BC21,Osteoblast,Osteoblast,Zhou2020_Sarcoma::BC21
Zhou2020_Sarcoma,Sarcoma,BC21,T_cell,T cell,Zhou2020_Sarcoma::BC21
Zhou2020_Sarcoma,Sarcoma,BC21,Myeloid,Myeloid,Zhou2020_Sarcoma::BC21
Zhou2020_Sarcoma,Sarcoma,BC21,MSC,MSC,Zhou2020_Sarcoma::BC21
Zhou2020_Sarcoma,Sarcoma,BC21,Endothelial,Endothelial,Zhou2020_Sarcoma::BC21
Zhou2020_Sarcoma,Sarcoma,BC21,Pericyte,Pericyte,Zhou2020_Sarcoma::BC21
Zhou2020_Sarcoma,Sarcoma,BC21,Osteoblast_proli,Osteoblast proli,Zhou2020_Sarcoma::BC21
Zhou2020_Sarcoma,Sarcoma,BC21,Chondrocyte,Chondrocyte,Zhou2020_Sarcoma::BC21
Zhou2020_Sarcoma,Sarcoma,BC22,Osteoblast,Osteoblast,Zhou2020_Sarcoma::BC22
Zhou2020_Sarcoma,Sarcoma,BC22,Chondrocyte,Chondrocyte,Zhou2020_Sarcoma::BC22
Zhou2020_Sarcoma,Sarcoma,BC22,MSC,MSC,Zhou2020_Sarcoma::BC22
Zhou2020_Sarcoma,Sarcoma,BC22,Myeloid,Myeloid,Zhou2020_Sarcoma::BC22
Zhou2020_Sarcoma,Sarcoma,BC22,T_cell,T cell,Zhou2020_Sarcoma::BC22
Zhou2020_Sarcoma,Sarcoma,BC22,Fibroblast,Fibroblast,Zhou2020_Sarcoma::BC22
Zhou2020_Sarcoma,Sarcoma,BC22,Osteoblast_proli,Osteoblast proli,Zhou2020_Sarcoma::BC22
Zhou2020_Sarcoma,Sarcoma,BC22,Pericyte,Pericyte,Zhou2020_Sarcoma::BC22
Zhou2020_Sarcoma,Sarcoma,BC22,Osteoclast,Osteoclast,Zhou2020_Sarcoma::BC22
Zhou2020_Sarcoma,Sarcoma,BC22,Endothelial,Endothelial,Zhou2020_Sarcoma::BC22
Biermann2022_Skin,Skin,MBM01_sc,Plasma,Plasma,Biermann2022_Skin::MBM01_sc
Biermann2022_Skin,Skin,MBM01_sc,Malignant,Malignant,Biermann2022_Skin::MBM01_sc
Biermann2022_Skin,Skin,MBM01_sc,T_NK_cell,T NK cell,Biermann2022_Skin::MBM01_sc
Biermann2022_Skin,Skin,MBM01_sc,Myeloid,Myeloid,Biermann2022_Skin::MBM01_sc
Biermann2022_Skin,Skin,MBM01_sc,B_cell,B cell,Biermann2022_Skin::MBM01_sc
Biermann2022_Skin,Skin,MBM01_sc,Oligodendrocyte,Oligodendrocyte,Biermann2022_Skin::MBM01_sc
Biermann2022_Skin,Skin,MBM02_sc,Malignant,Malignant,Biermann2022_Skin::MBM02_sc
Biermann2022_Skin,Skin,MBM02_sc,Fibroblast,Fibroblast,Biermann2022_Skin::MBM02_sc
Biermann2022_Skin,Skin,MBM02_sc,Endothelial,Endothelial,Biermann2022_Skin::MBM02_sc
Biermann2022_Skin,Skin,MBM02_sc,Oligodendrocyte,Oligodendrocyte,Biermann2022_Skin::MBM02_sc
Biermann2022_Skin,Skin,MBM02_sc,Myeloid,Myeloid,Biermann2022_Skin::MBM02_sc
Biermann2022_Skin,Skin,MBM02_sc,Plasma,Plasma,Biermann2022_Skin::MBM02_sc
Biermann2022_Skin,Skin,MBM02_sc,T_NK_cell,T NK cell,Biermann2022_Skin::MBM02_sc
Biermann2022_Skin,Skin,MBM02_sc,B_cell,B cell,Biermann2022_Skin::MBM02_sc
Biermann2022_Skin,Skin,MBM03_sc,Malignant,Malignant,Biermann2022_Skin::MBM03_sc
Biermann2022_Skin,Skin,MBM03_sc,Fibroblast,Fibroblast,Biermann2022_Skin::MBM03_sc
Biermann2022_Skin,Skin,MBM03_sc,Oligodendrocyte,Oligodendrocyte,Biermann2022_Skin::MBM03_sc
Biermann2022_Skin,Skin,MBM03_sc,Endothelial,Endothelial,Biermann2022_Skin::MBM03_sc
Biermann2022_Skin,Skin,MBM03_sc,Myeloid,Myeloid,Biermann2022_Skin::MBM03_sc
Biermann2022_Skin,Skin,MBM03_sc,T_NK_cell,T NK cell,Biermann2022_Skin::MBM03_sc
Biermann2022_Skin,Skin,MBM03_sc,B_cell,B cell,Biermann2022_Skin::MBM03_sc
Biermann2022_Skin,Skin,MBM04_sc,Malignant,Malignant,Biermann2022_Skin::MBM04_sc
Biermann2022_Skin,Skin,MBM04_sc,Endothelial,Endothelial,Biermann2022_Skin::MBM04_sc
Biermann2022_Skin,Skin,MBM04_sc,Fibroblast,Fibroblast,Biermann2022_Skin::MBM04_sc
Biermann2022_Skin,Skin,MBM04_sc,Oligodendrocyte,Oligodendrocyte,Biermann2022_Skin::MBM04_sc
Biermann2022_Skin,Skin,MBM04_sc,T_NK_cell,T NK cell,Biermann2022_Skin::MBM04_sc
Biermann2022_Skin,Skin,MBM04_sc,Myeloid,Myeloid,Biermann2022_Skin::MBM04_sc
Biermann2022_Skin,Skin,MBM04_sc,Plasma,Plasma,Biermann2022_Skin::MBM04_sc
Biermann2022_Skin,Skin,MBM04_sc,B_cell,B cell,Biermann2022_Skin::MBM04_sc
Biermann2022_Skin,Skin,MBM05_sc,Malignant,Malignant,Biermann2022_Skin::MBM05_sc
Biermann2022_Skin,Skin,MBM05_sc,Fibroblast,Fibroblast,Biermann2022_Skin::MBM05_sc
Biermann2022_Skin,Skin,MBM05_sc,Endothelial,Endothelial,Biermann2022_Skin::MBM05_sc
Biermann2022_Skin,Skin,MBM05_sc,Oligodendrocyte,Oligodendrocyte,Biermann2022_Skin::MBM05_sc
Biermann2022_Skin,Skin,MBM05_sc,Myeloid,Myeloid,Biermann2022_Skin::MBM05_sc
Biermann2022_Skin,Skin,MBM05_sc,T_NK_cell,T NK cell,Biermann2022_Skin::MBM05_sc
Biermann2022_Skin,Skin,MBM05_sc,Plasma,Plasma,Biermann2022_Skin::MBM05_sc
Biermann2022_Skin,Skin,MBM05_sc,B_cell,B cell,Biermann2022_Skin::MBM05_sc
Biermann2022_Skin,Skin,MBM05_sn,Malignant,Malignant,Biermann2022_Skin::MBM05_sn
Biermann2022_Skin,Skin,MBM05_sn,Astrocyte,Astrocyte,Biermann2022_Skin::MBM05_sn
Biermann2022_Skin,Skin,MBM05_sn,Fibroblast,Fibroblast,Biermann2022_Skin::MBM05_sn
Biermann2022_Skin,Skin,MBM05_sn,Myeloid,Myeloid,Biermann2022_Skin::MBM05_sn
Biermann2022_Skin,Skin,MBM05_sn,Oligodendrocyte,Oligodendrocyte,Biermann2022_Skin::MBM05_sn
Biermann2022_Skin,Skin,MBM05_sn,Neuron,Neuron,Biermann2022_Skin::MBM05_sn
Biermann2022_Skin,Skin,MBM05_sn,Endothelial,Endothelial,Biermann2022_Skin::MBM05_sn
Biermann2022_Skin,Skin,MBM05_sn,Pericyte,Pericyte,Biermann2022_Skin::MBM05_sn
Biermann2022_Skin,Skin,MBM05_sn,Plasma,Plasma,Biermann2022_Skin::MBM05_sn
Biermann2022_Skin,Skin,MBM05_sn,T_NK_cell,T NK cell,Biermann2022_Skin::MBM05_sn
Biermann2022_Skin,Skin,MBM05_sn,B_cell,B cell,Biermann2022_Skin::MBM05_sn
Biermann2022_Skin,Skin,MBM06_sn,Malignant,Malignant,Biermann2022_Skin::MBM06_sn
Biermann2022_Skin,Skin,MBM06_sn,Endothelial,Endothelial,Biermann2022_Skin::MBM06_sn
Biermann2022_Skin,Skin,MBM06_sn,Astrocyte,Astrocyte,Biermann2022_Skin::MBM06_sn
Biermann2022_Skin,Skin,MBM06_sn,Pericyte,Pericyte,Biermann2022_Skin::MBM06_sn
Biermann2022_Skin,Skin,MBM06_sn,Myeloid,Myeloid,Biermann2022_Skin::MBM06_sn
Biermann2022_Skin,Skin,MBM06_sn,Neuron,Neuron,Biermann2022_Skin::MBM06_sn
Biermann2022_Skin,Skin,MBM06_sn,Fibroblast,Fibroblast,Biermann2022_Skin::MBM06_sn
Biermann2022_Skin,Skin,MBM06_sn,Plasma,Plasma,Biermann2022_Skin::MBM06_sn
Biermann2022_Skin,Skin,MBM06_sn,T_NK_cell,T NK cell,Biermann2022_Skin::MBM06_sn
Biermann2022_Skin,Skin,MBM06_sn,Oligodendrocyte,Oligodendrocyte,Biermann2022_Skin::MBM06_sn
Biermann2022_Skin,Skin,MBM06_sn,B_cell,B cell,Biermann2022_Skin::MBM06_sn
Biermann2022_Skin,Skin,MBM07_sn,Malignant,Malignant,Biermann2022_Skin::MBM07_sn
Biermann2022_Skin,Skin,MBM07_sn,Pericyte,Pericyte,Biermann2022_Skin::MBM07_sn
Biermann2022_Skin,Skin,MBM07_sn,Fibroblast,Fibroblast,Biermann2022_Skin::MBM07_sn
Biermann2022_Skin,Skin,MBM07_sn,Plasma,Plasma,Biermann2022_Skin::MBM07_sn
Biermann2022_Skin,Skin,MBM07_sn,B_cell,B cell,Biermann2022_Skin::MBM07_sn
Biermann2022_Skin,Skin,MBM08_sn,Malignant,Malignant,Biermann2022_Skin::MBM08_sn
Biermann2022_Skin,Skin,MBM08_sn,Astrocyte,Astrocyte,Biermann2022_Skin::MBM08_sn
Biermann2022_Skin,Skin,MBM08_sn,Endothelial,Endothelial,Biermann2022_Skin::MBM08_sn
Biermann2022_Skin,Skin,MBM08_sn,Neuron,Neuron,Biermann2022_Skin::MBM08_sn
Biermann2022_Skin,Skin,MBM08_sn,Myeloid,Myeloid,Biermann2022_Skin::MBM08_sn
Biermann2022_Skin,Skin,MBM08_sn,Oligodendrocyte,Oligodendrocyte,Biermann2022_Skin::MBM08_sn
Biermann2022_Skin,Skin,MBM08_sn,Fibroblast,Fibroblast,Biermann2022_Skin::MBM08_sn
Biermann2022_Skin,Skin,MBM08_sn,Pericyte,Pericyte,Biermann2022_Skin::MBM08_sn
Biermann2022_Skin,Skin,MBM08_sn,T_NK_cell,T NK cell,Biermann2022_Skin::MBM08_sn
Biermann2022_Skin,Skin,MBM08_sn,Plasma,Plasma,Biermann2022_Skin::MBM08_sn
Biermann2022_Skin,Skin,MBM08_sn,B_cell,B cell,Biermann2022_Skin::MBM08_sn
Biermann2022_Skin,Skin,MBM09_sn,Malignant,Malignant,Biermann2022_Skin::MBM09_sn
Biermann2022_Skin,Skin,MBM09_sn,Fibroblast,Fibroblast,Biermann2022_Skin::MBM09_sn
Biermann2022_Skin,Skin,MBM09_sn,Endothelial,Endothelial,Biermann2022_Skin::MBM09_sn
Biermann2022_Skin,Skin,MBM09_sn,Pericyte,Pericyte,Biermann2022_Skin::MBM09_sn
Biermann2022_Skin,Skin,MBM09_sn,B_cell,B cell,Biermann2022_Skin::MBM09_sn
Biermann2022_Skin,Skin,MBM09_sn,Myeloid,Myeloid,Biermann2022_Skin::MBM09_sn
Biermann2022_Skin,Skin,MBM09_sn,Plasma,Plasma,Biermann2022_Skin::MBM09_sn
Biermann2022_Skin,Skin,MBM09_sn,Astrocyte,Astrocyte,Biermann2022_Skin::MBM09_sn
Biermann2022_Skin,Skin,MBM09_sn,T_NK_cell,T NK cell,Biermann2022_Skin::MBM09_sn
Biermann2022_Skin,Skin,MBM09_sn,Neuron,Neuron,Biermann2022_Skin::MBM09_sn
Biermann2022_Skin,Skin,MBM09_sn,Oligodendrocyte,Oligodendrocyte,Biermann2022_Skin::MBM09_sn
Biermann2022_Skin,Skin,MBM10_sn,Endothelial,Endothelial,Biermann2022_Skin::MBM10_sn
Biermann2022_Skin,Skin,MBM10_sn,Astrocyte,Astrocyte,Biermann2022_Skin::MBM10_sn
Biermann2022_Skin,Skin,MBM10_sn,Oligodendrocyte,Oligodendrocyte,Biermann2022_Skin::MBM10_sn
Biermann2022_Skin,Skin,MBM10_sn,Fibroblast,Fibroblast,Biermann2022_Skin::MBM10_sn
Biermann2022_Skin,Skin,MBM10_sn,Myeloid,Myeloid,Biermann2022_Skin::MBM10_sn
Biermann2022_Skin,Skin,MBM10_sn,Neuron,Neuron,Biermann2022_Skin::MBM10_sn
Biermann2022_Skin,Skin,MBM10_sn,Pericyte,Pericyte,Biermann2022_Skin::MBM10_sn
Biermann2022_Skin,Skin,MBM10_sn,Plasma,Plasma,Biermann2022_Skin::MBM10_sn
Biermann2022_Skin,Skin,MBM10_sn,B_cell,B cell,Biermann2022_Skin::MBM10_sn
Biermann2022_Skin,Skin,MBM11_sn,Malignant,Malignant,Biermann2022_Skin::MBM11_sn
Biermann2022_Skin,Skin,MBM11_sn,Neuron,Neuron,Biermann2022_Skin::MBM11_sn
Biermann2022_Skin,Skin,MBM11_sn,Plasma,Plasma,Biermann2022_Skin::MBM11_sn
Biermann2022_Skin,Skin,MBM11_sn,Endothelial,Endothelial,Biermann2022_Skin::MBM11_sn
Biermann2022_Skin,Skin,MBM11_sn,Astrocyte,Astrocyte,Biermann2022_Skin::MBM11_sn
Biermann2022_Skin,Skin,MBM11_sn,Fibroblast,Fibroblast,Biermann2022_Skin::MBM11_sn
Biermann2022_Skin,Skin,MBM11_sn,Oligodendrocyte,Oligodendrocyte,Biermann2022_Skin::MBM11_sn
Biermann2022_Skin,Skin,MBM11_sn,Myeloid,Myeloid,Biermann2022_Skin::MBM11_sn
Biermann2022_Skin,Skin,MBM11_sn,Pericyte,Pericyte,Biermann2022_Skin::MBM11_sn
Biermann2022_Skin,Skin,MBM11_sn,T_NK_cell,T NK cell,Biermann2022_Skin::MBM11_sn
Biermann2022_Skin,Skin,MBM11_sn,B_cell,B cell,Biermann2022_Skin::MBM11_sn
Biermann2022_Skin,Skin,MBM12_sn,Malignant,Malignant,Biermann2022_Skin::MBM12_sn
Biermann2022_Skin,Skin,MBM12_sn,Pericyte,Pericyte,Biermann2022_Skin::MBM12_sn
Biermann2022_Skin,Skin,MBM12_sn,Astrocyte,Astrocyte,Biermann2022_Skin::MBM12_sn
Biermann2022_Skin,Skin,MBM12_sn,Fibroblast,Fibroblast,Biermann2022_Skin::MBM12_sn
Biermann2022_Skin,Skin,MBM12_sn,Endothelial,Endothelial,Biermann2022_Skin::MBM12_sn
Biermann2022_Skin,Skin,MBM12_sn,Oligodendrocyte,Oligodendrocyte,Biermann2022_Skin::MBM12_sn
Biermann2022_Skin,Skin,MBM12_sn,Neuron,Neuron,Biermann2022_Skin::MBM12_sn
Biermann2022_Skin,Skin,MBM13_sn,Malignant,Malignant,Biermann2022_Skin::MBM13_sn
Biermann2022_Skin,Skin,MBM13_sn,Astrocyte,Astrocyte,Biermann2022_Skin::MBM13_sn
Biermann2022_Skin,Skin,MBM13_sn,Endothelial,Endothelial,Biermann2022_Skin::MBM13_sn
Biermann2022_Skin,Skin,MBM13_sn,Pericyte,Pericyte,Biermann2022_Skin::MBM13_sn
Biermann2022_Skin,Skin,MBM13_sn,Oligodendrocyte,Oligodendrocyte,Biermann2022_Skin::MBM13_sn
Biermann2022_Skin,Skin,MBM13_sn,Neuron,Neuron,Biermann2022_Skin::MBM13_sn
Biermann2022_Skin,Skin,MBM13_sn,Fibroblast,Fibroblast,Biermann2022_Skin::MBM13_sn
Biermann2022_Skin,Skin,MBM14_sn,Malignant,Malignant,Biermann2022_Skin::MBM14_sn
Biermann2022_Skin,Skin,MBM14_sn,Myeloid,Myeloid,Biermann2022_Skin::MBM14_sn
Biermann2022_Skin,Skin,MBM14_sn,Fibroblast,Fibroblast,Biermann2022_Skin::MBM14_sn
Biermann2022_Skin,Skin,MBM14_sn,Oligodendrocyte,Oligodendrocyte,Biermann2022_Skin::MBM14_sn
Biermann2022_Skin,Skin,MBM14_sn,Endothelial,Endothelial,Biermann2022_Skin::MBM14_sn
Biermann2022_Skin,Skin,MBM14_sn,Pericyte,Pericyte,Biermann2022_Skin::MBM14_sn
Biermann2022_Skin,Skin,MBM14_sn,T_NK_cell,T NK cell,Biermann2022_Skin::MBM14_sn
Biermann2022_Skin,Skin,MBM14_sn,Plasma,Plasma,Biermann2022_Skin::MBM14_sn
Biermann2022_Skin,Skin,MBM14_sn,Neuron,Neuron,Biermann2022_Skin::MBM14_sn
Biermann2022_Skin,Skin,MBM14_sn,B_cell,B cell,Biermann2022_Skin::MBM14_sn
Biermann2022_Skin,Skin,MBM15_sn,Malignant,Malignant,Biermann2022_Skin::MBM15_sn
Biermann2022_Skin,Skin,MBM15_sn,Oligodendrocyte,Oligodendrocyte,Biermann2022_Skin::MBM15_sn
Biermann2022_Skin,Skin,MBM15_sn,Astrocyte,Astrocyte,Biermann2022_Skin::MBM15_sn
Biermann2022_Skin,Skin,MBM15_sn,Neuron,Neuron,Biermann2022_Skin::MBM15_sn
Biermann2022_Skin,Skin,MBM15_sn,Fibroblast,Fibroblast,Biermann2022_Skin::MBM15_sn
Biermann2022_Skin,Skin,MBM15_sn,Pericyte,Pericyte,Biermann2022_Skin::MBM15_sn
Biermann2022_Skin,Skin,MBM15_sn,Endothelial,Endothelial,Biermann2022_Skin::MBM15_sn
Biermann2022_Skin,Skin,MBM15_sn,Myeloid,Myeloid,Biermann2022_Skin::MBM15_sn
Biermann2022_Skin,Skin,MBM15_sn,T_NK_cell,T NK cell,Biermann2022_Skin::MBM15_sn
Biermann2022_Skin,Skin,MBM15_sn,B_cell,B cell,Biermann2022_Skin::MBM15_sn
Biermann2022_Skin,Skin,MBM15_sn,Plasma,Plasma,Biermann2022_Skin::MBM15_sn
Biermann2022_Skin,Skin,MBM16_sn,Malignant,Malignant,Biermann2022_Skin::MBM16_sn
Biermann2022_Skin,Skin,MBM16_sn,Endothelial,Endothelial,Biermann2022_Skin::MBM16_sn
Biermann2022_Skin,Skin,MBM16_sn,Pericyte,Pericyte,Biermann2022_Skin::MBM16_sn
Biermann2022_Skin,Skin,MBM16_sn,Fibroblast,Fibroblast,Biermann2022_Skin::MBM16_sn
Biermann2022_Skin,Skin,MBM16_sn,B_cell,B cell,Biermann2022_Skin::MBM16_sn
Biermann2022_Skin,Skin,MBM16_sn,Oligodendrocyte,Oligodendrocyte,Biermann2022_Skin::MBM16_sn
Biermann2022_Skin,Skin,MBM17_sn,Malignant,Malignant,Biermann2022_Skin::MBM17_sn
Biermann2022_Skin,Skin,MBM17_sn,Myeloid,Myeloid,Biermann2022_Skin::MBM17_sn
Biermann2022_Skin,Skin,MBM17_sn,T_NK_cell,T NK cell,Biermann2022_Skin::MBM17_sn
Biermann2022_Skin,Skin,MBM17_sn,B_cell,B cell,Biermann2022_Skin::MBM17_sn
Biermann2022_Skin,Skin,MBM18_sn,Malignant,Malignant,Biermann2022_Skin::MBM18_sn
Biermann2022_Skin,Skin,MBM18_sn,Fibroblast,Fibroblast,Biermann2022_Skin::MBM18_sn
Biermann2022_Skin,Skin,MBM18_sn,Endothelial,Endothelial,Biermann2022_Skin::MBM18_sn
Biermann2022_Skin,Skin,MBM18_sn,T_NK_cell,T NK cell,Biermann2022_Skin::MBM18_sn
Biermann2022_Skin,Skin,MBM18_sn,Pericyte,Pericyte,Biermann2022_Skin::MBM18_sn
Biermann2022_Skin,Skin,MBM18_sn,Plasma,Plasma,Biermann2022_Skin::MBM18_sn
Biermann2022_Skin,Skin,MBM18_sn,B_cell,B cell,Biermann2022_Skin::MBM18_sn
Biermann2022_Skin,Skin,MBM19_sn,Malignant,Malignant,Biermann2022_Skin::MBM19_sn
Biermann2022_Skin,Skin,MBM19_sn,Neuron,Neuron,Biermann2022_Skin::MBM19_sn
Biermann2022_Skin,Skin,MBM19_sn,Astrocyte,Astrocyte,Biermann2022_Skin::MBM19_sn
Biermann2022_Skin,Skin,MBM19_sn,Oligodendrocyte,Oligodendrocyte,Biermann2022_Skin::MBM19_sn
Biermann2022_Skin,Skin,MBM19_sn,Endothelial,Endothelial,Biermann2022_Skin::MBM19_sn
Biermann2022_Skin,Skin,MBM19_sn,B_cell,B cell,Biermann2022_Skin::MBM19_sn
Biermann2022_Skin,Skin,MBM19_sn,Fibroblast,Fibroblast,Biermann2022_Skin::MBM19_sn
Biermann2022_Skin,Skin,MBM19_sn,Pericyte,Pericyte,Biermann2022_Skin::MBM19_sn
Biermann2022_Skin,Skin,MBM19_sn,Plasma,Plasma,Biermann2022_Skin::MBM19_sn
Biermann2022_Skin,Skin,MBM20_sn,Pericyte,Pericyte,Biermann2022_Skin::MBM20_sn
Biermann2022_Skin,Skin,MBM20_sn,Malignant,Malignant,Biermann2022_Skin::MBM20_sn
Biermann2022_Skin,Skin,MBM20_sn,Fibroblast,Fibroblast,Biermann2022_Skin::MBM20_sn
Biermann2022_Skin,Skin,MBM20_sn,Endothelial,Endothelial,Biermann2022_Skin::MBM20_sn
Biermann2022_Skin,Skin,MBM20_sn,Astrocyte,Astrocyte,Biermann2022_Skin::MBM20_sn
Biermann2022_Skin,Skin,MBM20_sn,Myeloid,Myeloid,Biermann2022_Skin::MBM20_sn
Biermann2022_Skin,Skin,MBM20_sn,Neuron,Neuron,Biermann2022_Skin::MBM20_sn
Biermann2022_Skin,Skin,MBM20_sn,T_NK_cell,T NK cell,Biermann2022_Skin::MBM20_sn
Biermann2022_Skin,Skin,MBM20_sn,Plasma,Plasma,Biermann2022_Skin::MBM20_sn
Biermann2022_Skin,Skin,MBM20_sn,B_cell,B cell,Biermann2022_Skin::MBM20_sn
Biermann2022_Skin,Skin,MBM21_sn,Myeloid,Myeloid,Biermann2022_Skin::MBM21_sn
Biermann2022_Skin,Skin,MBM21_sn,Oligodendrocyte,Oligodendrocyte,Biermann2022_Skin::MBM21_sn
Biermann2022_Skin,Skin,MBM21_sn,Neuron,Neuron,Biermann2022_Skin::MBM21_sn
Biermann2022_Skin,Skin,MBM21_sn,B_cell,B cell,Biermann2022_Skin::MBM21_sn
Biermann2022_Skin,Skin,MBM21_sn,T_NK_cell,T NK cell,Biermann2022_Skin::MBM21_sn
Biermann2022_Skin,Skin,MBM21_sn,Plasma,Plasma,Biermann2022_Skin::MBM21_sn
Biermann2022_Skin,Skin,MBM21_sn,Pericyte,Pericyte,Biermann2022_Skin::MBM21_sn
Biermann2022_Skin,Skin,MBM21_sn,Fibroblast,Fibroblast,Biermann2022_Skin::MBM21_sn
Biermann2022_Skin,Skin,MBM21_sn,Endothelial,Endothelial,Biermann2022_Skin::MBM21_sn
Biermann2022_Skin,Skin,MBM21_sn,Astrocyte,Astrocyte,Biermann2022_Skin::MBM21_sn
Biermann2022_Skin,Skin,MPM01_sn,Malignant,Malignant,Biermann2022_Skin::MPM01_sn
Biermann2022_Skin,Skin,MPM01_sn,Pericyte,Pericyte,Biermann2022_Skin::MPM01_sn
Biermann2022_Skin,Skin,MPM01_sn,Myeloid,Myeloid,Biermann2022_Skin::MPM01_sn
Biermann2022_Skin,Skin,MPM01_sn,Fibroblast,Fibroblast,Biermann2022_Skin::MPM01_sn
Biermann2022_Skin,Skin,MPM01_sn,Endothelial,Endothelial,Biermann2022_Skin::MPM01_sn
Biermann2022_Skin,Skin,MPM01_sn,Plasma,Plasma,Biermann2022_Skin::MPM01_sn
Biermann2022_Skin,Skin,MPM01_sn,T_NK_cell,T NK cell,Biermann2022_Skin::MPM01_sn
Biermann2022_Skin,Skin,MPM01_sn,B_cell,B cell,Biermann2022_Skin::MPM01_sn
Biermann2022_Skin,Skin,MPM02_sn,Malignant,Malignant,Biermann2022_Skin::MPM02_sn
Biermann2022_Skin,Skin,MPM02_sn,Fibroblast,Fibroblast,Biermann2022_Skin::MPM02_sn
Biermann2022_Skin,Skin,MPM02_sn,Epithelial,Epithelial,Biermann2022_Skin::MPM02_sn
Biermann2022_Skin,Skin,MPM02_sn,Pericyte,Pericyte,Biermann2022_Skin::MPM02_sn
Biermann2022_Skin,Skin,MPM02_sn,Endothelial,Endothelial,Biermann2022_Skin::MPM02_sn
Biermann2022_Skin,Skin,MPM02_sn,Myeloid,Myeloid,Biermann2022_Skin::MPM02_sn
Biermann2022_Skin,Skin,MPM02_sn,T_NK_cell,T NK cell,Biermann2022_Skin::MPM02_sn
Biermann2022_Skin,Skin,MPM04_sn,Malignant,Malignant,Biermann2022_Skin::MPM04_sn
Biermann2022_Skin,Skin,MPM04_sn,Endothelial,Endothelial,Biermann2022_Skin::MPM04_sn
Biermann2022_Skin,Skin,MPM04_sn,Fibroblast,Fibroblast,Biermann2022_Skin::MPM04_sn
Biermann2022_Skin,Skin,MPM04_sn,Pericyte,Pericyte,Biermann2022_Skin::MPM04_sn
Biermann2022_Skin,Skin,MPM04_sn,Myeloid,Myeloid,Biermann2022_Skin::MPM04_sn
Biermann2022_Skin,Skin,MPM05_sn,Malignant,Malignant,Biermann2022_Skin::MPM05_sn
Biermann2022_Skin,Skin,MPM05_sn,Fibroblast,Fibroblast,Biermann2022_Skin::MPM05_sn
Biermann2022_Skin,Skin,MPM05_sn,Myeloid,Myeloid,Biermann2022_Skin::MPM05_sn
Biermann2022_Skin,Skin,MPM05_sn,Pericyte,Pericyte,Biermann2022_Skin::MPM05_sn
Biermann2022_Skin,Skin,MPM05_sn,Epithelial,Epithelial,Biermann2022_Skin::MPM05_sn
Biermann2022_Skin,Skin,MPM05_sn,B_cell,B cell,Biermann2022_Skin::MPM05_sn
Biermann2022_Skin,Skin,MPM05_sn,Endothelial,Endothelial,Biermann2022_Skin::MPM05_sn
Biermann2022_Skin,Skin,MPM06_sn,Malignant,Malignant,Biermann2022_Skin::MPM06_sn
Biermann2022_Skin,Skin,MPM06_sn,Fibroblast,Fibroblast,Biermann2022_Skin::MPM06_sn
Biermann2022_Skin,Skin,MPM06_sn,Myeloid,Myeloid,Biermann2022_Skin::MPM06_sn
Biermann2022_Skin,Skin,MPM06_sn,Pericyte,Pericyte,Biermann2022_Skin::MPM06_sn
Biermann2022_Skin,Skin,MPM06_sn,T_NK_cell,T NK cell,Biermann2022_Skin::MPM06_sn
Biermann2022_Skin,Skin,MPM06_sn,Endothelial,Endothelial,Biermann2022_Skin::MPM06_sn
Biermann2022_Skin,Skin,MPM06_sn,Plasma,Plasma,Biermann2022_Skin::MPM06_sn
Biermann2022_Skin,Skin,MPM06_sn,B_cell,B cell,Biermann2022_Skin::MPM06_sn
Biermann2022_Skin,Skin,MPM07_sn,Malignant,Malignant,Biermann2022_Skin::MPM07_sn
Biermann2022_Skin,Skin,MPM07_sn,Fibroblast,Fibroblast,Biermann2022_Skin::MPM07_sn
Biermann2022_Skin,Skin,MPM07_sn,Endothelial,Endothelial,Biermann2022_Skin::MPM07_sn
Biermann2022_Skin,Skin,MPM07_sn,Myeloid,Myeloid,Biermann2022_Skin::MPM07_sn
Biermann2022_Skin,Skin,MPM07_sn,Plasma,Plasma,Biermann2022_Skin::MPM07_sn
Biermann2022_Skin,Skin,MPM07_sn,Pericyte,Pericyte,Biermann2022_Skin::MPM07_sn
Biermann2022_Skin,Skin,MPM07_sn,Epithelial,Epithelial,Biermann2022_Skin::MPM07_sn
Biermann2022_Skin,Skin,MPM07_sn,T_NK_cell,T NK cell,Biermann2022_Skin::MPM07_sn
Biermann2022_Skin,Skin,MPM07_sn,B_cell,B cell,Biermann2022_Skin::MPM07_sn
Biermann2022_Skin,Skin,MPM08_sn,Malignant,Malignant,Biermann2022_Skin::MPM08_sn
Biermann2022_Skin,Skin,MPM08_sn,Endothelial,Endothelial,Biermann2022_Skin::MPM08_sn
Biermann2022_Skin,Skin,MPM08_sn,Fibroblast,Fibroblast,Biermann2022_Skin::MPM08_sn
Biermann2022_Skin,Skin,MPM08_sn,Pericyte,Pericyte,Biermann2022_Skin::MPM08_sn
Biermann2022_Skin,Skin,MPM08_sn,Myeloid,Myeloid,Biermann2022_Skin::MPM08_sn
Biermann2022_Skin,Skin,MPM08_sn,Epithelial,Epithelial,Biermann2022_Skin::MPM08_sn
Biermann2022_Skin,Skin,MPM08_sn,T_NK_cell,T NK cell,Biermann2022_Skin::MPM08_sn
Biermann2022_Skin,Skin,MPM08_sn,B_cell,B cell,Biermann2022_Skin::MPM08_sn
Biermann2022_Skin,Skin,MPM08_sn,Plasma,Plasma,Biermann2022_Skin::MPM08_sn
Biermann2022_Skin,Skin,MPM09_sn,Malignant,Malignant,Biermann2022_Skin::MPM09_sn
Biermann2022_Skin,Skin,MPM09_sn,Pericyte,Pericyte,Biermann2022_Skin::MPM09_sn
Biermann2022_Skin,Skin,MPM09_sn,Fibroblast,Fibroblast,Biermann2022_Skin::MPM09_sn
Biermann2022_Skin,Skin,MPM09_sn,Myeloid,Myeloid,Biermann2022_Skin::MPM09_sn
Biermann2022_Skin,Skin,MPM09_sn,T_NK_cell,T NK cell,Biermann2022_Skin::MPM09_sn
Biermann2022_Skin,Skin,MPM09_sn,Endothelial,Endothelial,Biermann2022_Skin::MPM09_sn
Biermann2022_Skin,Skin,MPM09_sn,B_cell,B cell,Biermann2022_Skin::MPM09_sn
Biermann2022_Skin,Skin,MPM09_sn,Plasma,Plasma,Biermann2022_Skin::MPM09_sn
Biermann2022_Skin,Skin,MPM10_sn,Malignant,Malignant,Biermann2022_Skin::MPM10_sn
Biermann2022_Skin,Skin,MPM10_sn,Myeloid,Myeloid,Biermann2022_Skin::MPM10_sn
Biermann2022_Skin,Skin,MPM10_sn,Endothelial,Endothelial,Biermann2022_Skin::MPM10_sn
Biermann2022_Skin,Skin,MPM10_sn,Fibroblast,Fibroblast,Biermann2022_Skin::MPM10_sn
Biermann2022_Skin,Skin,MPM10_sn,Pericyte,Pericyte,Biermann2022_Skin::MPM10_sn
Biermann2022_Skin,Skin,MPM10_sn,T_NK_cell,T NK cell,Biermann2022_Skin::MPM10_sn
Biermann2022_Skin,Skin,MPM10_sn,Plasma,Plasma,Biermann2022_Skin::MPM10_sn
Biermann2022_Skin,Skin,MPM10_sn,B_cell,B cell,Biermann2022_Skin::MPM10_sn
Biermann2022_Skin,Skin,MPM11_sn,Malignant,Malignant,Biermann2022_Skin::MPM11_sn
Biermann2022_Skin,Skin,MPM11_sn,Myeloid,Myeloid,Biermann2022_Skin::MPM11_sn
Biermann2022_Skin,Skin,MPM11_sn,Fibroblast,Fibroblast,Biermann2022_Skin::MPM11_sn
Biermann2022_Skin,Skin,MPM11_sn,T_NK_cell,T NK cell,Biermann2022_Skin::MPM11_sn
Biermann2022_Skin,Skin,MPM11_sn,Endothelial,Endothelial,Biermann2022_Skin::MPM11_sn
Biermann2022_Skin,Skin,MPM11_sn,Pericyte,Pericyte,Biermann2022_Skin::MPM11_sn
Biermann2022_Skin,Skin,MPM11_sn,Plasma,Plasma,Biermann2022_Skin::MPM11_sn
Biermann2022_Skin,Skin,MPM11_sn,B_cell,B cell,Biermann2022_Skin::MPM11_sn
Ferrari de Andrade2019_Skin,Skin,CY155_blood,NK_cell,NK cell,Ferrari de Andrade2019_Skin::CY155_blood
Ferrari de Andrade2019_Skin,Skin,CY155_blood,Macrophage,Macrophage,Ferrari de Andrade2019_Skin::CY155_blood
Ferrari de Andrade2019_Skin,Skin,CY155_tumor,NK_cell,NK cell,Ferrari de Andrade2019_Skin::CY155_tumor
Ferrari de Andrade2019_Skin,Skin,CY155_tumor,B_cell,B cell,Ferrari de Andrade2019_Skin::CY155_tumor
Ferrari de Andrade2019_Skin,Skin,CY155_tumor,Macrophage,Macrophage,Ferrari de Andrade2019_Skin::CY155_tumor
Ferrari de Andrade2019_Skin,Skin,CY158_blood,NK_cell,NK cell,Ferrari de Andrade2019_Skin::CY158_blood
Ferrari de Andrade2019_Skin,Skin,CY158_blood,Macrophage,Macrophage,Ferrari de Andrade2019_Skin::CY158_blood
Ferrari de Andrade2019_Skin,Skin,CY158_Tumor,NK_cell,NK cell,Ferrari de Andrade2019_Skin::CY158_Tumor
Ferrari de Andrade2019_Skin,Skin,CY158_Tumor,B_cell,B cell,Ferrari de Andrade2019_Skin::CY158_Tumor
Ferrari de Andrade2019_Skin,Skin,CY158_Tumor,Macrophage,Macrophage,Ferrari de Andrade2019_Skin::CY158_Tumor
Ferrari de Andrade2019_Skin,Skin,CY160_blood,NK_cell,NK cell,Ferrari de Andrade2019_Skin::CY160_blood
Ferrari de Andrade2019_Skin,Skin,CY160_blood,Macrophage,Macrophage,Ferrari de Andrade2019_Skin::CY160_blood
Ferrari de Andrade2019_Skin,Skin,CY160_blood,B_cell,B cell,Ferrari de Andrade2019_Skin::CY160_blood
Ferrari de Andrade2019_Skin,Skin,CY160_tumor,NK_cell,NK cell,Ferrari de Andrade2019_Skin::CY160_tumor
Ferrari de Andrade2019_Skin,Skin,CY160_tumor,B_cell,B cell,Ferrari de Andrade2019_Skin::CY160_tumor
Ferrari de Andrade2019_Skin,Skin,CY160_tumor,Macrophage,Macrophage,Ferrari de Andrade2019_Skin::CY160_tumor
Ferrari de Andrade2019_Skin,Skin,CY164-Blood,NK_cell,NK cell,Ferrari de Andrade2019_Skin::CY164-Blood
Ferrari de Andrade2019_Skin,Skin,CY164-Blood,Macrophage,Macrophage,Ferrari de Andrade2019_Skin::CY164-Blood
Ferrari de Andrade2019_Skin,Skin,CY164-Tumor,NK_cell,NK cell,Ferrari de Andrade2019_Skin::CY164-Tumor
Ferrari de Andrade2019_Skin,Skin,CY164-Tumor,B_cell,B cell,Ferrari de Andrade2019_Skin::CY164-Tumor
Ferrari de Andrade2019_Skin,Skin,CY164-Tumor,Macrophage,Macrophage,Ferrari de Andrade2019_Skin::CY164-Tumor
Ferrari de Andrade2019_Skin,Skin,CY129-2-Blood,NK_cell,NK cell,Ferrari de Andrade2019_Skin::CY129-2-Blood
Ferrari de Andrade2019_Skin,Skin,CY129-2-Blood,Macrophage,Macrophage,Ferrari de Andrade2019_Skin::CY129-2-Blood
Ferrari de Andrade2019_Skin,Skin,CY129-2-Blood,B_cell,B cell,Ferrari de Andrade2019_Skin::CY129-2-Blood
Ferrari de Andrade2019_Skin,Skin,CY129-2-Center,NK_cell,NK cell,Ferrari de Andrade2019_Skin::CY129-2-Center
Ferrari de Andrade2019_Skin,Skin,CY129-2-Center,Macrophage,Macrophage,Ferrari de Andrade2019_Skin::CY129-2-Center
Ferrari de Andrade2019_Skin,Skin,CY129-2-Cortex,NK_cell,NK cell,Ferrari de Andrade2019_Skin::CY129-2-Cortex
Ferrari de Andrade2019_Skin,Skin,CY129-2-Nodule,NK_cell,NK cell,Ferrari de Andrade2019_Skin::CY129-2-Nodule
Jerby-Arnon2018_Skin,Skin,Mel78,Malignant,Malignant,Jerby-Arnon2018_Skin::Mel78
Jerby-Arnon2018_Skin,Skin,Mel79,Malignant,Malignant,Jerby-Arnon2018_Skin::Mel79
Jerby-Arnon2018_Skin,Skin,Mel88,Malignant,Malignant,Jerby-Arnon2018_Skin::Mel88
Jerby-Arnon2018_Skin,Skin,Mel53,Malignant,Malignant,Jerby-Arnon2018_Skin::Mel53
Jerby-Arnon2018_Skin,Skin,Mel71,Malignant,Malignant,Jerby-Arnon2018_Skin::Mel71
Jerby-Arnon2018_Skin,Skin,Mel81,Malignant,Malignant,Jerby-Arnon2018_Skin::Mel81
Jerby-Arnon2018_Skin,Skin,Mel80,Malignant,Malignant,Jerby-Arnon2018_Skin::Mel80
Jerby-Arnon2018_Skin,Skin,Mel89,Malignant,Malignant,Jerby-Arnon2018_Skin::Mel89
Jerby-Arnon2018_Skin,Skin,Mel82,Macrophage,Macrophage,Jerby-Arnon2018_Skin::Mel82
Jerby-Arnon2018_Skin,Skin,Mel94,Malignant,Malignant,Jerby-Arnon2018_Skin::Mel94
Jerby-Arnon2018_Skin,Skin,Mel81,Endothelial,Endothelial,Jerby-Arnon2018_Skin::Mel81
Jerby-Arnon2018_Skin,Skin,Mel88,Macrophage,Macrophage,Jerby-Arnon2018_Skin::Mel88
Jerby-Arnon2018_Skin,Skin,Mel60,Malignant,Malignant,Jerby-Arnon2018_Skin::Mel60
Jerby-Arnon2018_Skin,Skin,Mel88,T_cell,T cell,Jerby-Arnon2018_Skin::Mel88
Jerby-Arnon2018_Skin,Skin,Mel82,T_cell,T cell,Jerby-Arnon2018_Skin::Mel82
Jerby-Arnon2018_Skin,Skin,Mel79,Endothelial,Endothelial,Jerby-Arnon2018_Skin::Mel79
Jerby-Arnon2018_Skin,Skin,Mel84,Malignant,Malignant,Jerby-Arnon2018_Skin::Mel84
Jerby-Arnon2018_Skin,Skin,Mel89,Endothelial,Endothelial,Jerby-Arnon2018_Skin::Mel89
Jerby-Arnon2018_Skin,Skin,Mel82,Malignant,Malignant,Jerby-Arnon2018_Skin::Mel82
Jerby-Arnon2018_Skin,Skin,Mel82,Fibroblast,Fibroblast,Jerby-Arnon2018_Skin::Mel82
Jerby-Arnon2018_Skin,Skin,Mel89,T_cell,T cell,Jerby-Arnon2018_Skin::Mel89
Jerby-Arnon2018_Skin,Skin,Mel80,T_cell,T cell,Jerby-Arnon2018_Skin::Mel80
Jerby-Arnon2018_Skin,Skin,Mel88,Fibroblast,Fibroblast,Jerby-Arnon2018_Skin::Mel88
Jerby-Arnon2018_Skin,Skin,Mel75,T_cell,T cell,Jerby-Arnon2018_Skin::Mel75
Jerby-Arnon2018_Skin,Skin,Mel81,Fibroblast,Fibroblast,Jerby-Arnon2018_Skin::Mel81
Jerby-Arnon2018_Skin,Skin,Mel79,Fibroblast,Fibroblast,Jerby-Arnon2018_Skin::Mel79
Jerby-Arnon2018_Skin,Skin,Mel79,T_cell,T cell,Jerby-Arnon2018_Skin::Mel79
Jerby-Arnon2018_Skin,Skin,Mel74,T_cell,T cell,Jerby-Arnon2018_Skin::Mel74
Jerby-Arnon2018_Skin,Skin,Mel58,T_cell,T cell,Jerby-Arnon2018_Skin::Mel58
Jerby-Arnon2018_Skin,Skin,Mel72,T_cell,T cell,Jerby-Arnon2018_Skin::Mel72
Jerby-Arnon2018_Skin,Skin,Mel60,T_cell,T cell,Jerby-Arnon2018_Skin::Mel60
Jerby-Arnon2018_Skin,Skin,Mel94,T_cell,T cell,Jerby-Arnon2018_Skin::Mel94
Jerby-Arnon2018_Skin,Skin,Mel53,T_cell,T cell,Jerby-Arnon2018_Skin::Mel53
Jerby-Arnon2018_Skin,Skin,Mel84,T_cell,T cell,Jerby-Arnon2018_Skin::Mel84
Jerby-Arnon2018_Skin,Skin,Mel71,T_cell,T cell,Jerby-Arnon2018_Skin::Mel71
Jerby-Arnon2018_Skin,Skin,Mel80,Macrophage,Macrophage,Jerby-Arnon2018_Skin::Mel80
Jerby-Arnon2018_Skin,Skin,Mel81,T_cell,T cell,Jerby-Arnon2018_Skin::Mel81
Jerby-Arnon2018_Skin,Skin,Mel88,NK_cell,NK cell,Jerby-Arnon2018_Skin::Mel88
Jerby-Arnon2018_Skin,Skin,Mel80,NK_cell,NK cell,Jerby-Arnon2018_Skin::Mel80
Jerby-Arnon2018_Skin,Skin,Mel53,NK_cell,NK cell,Jerby-Arnon2018_Skin::Mel53
Jerby-Arnon2018_Skin,Skin,Mel94,B_cell,B cell,Jerby-Arnon2018_Skin::Mel94
Jerby-Arnon2018_Skin,Skin,Mel58,Macrophage,Macrophage,Jerby-Arnon2018_Skin::Mel58
Jerby-Arnon2018_Skin,Skin,Mel81,Macrophage,Macrophage,Jerby-Arnon2018_Skin::Mel81
Jerby-Arnon2018_Skin,Skin,Mel78,T_cell,T cell,Jerby-Arnon2018_Skin::Mel78
Jerby-Arnon2018_Skin,Skin,Mel79,B_cell,B cell,Jerby-Arnon2018_Skin::Mel79
Jerby-Arnon2018_Skin,Skin,Mel60,NK_cell,NK cell,Jerby-Arnon2018_Skin::Mel60
Jerby-Arnon2018_Skin,Skin,Mel81,NK_cell,NK cell,Jerby-Arnon2018_Skin::Mel81
Jerby-Arnon2018_Skin,Skin,Mel74,NK_cell,NK cell,Jerby-Arnon2018_Skin::Mel74
Jerby-Arnon2018_Skin,Skin,Mel80,B_cell,B cell,Jerby-Arnon2018_Skin::Mel80
Jerby-Arnon2018_Skin,Skin,Mel89,B_cell,B cell,Jerby-Arnon2018_Skin::Mel89
Jerby-Arnon2018_Skin,Skin,Mel89,Macrophage,Macrophage,Jerby-Arnon2018_Skin::Mel89
Jerby-Arnon2018_Skin,Skin,Mel72,B_cell,B cell,Jerby-Arnon2018_Skin::Mel72
Jerby-Arnon2018_Skin,Skin,Mel84,B_cell,B cell,Jerby-Arnon2018_Skin::Mel84
Jerby-Arnon2018_Skin,Skin,Mel94,Endothelial,Endothelial,Jerby-Arnon2018_Skin::Mel94
Jerby-Arnon2018_Skin,Skin,Mel80,Fibroblast,Fibroblast,Jerby-Arnon2018_Skin::Mel80
Jerby-Arnon2018_Skin,Skin,Mel80,Endothelial,Endothelial,Jerby-Arnon2018_Skin::Mel80
Jerby-Arnon2018_Skin,Skin,Mel60,B_cell,B cell,Jerby-Arnon2018_Skin::Mel60
Jerby-Arnon2018_Skin,Skin,Mel53,Endothelial,Endothelial,Jerby-Arnon2018_Skin::Mel53
Jerby-Arnon2018_Skin,Skin,Mel53,Macrophage,Macrophage,Jerby-Arnon2018_Skin::Mel53
Jerby-Arnon2018_Skin,Skin,Mel84,Macrophage,Macrophage,Jerby-Arnon2018_Skin::Mel84
Jerby-Arnon2018_Skin,Skin,Mel79,Macrophage,Macrophage,Jerby-Arnon2018_Skin::Mel79
Jerby-Arnon2018_Skin,Skin,Mel72,NK_cell,NK cell,Jerby-Arnon2018_Skin::Mel72
Jerby-Arnon2018_Skin,Skin,Mel53,Fibroblast,Fibroblast,Jerby-Arnon2018_Skin::Mel53
Jerby-Arnon2018_Skin,Skin,Mel94,Fibroblast,Fibroblast,Jerby-Arnon2018_Skin::Mel94
Jerby-Arnon2018_Skin,Skin,Mel74,B_cell,B cell,Jerby-Arnon2018_Skin::Mel74
Jerby-Arnon2018_Skin,Skin,Mel88,B_cell,B cell,Jerby-Arnon2018_Skin::Mel88
Jerby-Arnon2018_Skin,Skin,Mel82,B_cell,B cell,Jerby-Arnon2018_Skin::Mel82
Jerby-Arnon2018_Skin,Skin,Mel84,NK_cell,NK cell,Jerby-Arnon2018_Skin::Mel84
Jerby-Arnon2018_Skin,Skin,Mel75,Macrophage,Macrophage,Jerby-Arnon2018_Skin::Mel75
Jerby-Arnon2018_Skin,Skin,Mel79,NK_cell,NK cell,Jerby-Arnon2018_Skin::Mel79
Jerby-Arnon2018_Skin,Skin,Mel94,Macrophage,Macrophage,Jerby-Arnon2018_Skin::Mel94
Jerby-Arnon2018_Skin,Skin,Mel84,Fibroblast,Fibroblast,Jerby-Arnon2018_Skin::Mel84
Jerby-Arnon2018_Skin,Skin,Mel74,Macrophage,Macrophage,Jerby-Arnon2018_Skin::Mel74
Jerby-Arnon2018_Skin,Skin,Mel82,NK_cell,NK cell,Jerby-Arnon2018_Skin::Mel82
Jerby-Arnon2018_Skin,Skin,Mel89,NK_cell,NK cell,Jerby-Arnon2018_Skin::Mel89
Jerby-Arnon2018_Skin,Skin,Mel58,NK_cell,NK cell,Jerby-Arnon2018_Skin::Mel58
Jerby-Arnon2018_Skin,Skin,Mel81,B_cell,B cell,Jerby-Arnon2018_Skin::Mel81
Jerby-Arnon2018_Skin,Skin,Mel60,Macrophage,Macrophage,Jerby-Arnon2018_Skin::Mel60
Jerby-Arnon2018_Skin,Skin,Mel78,Fibroblast,Fibroblast,Jerby-Arnon2018_Skin::Mel78
Jerby-Arnon2018_Skin,Skin,Mel72,Macrophage,Macrophage,Jerby-Arnon2018_Skin::Mel72
Jerby-Arnon2018_Skin,Skin,Mel89,Fibroblast,Fibroblast,Jerby-Arnon2018_Skin::Mel89
Jerby-Arnon2018_Skin,Skin,Mel58,B_cell,B cell,Jerby-Arnon2018_Skin::Mel58
Jerby-Arnon2018_Skin,Skin,Mel84,Endothelial,Endothelial,Jerby-Arnon2018_Skin::Mel84
Jerby-Arnon2018_Skin,Skin,Mel71,Macrophage,Macrophage,Jerby-Arnon2018_Skin::Mel71
Jerby-Arnon2018_Skin,Skin,Mel78,B_cell,B cell,Jerby-Arnon2018_Skin::Mel78
Jerby-Arnon2018_Skin,Skin,Mel94,NK_cell,NK cell,Jerby-Arnon2018_Skin::Mel94
Jerby-Arnon2018_Skin,Skin,Mel194,T_cell,T cell,Jerby-Arnon2018_Skin::Mel194
Jerby-Arnon2018_Skin,Skin,Mel194,Malignant,Malignant,Jerby-Arnon2018_Skin::Mel194
Jerby-Arnon2018_Skin,Skin,Mel194,Macrophage,Macrophage,Jerby-Arnon2018_Skin::Mel194
Jerby-Arnon2018_Skin,Skin,Mel102,T_cell,T cell,Jerby-Arnon2018_Skin::Mel102
Jerby-Arnon2018_Skin,Skin,Mel112,T_cell,T cell,Jerby-Arnon2018_Skin::Mel112
Jerby-Arnon2018_Skin,Skin,Mel98,T_cell,T cell,Jerby-Arnon2018_Skin::Mel98
Jerby-Arnon2018_Skin,Skin,Mel110,Macrophage,Macrophage,Jerby-Arnon2018_Skin::Mel110
Jerby-Arnon2018_Skin,Skin,Mel110,T_cell,T cell,Jerby-Arnon2018_Skin::Mel110
Jerby-Arnon2018_Skin,Skin,Mel102,B_cell,B cell,Jerby-Arnon2018_Skin::Mel102
Jerby-Arnon2018_Skin,Skin,Mel102,Macrophage,Macrophage,Jerby-Arnon2018_Skin::Mel102
Jerby-Arnon2018_Skin,Skin,Mel112,B_cell,B cell,Jerby-Arnon2018_Skin::Mel112
Jerby-Arnon2018_Skin,Skin,Mel98,Macrophage,Macrophage,Jerby-Arnon2018_Skin::Mel98
Jerby-Arnon2018_Skin,Skin,Mel112,Macrophage,Macrophage,Jerby-Arnon2018_Skin::Mel112
Jerby-Arnon2018_Skin,Skin,Mel112,NK_cell,NK cell,Jerby-Arnon2018_Skin::Mel112
Jerby-Arnon2018_Skin,Skin,Mel103,Macrophage,Macrophage,Jerby-Arnon2018_Skin::Mel103
Jerby-Arnon2018_Skin,Skin,Mel103,T_cell,T cell,Jerby-Arnon2018_Skin::Mel103
Jerby-Arnon2018_Skin,Skin,Mel105,B_cell,B cell,Jerby-Arnon2018_Skin::Mel105
Jerby-Arnon2018_Skin,Skin,Mel106,B_cell,B cell,Jerby-Arnon2018_Skin::Mel106
Jerby-Arnon2018_Skin,Skin,Mel103,B_cell,B cell,Jerby-Arnon2018_Skin::Mel103
Jerby-Arnon2018_Skin,Skin,Mel105,T_cell,T cell,Jerby-Arnon2018_Skin::Mel105
Jerby-Arnon2018_Skin,Skin,Mel106,T_cell,T cell,Jerby-Arnon2018_Skin::Mel106
Jerby-Arnon2018_Skin,Skin,Mel105,Macrophage,Macrophage,Jerby-Arnon2018_Skin::Mel105
Jerby-Arnon2018_Skin,Skin,Mel105,NK_cell,NK cell,Jerby-Arnon2018_Skin::Mel105
Jerby-Arnon2018_Skin,Skin,Mel75,NK_cell,NK cell,Jerby-Arnon2018_Skin::Mel75
Jerby-Arnon2018_Skin,Skin,Mel102,Malignant,Malignant,Jerby-Arnon2018_Skin::Mel102
Jerby-Arnon2018_Skin,Skin,Mel110,Malignant,Malignant,Jerby-Arnon2018_Skin::Mel110
Jerby-Arnon2018_Skin,Skin,Mel103,Malignant,Malignant,Jerby-Arnon2018_Skin::Mel103
Jerby-Arnon2018_Skin,Skin,Mel112,Malignant,Malignant,Jerby-Arnon2018_Skin::Mel112
Jerby-Arnon2018_Skin,Skin,Mel112,Fibroblast,Fibroblast,Jerby-Arnon2018_Skin::Mel112
Jerby-Arnon2018_Skin,Skin,Mel75,Fibroblast,Fibroblast,Jerby-Arnon2018_Skin::Mel75
Jerby-Arnon2018_Skin,Skin,Mel106,Malignant,Malignant,Jerby-Arnon2018_Skin::Mel106
Jerby-Arnon2018_Skin,Skin,Mel105,Malignant,Malignant,Jerby-Arnon2018_Skin::Mel105
Jerby-Arnon2018_Skin,Skin,Mel75,Endothelial,Endothelial,Jerby-Arnon2018_Skin::Mel75
Jerby-Arnon2018_Skin,Skin,Mel105,Endothelial,Endothelial,Jerby-Arnon2018_Skin::Mel105
Jerby-Arnon2018_Skin,Skin,Mel106,Fibroblast,Fibroblast,Jerby-Arnon2018_Skin::Mel106
Jerby-Arnon2018_Skin,Skin,Mel116,T_cell,T cell,Jerby-Arnon2018_Skin::Mel116
Jerby-Arnon2018_Skin,Skin,Mel98,Malignant,Malignant,Jerby-Arnon2018_Skin::Mel98
Jerby-Arnon2018_Skin,Skin,Mel116,Macrophage,Macrophage,Jerby-Arnon2018_Skin::Mel116
Jerby-Arnon2018_Skin,Skin,Mel116,B_cell,B cell,Jerby-Arnon2018_Skin::Mel116
Jerby-Arnon2018_Skin,Skin,Mel105,Fibroblast,Fibroblast,Jerby-Arnon2018_Skin::Mel105
Jerby-Arnon2018_Skin,Skin,Mel98,NK_cell,NK cell,Jerby-Arnon2018_Skin::Mel98
Jerby-Arnon2018_Skin,Skin,Mel103,Endothelial,Endothelial,Jerby-Arnon2018_Skin::Mel103
Jerby-Arnon2018_Skin,Skin,Mel110,B_cell,B cell,Jerby-Arnon2018_Skin::Mel110
Jerby-Arnon2018_Skin,Skin,Mel478,T_cell,T cell,Jerby-Arnon2018_Skin::Mel478
Jerby-Arnon2018_Skin,Skin,Mel126,T_cell,T cell,Jerby-Arnon2018_Skin::Mel126
Jerby-Arnon2018_Skin,Skin,Mel126,Macrophage,Macrophage,Jerby-Arnon2018_Skin::Mel126
Jerby-Arnon2018_Skin,Skin,Mel478,B_cell,B cell,Jerby-Arnon2018_Skin::Mel478
Jerby-Arnon2018_Skin,Skin,Mel126,B_cell,B cell,Jerby-Arnon2018_Skin::Mel126
Jerby-Arnon2018_Skin,Skin,Mel126,NK_cell,NK cell,Jerby-Arnon2018_Skin::Mel126
Jerby-Arnon2018_Skin,Skin,Mel478,NK_cell,NK cell,Jerby-Arnon2018_Skin::Mel478
Jerby-Arnon2018_Skin,Skin,Mel129pa,Macrophage,Macrophage,Jerby-Arnon2018_Skin::Mel129pa
Jerby-Arnon2018_Skin,Skin,Mel129pa,Malignant,Malignant,Jerby-Arnon2018_Skin::Mel129pa
Jerby-Arnon2018_Skin,Skin,Mel129pb,B_cell,B cell,Jerby-Arnon2018_Skin::Mel129pb
Jerby-Arnon2018_Skin,Skin,Mel129pb,T_cell,T cell,Jerby-Arnon2018_Skin::Mel129pb
Jerby-Arnon2018_Skin,Skin,Mel129pa,T_cell,T cell,Jerby-Arnon2018_Skin::Mel129pa
Jerby-Arnon2018_Skin,Skin,Mel129pb,Macrophage,Macrophage,Jerby-Arnon2018_Skin::Mel129pb
Jerby-Arnon2018_Skin,Skin,Mel129pa,Fibroblast,Fibroblast,Jerby-Arnon2018_Skin::Mel129pa
Jerby-Arnon2018_Skin,Skin,Mel129pb,NK_cell,NK cell,Jerby-Arnon2018_Skin::Mel129pb
Jerby-Arnon2018_Skin,Skin,Mel129pa,B_cell,B cell,Jerby-Arnon2018_Skin::Mel129pa
Jerby-Arnon2018_Skin,Skin,Mel04.3,T_cell,T cell,Jerby-Arnon2018_Skin::Mel04.3
Jerby-Arnon2018_Skin,Skin,Mel121.1,B_cell,B cell,Jerby-Arnon2018_Skin::Mel121.1
Jerby-Arnon2018_Skin,Skin,Mel121.1,Macrophage,Macrophage,Jerby-Arnon2018_Skin::Mel121.1
Jerby-Arnon2018_Skin,Skin,Mel121.1,T_cell,T cell,Jerby-Arnon2018_Skin::Mel121.1
Jerby-Arnon2018_Skin,Skin,Mel121.1,Malignant,Malignant,Jerby-Arnon2018_Skin::Mel121.1
Jerby-Arnon2018_Skin,Skin,Mel04.3,Macrophage,Macrophage,Jerby-Arnon2018_Skin::Mel04.3
Jerby-Arnon2018_Skin,Skin,Mel04.3,NK_cell,NK cell,Jerby-Arnon2018_Skin::Mel04.3
Jerby-Arnon2018_Skin,Skin,Mel121.1,NK_cell,NK cell,Jerby-Arnon2018_Skin::Mel121.1
Jerby-Arnon2018_Skin,Skin,Mel04.3,B_cell,B cell,Jerby-Arnon2018_Skin::Mel04.3
Jerby-Arnon2018_Skin,Skin,Mel121.1,Endothelial,Endothelial,Jerby-Arnon2018_Skin::Mel121.1
Jerby-Arnon2018_Skin,Skin,Mel128,B_cell,B cell,Jerby-Arnon2018_Skin::Mel128
Jerby-Arnon2018_Skin,Skin,Mel128,T_cell,T cell,Jerby-Arnon2018_Skin::Mel128
Jerby-Arnon2018_Skin,Skin,Mel128,Malignant,Malignant,Jerby-Arnon2018_Skin::Mel128
Jerby-Arnon2018_Skin,Skin,Mel128,Macrophage,Macrophage,Jerby-Arnon2018_Skin::Mel128
Ji2020_Skin,Skin,P1,Malignant,Malignant,Ji2020_Skin::P1
Ji2020_Skin,Skin,P1,Epithelial,Epithelial,Ji2020_Skin::P1
Ji2020_Skin,Skin,P1,Endothelial,Endothelial,Ji2020_Skin::P1
Ji2020_Skin,Skin,P1,Fibroblast,Fibroblast,Ji2020_Skin::P1
Ji2020_Skin,Skin,P1,Melanocyte,Melanocyte,Ji2020_Skin::P1
Ji2020_Skin,Skin,P1,Langerhans,Langerhans,Ji2020_Skin::P1
Ji2020_Skin,Skin,P1,Dendritic,Dendritic,Ji2020_Skin::P1
Ji2020_Skin,Skin,P2,Dendritic,Dendritic,Ji2020_Skin::P2
Ji2020_Skin,Skin,P2,Endothelial,Endothelial,Ji2020_Skin::P2
Ji2020_Skin,Skin,P2,Epithelial,Epithelial,Ji2020_Skin::P2
Ji2020_Skin,Skin,P2,Malignant,Malignant,Ji2020_Skin::P2
Ji2020_Skin,Skin,P2,Fibroblast,Fibroblast,Ji2020_Skin::P2
Ji2020_Skin,Skin,P2,Langerhans,Langerhans,Ji2020_Skin::P2
Ji2020_Skin,Skin,P2,Macrophage,Macrophage,Ji2020_Skin::P2
Ji2020_Skin,Skin,P2,T_cell,T cell,Ji2020_Skin::P2
Ji2020_Skin,Skin,P2,Myeloid,Myeloid,Ji2020_Skin::P2
Ji2020_Skin,Skin,P2,B_cell,B cell,Ji2020_Skin::P2
Ji2020_Skin,Skin,P2,Melanocyte,Melanocyte,Ji2020_Skin::P2
Ji2020_Skin,Skin,P2,NK_cell,NK cell,Ji2020_Skin::P2
Ji2020_Skin,Skin,P3,Malignant,Malignant,Ji2020_Skin::P3
Ji2020_Skin,Skin,P3,T_cell,T cell,Ji2020_Skin::P3
Ji2020_Skin,Skin,P3,B_cell,B cell,Ji2020_Skin::P3
Ji2020_Skin,Skin,P3,Dendritic,Dendritic,Ji2020_Skin::P3
Ji2020_Skin,Skin,P3,Endothelial,Endothelial,Ji2020_Skin::P3
Ji2020_Skin,Skin,P3,Epithelial,Epithelial,Ji2020_Skin::P3
Ji2020_Skin,Skin,P3,Langerhans,Langerhans,Ji2020_Skin::P3
Ji2020_Skin,Skin,P3,Fibroblast,Fibroblast,Ji2020_Skin::P3
Ji2020_Skin,Skin,P3,Macrophage,Macrophage,Ji2020_Skin::P3
Ji2020_Skin,Skin,P3,NK_cell,NK cell,Ji2020_Skin::P3
Ji2020_Skin,Skin,P3,Myeloid,Myeloid,Ji2020_Skin::P3
Ji2020_Skin,Skin,P3,Melanocyte,Melanocyte,Ji2020_Skin::P3
Ji2020_Skin,Skin,P4,Dendritic,Dendritic,Ji2020_Skin::P4
Ji2020_Skin,Skin,P4,Malignant,Malignant,Ji2020_Skin::P4
Ji2020_Skin,Skin,P4,Melanocyte,Melanocyte,Ji2020_Skin::P4
Ji2020_Skin,Skin,P4,T_cell,T cell,Ji2020_Skin::P4
Ji2020_Skin,Skin,P4,Epithelial,Epithelial,Ji2020_Skin::P4
Ji2020_Skin,Skin,P4,Langerhans,Langerhans,Ji2020_Skin::P4
Ji2020_Skin,Skin,P4,Macrophage,Macrophage,Ji2020_Skin::P4
Ji2020_Skin,Skin,P4,B_cell,B cell,Ji2020_Skin::P4
Ji2020_Skin,Skin,P4,Endothelial,Endothelial,Ji2020_Skin::P4
Ji2020_Skin,Skin,P4,Fibroblast,Fibroblast,Ji2020_Skin::P4
Ji2020_Skin,Skin,P4,Myeloid,Myeloid,Ji2020_Skin::P4
Ji2020_Skin,Skin,P4,NK_cell,NK cell,Ji2020_Skin::P4
Ji2020_Skin,Skin,P5,T_cell,T cell,Ji2020_Skin::P5
Ji2020_Skin,Skin,P5,Epithelial,Epithelial,Ji2020_Skin::P5
Ji2020_Skin,Skin,P5,Dendritic,Dendritic,Ji2020_Skin::P5
Ji2020_Skin,Skin,P5,Macrophage,Macrophage,Ji2020_Skin::P5
Ji2020_Skin,Skin,P5,Langerhans,Langerhans,Ji2020_Skin::P5
Ji2020_Skin,Skin,P5,B_cell,B cell,Ji2020_Skin::P5
Ji2020_Skin,Skin,P5,NK_cell,NK cell,Ji2020_Skin::P5
Ji2020_Skin,Skin,P5,Malignant,Malignant,Ji2020_Skin::P5
Ji2020_Skin,Skin,P5,Fibroblast,Fibroblast,Ji2020_Skin::P5
Ji2020_Skin,Skin,P5,Myeloid,Myeloid,Ji2020_Skin::P5
Ji2020_Skin,Skin,P5,Endothelial,Endothelial,Ji2020_Skin::P5
Ji2020_Skin,Skin,P5,Melanocyte,Melanocyte,Ji2020_Skin::P5
Ji2020_Skin,Skin,P6,Malignant,Malignant,Ji2020_Skin::P6
Ji2020_Skin,Skin,P6,Epithelial,Epithelial,Ji2020_Skin::P6
Ji2020_Skin,Skin,P6,Macrophage,Macrophage,Ji2020_Skin::P6
Ji2020_Skin,Skin,P6,Dendritic,Dendritic,Ji2020_Skin::P6
Ji2020_Skin,Skin,P6,Langerhans,Langerhans,Ji2020_Skin::P6
Ji2020_Skin,Skin,P6,T_cell,T cell,Ji2020_Skin::P6
Ji2020_Skin,Skin,P6,Fibroblast,Fibroblast,Ji2020_Skin::P6
Ji2020_Skin,Skin,P6,B_cell,B cell,Ji2020_Skin::P6
Ji2020_Skin,Skin,P6,Myeloid,Myeloid,Ji2020_Skin::P6
Ji2020_Skin,Skin,P6,NK_cell,NK cell,Ji2020_Skin::P6
Ji2020_Skin,Skin,P6,Endothelial,Endothelial,Ji2020_Skin::P6
Ji2020_Skin,Skin,P6,Melanocyte,Melanocyte,Ji2020_Skin::P6
Ji2020_Skin,Skin,P7,Dendritic,Dendritic,Ji2020_Skin::P7
Ji2020_Skin,Skin,P7,Langerhans,Langerhans,Ji2020_Skin::P7
Ji2020_Skin,Skin,P7,Malignant,Malignant,Ji2020_Skin::P7
Ji2020_Skin,Skin,P7,Macrophage,Macrophage,Ji2020_Skin::P7
Ji2020_Skin,Skin,P7,Epithelial,Epithelial,Ji2020_Skin::P7
Ji2020_Skin,Skin,P7,Myeloid,Myeloid,Ji2020_Skin::P7
Ji2020_Skin,Skin,P7,T_cell,T cell,Ji2020_Skin::P7
Ji2020_Skin,Skin,P7,NK_cell,NK cell,Ji2020_Skin::P7
Ji2020_Skin,Skin,P7,Melanocyte,Melanocyte,Ji2020_Skin::P7
Ji2020_Skin,Skin,P7,Fibroblast,Fibroblast,Ji2020_Skin::P7
Ji2020_Skin,Skin,P7,Endothelial,Endothelial,Ji2020_Skin::P7
Ji2020_Skin,Skin,P8,Macrophage,Macrophage,Ji2020_Skin::P8
Ji2020_Skin,Skin,P8,Myeloid,Myeloid,Ji2020_Skin::P8
Ji2020_Skin,Skin,P8,Dendritic,Dendritic,Ji2020_Skin::P8
Ji2020_Skin,Skin,P8,Langerhans,Langerhans,Ji2020_Skin::P8
Ji2020_Skin,Skin,P8,T_cell,T cell,Ji2020_Skin::P8
Ji2020_Skin,Skin,P8,B_cell,B cell,Ji2020_Skin::P8
Ji2020_Skin,Skin,P8,NK_cell,NK cell,Ji2020_Skin::P8
Ji2020_Skin,Skin,P8,Malignant,Malignant,Ji2020_Skin::P8
Ji2020_Skin,Skin,P8,Fibroblast,Fibroblast,Ji2020_Skin::P8
Ji2020_Skin,Skin,P8,Melanocyte,Melanocyte,Ji2020_Skin::P8
Ji2020_Skin,Skin,P8,Endothelial,Endothelial,Ji2020_Skin::P8
Ji2020_Skin,Skin,P8,Epithelial,Epithelial,Ji2020_Skin::P8
Ji2020_Skin,Skin,P9,Epithelial,Epithelial,Ji2020_Skin::P9
Ji2020_Skin,Skin,P9,Dendritic,Dendritic,Ji2020_Skin::P9
Ji2020_Skin,Skin,P9,Macrophage,Macrophage,Ji2020_Skin::P9
Ji2020_Skin,Skin,P9,Malignant,Malignant,Ji2020_Skin::P9
Ji2020_Skin,Skin,P9,T_cell,T cell,Ji2020_Skin::P9
Ji2020_Skin,Skin,P9,Myeloid,Myeloid,Ji2020_Skin::P9
Ji2020_Skin,Skin,P9,Langerhans,Langerhans,Ji2020_Skin::P9
Ji2020_Skin,Skin,P9,Melanocyte,Melanocyte,Ji2020_Skin::P9
Ji2020_Skin,Skin,P9,Fibroblast,Fibroblast,Ji2020_Skin::P9
Ji2020_Skin,Skin,P9,Endothelial,Endothelial,Ji2020_Skin::P9
Ji2020_Skin,Skin,P9,B_cell,B cell,Ji2020_Skin::P9
Ji2020_Skin,Skin,P9,NK_cell,NK cell,Ji2020_Skin::P9
Ji2020_Skin,Skin,P10,Fibroblast,Fibroblast,Ji2020_Skin::P10
Ji2020_Skin,Skin,P10,Malignant,Malignant,Ji2020_Skin::P10
Ji2020_Skin,Skin,P10,Dendritic,Dendritic,Ji2020_Skin::P10
Ji2020_Skin,Skin,P10,Epithelial,Epithelial,Ji2020_Skin::P10
Ji2020_Skin,Skin,P10,B_cell,B cell,Ji2020_Skin::P10
Ji2020_Skin,Skin,P10,Macrophage,Macrophage,Ji2020_Skin::P10
Ji2020_Skin,Skin,P10,Langerhans,Langerhans,Ji2020_Skin::P10
Ji2020_Skin,Skin,P10,T_cell,T cell,Ji2020_Skin::P10
Ji2020_Skin,Skin,P10,Melanocyte,Melanocyte,Ji2020_Skin::P10
Ji2020_Skin,Skin,P10,Endothelial,Endothelial,Ji2020_Skin::P10
Ji2020_Skin,Skin,P10,Myeloid,Myeloid,Ji2020_Skin::P10
Li2019_Skin,Skin,p2,T_cell,T cell,Li2019_Skin::p2
Li2019_Skin,Skin,p2,Macrophage,Macrophage,Li2019_Skin::p2
Li2019_Skin,Skin,p2,NK_cell,NK cell,Li2019_Skin::p2
Li2019_Skin,Skin,p2,Osteoclast,Osteoclast,Li2019_Skin::p2
Li2019_Skin,Skin,p2,Monocyte,Monocyte,Li2019_Skin::p2
Li2019_Skin,Skin,p2,Dendritic,Dendritic,Li2019_Skin::p2
Li2019_Skin,Skin,p2,B_cell,B cell,Li2019_Skin::p2
Li2019_Skin,Skin,p2,Plasma,Plasma,Li2019_Skin::p2
Li2019_Skin,Skin,p2,Malignant,Malignant,Li2019_Skin::p2
Li2019_Skin,Skin,p11,Dendritic,Dendritic,Li2019_Skin::p11
Li2019_Skin,Skin,p11,Plasma,Plasma,Li2019_Skin::p11
Li2019_Skin,Skin,p11,Monocyte,Monocyte,Li2019_Skin::p11
Li2019_Skin,Skin,p11,T_cell,T cell,Li2019_Skin::p11
Li2019_Skin,Skin,p11,NK_cell,NK cell,Li2019_Skin::p11
Li2019_Skin,Skin,p11,B_cell,B cell,Li2019_Skin::p11
Li2019_Skin,Skin,p11,Macrophage,Macrophage,Li2019_Skin::p11
Li2019_Skin,Skin,p11,Malignant,Malignant,Li2019_Skin::p11
Li2019_Skin,Skin,p11,Osteoclast,Osteoclast,Li2019_Skin::p11
Li2019_Skin,Skin,p13,T_cell,T cell,Li2019_Skin::p13
Li2019_Skin,Skin,p13,B_cell,B cell,Li2019_Skin::p13
Li2019_Skin,Skin,p13,NK_cell,NK cell,Li2019_Skin::p13
Li2019_Skin,Skin,p13,Dendritic,Dendritic,Li2019_Skin::p13
Li2019_Skin,Skin,p13,Plasma,Plasma,Li2019_Skin::p13
Li2019_Skin,Skin,p13,Monocyte,Monocyte,Li2019_Skin::p13
Li2019_Skin,Skin,p13,Macrophage,Macrophage,Li2019_Skin::p13
Li2019_Skin,Skin,p3,T_cell,T cell,Li2019_Skin::p3
Li2019_Skin,Skin,p3,NK_cell,NK cell,Li2019_Skin::p3
Li2019_Skin,Skin,p3,Malignant,Malignant,Li2019_Skin::p3
Li2019_Skin,Skin,p3,Plasma,Plasma,Li2019_Skin::p3
Li2019_Skin,Skin,p3,Macrophage,Macrophage,Li2019_Skin::p3
Li2019_Skin,Skin,p3,B_cell,B cell,Li2019_Skin::p3
Li2019_Skin,Skin,p3,Monocyte,Monocyte,Li2019_Skin::p3
Li2019_Skin,Skin,p3,Dendritic,Dendritic,Li2019_Skin::p3
Li2019_Skin,Skin,p3,Osteoclast,Osteoclast,Li2019_Skin::p3
Li2019_Skin,Skin,p12-2,T_cell,T cell,Li2019_Skin::p12-2
Li2019_Skin,Skin,p12-2,NK_cell,NK cell,Li2019_Skin::p12-2
Li2019_Skin,Skin,p12-1,T_cell,T cell,Li2019_Skin::p12-1
Li2019_Skin,Skin,p12-1,Malignant,Malignant,Li2019_Skin::p12-1
Li2019_Skin,Skin,p12-1,NK_cell,NK cell,Li2019_Skin::p12-1
Li2019_Skin,Skin,p12-2,Monocyte,Monocyte,Li2019_Skin::p12-2
Li2019_Skin,Skin,p12-2,Macrophage,Macrophage,Li2019_Skin::p12-2
Li2019_Skin,Skin,p12-2,Dendritic,Dendritic,Li2019_Skin::p12-2
Li2019_Skin,Skin,p12-2,B_cell,B cell,Li2019_Skin::p12-2
Li2019_Skin,Skin,p12-2,Malignant,Malignant,Li2019_Skin::p12-2
Li2019_Skin,Skin,p12-2,Osteoclast,Osteoclast,Li2019_Skin::p12-2
Li2019_Skin,Skin,p12-1,Monocyte,Monocyte,Li2019_Skin::p12-1
Li2019_Skin,Skin,p12-1,Dendritic,Dendritic,Li2019_Skin::p12-1
Li2019_Skin,Skin,p12-1,Macrophage,Macrophage,Li2019_Skin::p12-1
Li2019_Skin,Skin,p15,T_cell,T cell,Li2019_Skin::p15
Li2019_Skin,Skin,p15,Monocyte,Monocyte,Li2019_Skin::p15
Li2019_Skin,Skin,p15,Malignant,Malignant,Li2019_Skin::p15
Li2019_Skin,Skin,p15,B_cell,B cell,Li2019_Skin::p15
Li2019_Skin,Skin,p15,NK_cell,NK cell,Li2019_Skin::p15
Li2019_Skin,Skin,p15,Osteoclast,Osteoclast,Li2019_Skin::p15
Li2019_Skin,Skin,p16,T_cell,T cell,Li2019_Skin::p16
Li2019_Skin,Skin,p16,Monocyte,Monocyte,Li2019_Skin::p16
Li2019_Skin,Skin,p16,NK_cell,NK cell,Li2019_Skin::p16
Li2019_Skin,Skin,p16,Dendritic,Dendritic,Li2019_Skin::p16
Li2019_Skin,Skin,p8,T_cell,T cell,Li2019_Skin::p8
Li2019_Skin,Skin,p8,NK_cell,NK cell,Li2019_Skin::p8
Li2019_Skin,Skin,p8,Plasma,Plasma,Li2019_Skin::p8
Li2019_Skin,Skin,p17-1,T_cell,T cell,Li2019_Skin::p17-1
Li2019_Skin,Skin,p17-1,NK_cell,NK cell,Li2019_Skin::p17-1
Li2019_Skin,Skin,p17-1,Malignant,Malignant,Li2019_Skin::p17-1
Li2019_Skin,Skin,p17-1,B_cell,B cell,Li2019_Skin::p17-1
Li2019_Skin,Skin,p17-2,T_cell,T cell,Li2019_Skin::p17-2
Li2019_Skin,Skin,p17-2,Monocyte,Monocyte,Li2019_Skin::p17-2
Li2019_Skin,Skin,p17-2,NK_cell,NK cell,Li2019_Skin::p17-2
Li2019_Skin,Skin,p17-2,Malignant,Malignant,Li2019_Skin::p17-2
Li2019_Skin,Skin,p16,B_cell,B cell,Li2019_Skin::p16
Li2019_Skin,Skin,p8,Monocyte,Monocyte,Li2019_Skin::p8
Li2019_Skin,Skin,p8,Dendritic,Dendritic,Li2019_Skin::p8
Li2019_Skin,Skin,p8,B_cell,B cell,Li2019_Skin::p8
Li2019_Skin,Skin,p8,Macrophage,Macrophage,Li2019_Skin::p8
Li2019_Skin,Skin,p8,Malignant,Malignant,Li2019_Skin::p8
Li2019_Skin,Skin,p18,T_cell,T cell,Li2019_Skin::p18
Li2019_Skin,Skin,p18,Macrophage,Macrophage,Li2019_Skin::p18
Li2019_Skin,Skin,p18,Osteoclast,Osteoclast,Li2019_Skin::p18
Li2019_Skin,Skin,p18,Malignant,Malignant,Li2019_Skin::p18
Li2019_Skin,Skin,p18,Dendritic,Dendritic,Li2019_Skin::p18
Li2019_Skin,Skin,p18,NK_cell,NK cell,Li2019_Skin::p18
Li2019_Skin,Skin,p18,Monocyte,Monocyte,Li2019_Skin::p18
Li2019_Skin,Skin,p18,B_cell,B cell,Li2019_Skin::p18
Li2019_Skin,Skin,p9,T_cell,T cell,Li2019_Skin::p9
Li2019_Skin,Skin,p9,NK_cell,NK cell,Li2019_Skin::p9
Li2019_Skin,Skin,p9,B_cell,B cell,Li2019_Skin::p9
Li2019_Skin,Skin,p9,Plasma,Plasma,Li2019_Skin::p9
Li2019_Skin,Skin,p9,Dendritic,Dendritic,Li2019_Skin::p9
Li2019_Skin,Skin,p9,Monocyte,Monocyte,Li2019_Skin::p9
Li2019_Skin,Skin,p9,Macrophage,Macrophage,Li2019_Skin::p9
Li2019_Skin,Skin,p9,Malignant,Malignant,Li2019_Skin::p9
Li2019_Skin,Skin,p9,Osteoclast,Osteoclast,Li2019_Skin::p9
Li2019_Skin,Skin,p6,T_cell,T cell,Li2019_Skin::p6
Li2019_Skin,Skin,p6,B_cell,B cell,Li2019_Skin::p6
Li2019_Skin,Skin,p6,Plasma,Plasma,Li2019_Skin::p6
Li2019_Skin,Skin,p6,Dendritic,Dendritic,Li2019_Skin::p6
Li2019_Skin,Skin,p1,T_cell,T cell,Li2019_Skin::p1
Li2019_Skin,Skin,p1,B_cell,B cell,Li2019_Skin::p1
Li2019_Skin,Skin,p1,NK_cell,NK cell,Li2019_Skin::p1
Li2019_Skin,Skin,p1,Dendritic,Dendritic,Li2019_Skin::p1
Li2019_Skin,Skin,p1,Malignant,Malignant,Li2019_Skin::p1
Li2019_Skin,Skin,p19,B_cell,B cell,Li2019_Skin::p19
Li2019_Skin,Skin,p19,T_cell,T cell,Li2019_Skin::p19
Li2019_Skin,Skin,p19,NK_cell,NK cell,Li2019_Skin::p19
Li2019_Skin,Skin,p19,Monocyte,Monocyte,Li2019_Skin::p19
Li2019_Skin,Skin,p19,Dendritic,Dendritic,Li2019_Skin::p19
Li2019_Skin,Skin,p19,Plasma,Plasma,Li2019_Skin::p19
Li2019_Skin,Skin,p19,Macrophage,Macrophage,Li2019_Skin::p19
Li2019_Skin,Skin,p19,Malignant,Malignant,Li2019_Skin::p19
Li2019_Skin,Skin,p20,NK_cell,NK cell,Li2019_Skin::p20
Li2019_Skin,Skin,p20,T_cell,T cell,Li2019_Skin::p20
Li2019_Skin,Skin,p20,Monocyte,Monocyte,Li2019_Skin::p20
Li2019_Skin,Skin,p20,Dendritic,Dendritic,Li2019_Skin::p20
Li2019_Skin,Skin,p20,B_cell,B cell,Li2019_Skin::p20
Li2019_Skin,Skin,p20,Osteoclast,Osteoclast,Li2019_Skin::p20
Li2019_Skin,Skin,p20,Macrophage,Macrophage,Li2019_Skin::p20
Li2019_Skin,Skin,p21,Osteoclast,Osteoclast,Li2019_Skin::p21
Li2019_Skin,Skin,p21,Macrophage,Macrophage,Li2019_Skin::p21
Li2019_Skin,Skin,p21,T_cell,T cell,Li2019_Skin::p21
Li2019_Skin,Skin,p21,Monocyte,Monocyte,Li2019_Skin::p21
Li2019_Skin,Skin,p21,Dendritic,Dendritic,Li2019_Skin::p21
Li2019_Skin,Skin,p21,NK_cell,NK cell,Li2019_Skin::p21
Li2019_Skin,Skin,p21,B_cell,B cell,Li2019_Skin::p21
Li2019_Skin,Skin,p21,Malignant,Malignant,Li2019_Skin::p21
Li2019_Skin,Skin,p25,Malignant,Malignant,Li2019_Skin::p25
Li2019_Skin,Skin,p25,Monocyte,Monocyte,Li2019_Skin::p25
Li2019_Skin,Skin,p25,Macrophage,Macrophage,Li2019_Skin::p25
Li2019_Skin,Skin,p25,T_cell,T cell,Li2019_Skin::p25
Li2019_Skin,Skin,p25,NK_cell,NK cell,Li2019_Skin::p25
Li2019_Skin,Skin,p25,Dendritic,Dendritic,Li2019_Skin::p25
Li2019_Skin,Skin,p26,T_cell,T cell,Li2019_Skin::p26
Li2019_Skin,Skin,p26,B_cell,B cell,Li2019_Skin::p26
Li2019_Skin,Skin,p26,Dendritic,Dendritic,Li2019_Skin::p26
Li2019_Skin,Skin,p26,Monocyte,Monocyte,Li2019_Skin::p26
Li2019_Skin,Skin,p26,NK_cell,NK cell,Li2019_Skin::p26
Li2019_Skin,Skin,p26,Plasma,Plasma,Li2019_Skin::p26
Li2019_Skin,Skin,p26,Malignant,Malignant,Li2019_Skin::p26
Li2019_Skin,Skin,p26,Macrophage,Macrophage,Li2019_Skin::p26
Li2019_Skin,Skin,p10,T_cell,T cell,Li2019_Skin::p10
Li2019_Skin,Skin,p10,NK_cell,NK cell,Li2019_Skin::p10
Li2019_Skin,Skin,p10,Monocyte,Monocyte,Li2019_Skin::p10
Li2019_Skin,Skin,p10,Macrophage,Macrophage,Li2019_Skin::p10
Li2019_Skin,Skin,p10,Dendritic,Dendritic,Li2019_Skin::p10
Li2019_Skin,Skin,p10,B_cell,B cell,Li2019_Skin::p10
Li2019_Skin,Skin,p24-2,T_cell,T cell,Li2019_Skin::p24-2
Li2019_Skin,Skin,p24-2,NK_cell,NK cell,Li2019_Skin::p24-2
Li2019_Skin,Skin,p24-2,Monocyte,Monocyte,Li2019_Skin::p24-2
Li2019_Skin,Skin,p24-2,Dendritic,Dendritic,Li2019_Skin::p24-2
Li2019_Skin,Skin,p24-2,Malignant,Malignant,Li2019_Skin::p24-2
Li2019_Skin,Skin,p24-2,B_cell,B cell,Li2019_Skin::p24-2
Li2019_Skin,Skin,p24-2,Macrophage,Macrophage,Li2019_Skin::p24-2
Li2019_Skin,Skin,p24-2,Osteoclast,Osteoclast,Li2019_Skin::p24-2
Li2019_Skin,Skin,p24-2,Plasma,Plasma,Li2019_Skin::p24-2
Li2019_Skin,Skin,p4,T_cell,T cell,Li2019_Skin::p4
Li2019_Skin,Skin,p4,Plasma,Plasma,Li2019_Skin::p4
Li2019_Skin,Skin,p4,Dendritic,Dendritic,Li2019_Skin::p4
Li2019_Skin,Skin,p4,Macrophage,Macrophage,Li2019_Skin::p4
Li2019_Skin,Skin,p4,Malignant,Malignant,Li2019_Skin::p4
Li2019_Skin,Skin,p4,B_cell,B cell,Li2019_Skin::p4
Li2019_Skin,Skin,p4,NK_cell,NK cell,Li2019_Skin::p4
Li2019_Skin,Skin,p4,Monocyte,Monocyte,Li2019_Skin::p4
Li2019_Skin,Skin,p4,Osteoclast,Osteoclast,Li2019_Skin::p4
Li2019_Skin,Skin,p23,T_cell,T cell,Li2019_Skin::p23
Li2019_Skin,Skin,p23,Macrophage,Macrophage,Li2019_Skin::p23
Li2019_Skin,Skin,p23,NK_cell,NK cell,Li2019_Skin::p23
Li2019_Skin,Skin,p23,Malignant,Malignant,Li2019_Skin::p23
Li2019_Skin,Skin,p23,Dendritic,Dendritic,Li2019_Skin::p23
Li2019_Skin,Skin,p23,Monocyte,Monocyte,Li2019_Skin::p23
Li2019_Skin,Skin,p23,Plasma,Plasma,Li2019_Skin::p23
Li2019_Skin,Skin,p23,B_cell,B cell,Li2019_Skin::p23
Li2019_Skin,Skin,p23,Osteoclast,Osteoclast,Li2019_Skin::p23
Li2019_Skin,Skin,p5,T_cell,T cell,Li2019_Skin::p5
Li2019_Skin,Skin,p5,Macrophage,Macrophage,Li2019_Skin::p5
Li2019_Skin,Skin,p5,NK_cell,NK cell,Li2019_Skin::p5
Li2019_Skin,Skin,p5,Plasma,Plasma,Li2019_Skin::p5
Li2019_Skin,Skin,p5,B_cell,B cell,Li2019_Skin::p5
Li2019_Skin,Skin,p5,Dendritic,Dendritic,Li2019_Skin::p5
Li2019_Skin,Skin,p5,Monocyte,Monocyte,Li2019_Skin::p5
Li2019_Skin,Skin,p5,Osteoclast,Osteoclast,Li2019_Skin::p5
Li2019_Skin,Skin,p27,T_cell,T cell,Li2019_Skin::p27
Li2019_Skin,Skin,p27,NK_cell,NK cell,Li2019_Skin::p27
Li2019_Skin,Skin,p27,Dendritic,Dendritic,Li2019_Skin::p27
Li2019_Skin,Skin,p27,Monocyte,Monocyte,Li2019_Skin::p27
Li2019_Skin,Skin,p27,Macrophage,Macrophage,Li2019_Skin::p27
Li2019_Skin,Skin,p27,B_cell,B cell,Li2019_Skin::p27
Li2019_Skin,Skin,p27,Plasma,Plasma,Li2019_Skin::p27
Li2019_Skin,Skin,p27,Osteoclast,Osteoclast,Li2019_Skin::p27
Li2019_Skin,Skin,p27,Malignant,Malignant,Li2019_Skin::p27
Li2019_Skin,Skin,p28,T_cell,T cell,Li2019_Skin::p28
Li2019_Skin,Skin,p28,NK_cell,NK cell,Li2019_Skin::p28
Li2019_Skin,Skin,p28,B_cell,B cell,Li2019_Skin::p28
Li2019_Skin,Skin,p28,Macrophage,Macrophage,Li2019_Skin::p28
Li2019_Skin,Skin,p28,Monocyte,Monocyte,Li2019_Skin::p28
Li2019_Skin,Skin,p28,Osteoclast,Osteoclast,Li2019_Skin::p28
Li2019_Skin,Skin,p28,Dendritic,Dendritic,Li2019_Skin::p28
Mahuron2020_Skin,Skin,K383_LN_GEX,T_cell,T cell,Mahuron2020_Skin::K383_LN_GEX
Mahuron2020_Skin,Skin,K383_LN_GEX,B_cell,B cell,Mahuron2020_Skin::K383_LN_GEX
Mahuron2020_Skin,Skin,K409_blood_GEX,T_cell,T cell,Mahuron2020_Skin::K409_blood_GEX
Mahuron2020_Skin,Skin,K409_blood_GEX,B_cell,B cell,Mahuron2020_Skin::K409_blood_GEX
Mahuron2020_Skin,Skin,K409_LN_GEX,T_cell,T cell,Mahuron2020_Skin::K409_LN_GEX
Mahuron2020_Skin,Skin,K409_LN_GEX,B_cell,B cell,Mahuron2020_Skin::K409_LN_GEX
Mahuron2020_Skin,Skin,K409_tumor_GEX,T_cell,T cell,Mahuron2020_Skin::K409_tumor_GEX
Mahuron2020_Skin,Skin,K409_tumor_GEX,B_cell,B cell,Mahuron2020_Skin::K409_tumor_GEX
Mahuron2020_Skin,Skin,K411_blood_GEX,T_cell,T cell,Mahuron2020_Skin::K411_blood_GEX
Mahuron2020_Skin,Skin,K411_blood_GEX,B_cell,B cell,Mahuron2020_Skin::K411_blood_GEX
Mahuron2020_Skin,Skin,K411_LN_GEX,T_cell,T cell,Mahuron2020_Skin::K411_LN_GEX
Mahuron2020_Skin,Skin,K411_LN_GEX,B_cell,B cell,Mahuron2020_Skin::K411_LN_GEX
Paulson2020_Skin,Skin,2586-4_Tumor_Before,Malignant,Malignant,Paulson2020_Skin::2586-4_Tumor_Before
Paulson2020_Skin,Skin,2586-4_Tumor_Before,Macrophage,Macrophage,Paulson2020_Skin::2586-4_Tumor_Before
Paulson2020_Skin,Skin,2586-4_Tumor_Before,T_cell,T cell,Paulson2020_Skin::2586-4_Tumor_Before
Paulson2020_Skin,Skin,2586-4_Tumor_Before,B_cell,B cell,Paulson2020_Skin::2586-4_Tumor_Before
Paulson2020_Skin,Skin,2586-4_Tumor_AcquiredResistance,Malignant,Malignant,Paulson2020_Skin::2586-4_Tumor_AcquiredResistance
Paulson2020_Skin,Skin,2586-4_Tumor_AcquiredResistance,Macrophage,Macrophage,Paulson2020_Skin::2586-4_Tumor_AcquiredResistance
Paulson2020_Skin,Skin,2586-4_Tumor_AcquiredResistance,T_cell,T cell,Paulson2020_Skin::2586-4_Tumor_AcquiredResistance
Paulson2020_Skin,Skin,2586-4_PBMC_Pre,T_cell,T cell,Paulson2020_Skin::2586-4_PBMC_Pre
Paulson2020_Skin,Skin,2586-4_PBMC_Pre,NK_cell,NK cell,Paulson2020_Skin::2586-4_PBMC_Pre
Paulson2020_Skin,Skin,2586-4_PBMC_Pre,Macrophage,Macrophage,Paulson2020_Skin::2586-4_PBMC_Pre
Paulson2020_Skin,Skin,2586-4_PBMC_Pre,B_cell,B cell,Paulson2020_Skin::2586-4_PBMC_Pre
Paulson2020_Skin,Skin,2586-4_PBMC_EarlyD27,T_cell,T cell,Paulson2020_Skin::2586-4_PBMC_EarlyD27
Paulson2020_Skin,Skin,2586-4_PBMC_EarlyD27,NK_cell,NK cell,Paulson2020_Skin::2586-4_PBMC_EarlyD27
Paulson2020_Skin,Skin,2586-4_PBMC_EarlyD27,Macrophage,Macrophage,Paulson2020_Skin::2586-4_PBMC_EarlyD27
Paulson2020_Skin,Skin,2586-4_PBMC_EarlyD27,B_cell,B cell,Paulson2020_Skin::2586-4_PBMC_EarlyD27
Paulson2020_Skin,Skin,2586-4_PBMC_RespD376,Macrophage,Macrophage,Paulson2020_Skin::2586-4_PBMC_RespD376
Paulson2020_Skin,Skin,2586-4_PBMC_RespD376,NK_cell,NK cell,Paulson2020_Skin::2586-4_PBMC_RespD376
Paulson2020_Skin,Skin,2586-4_PBMC_RespD376,T_cell,T cell,Paulson2020_Skin::2586-4_PBMC_RespD376
Paulson2020_Skin,Skin,2586-4_PBMC_RespD376,B_cell,B cell,Paulson2020_Skin::2586-4_PBMC_RespD376
Paulson2020_Skin,Skin,2586-4_PBMC_ARD614,T_cell,T cell,Paulson2020_Skin::2586-4_PBMC_ARD614
Paulson2020_Skin,Skin,2586-4_PBMC_ARD614,Macrophage,Macrophage,Paulson2020_Skin::2586-4_PBMC_ARD614
Paulson2020_Skin,Skin,2586-4_PBMC_ARD614,NK_cell,NK cell,Paulson2020_Skin::2586-4_PBMC_ARD614
Paulson2020_Skin,Skin,2586-4_PBMC_ARD614,B_cell,B cell,Paulson2020_Skin::2586-4_PBMC_ARD614
Paulson2020_Skin,Skin,9245-3_PBMC,Macrophage,Macrophage,Paulson2020_Skin::9245-3_PBMC
Paulson2020_Skin,Skin,9245-3_PBMC,T_cell,T cell,Paulson2020_Skin::9245-3_PBMC
Paulson2020_Skin,Skin,9245-3_PBMC,T_NK_cell,T NK cell,Paulson2020_Skin::9245-3_PBMC
Paulson2020_Skin,Skin,9245-3_PBMC,NK_cell,NK cell,Paulson2020_Skin::9245-3_PBMC
Paulson2020_Skin,Skin,9245-3_PBMC,B_cell,B cell,Paulson2020_Skin::9245-3_PBMC
Paulson2020_Skin,Skin,9245-3_PBMC,Plasma,Plasma,Paulson2020_Skin::9245-3_PBMC
Paulson2020_Skin,Skin,9245-3_Tumor,Malignant,Malignant,Paulson2020_Skin::9245-3_Tumor
Paulson2020_Skin,Skin,9245-3_Tumor,Macrophage,Macrophage,Paulson2020_Skin::9245-3_Tumor
Paulson2020_Skin,Skin,9245-3_Tumor,Plasma,Plasma,Paulson2020_Skin::9245-3_Tumor
Paulson2020_Skin,Skin,9245-3_Tumor,T_cell,T cell,Paulson2020_Skin::9245-3_Tumor
Paulson2020_Skin,Skin,9245-3_Tumor,B_cell,B cell,Paulson2020_Skin::9245-3_Tumor
Paulson2020_Skin,Skin,9245-3_Tumor,NK_cell,NK cell,Paulson2020_Skin::9245-3_Tumor
Paulson2020_Skin,Skin,9245-3_Tumor,T_NK_cell,T NK cell,Paulson2020_Skin::9245-3_Tumor
Sade-Feldman2018_Skin,Skin,Pre_P1,T_cell,T cell,Sade-Feldman2018_Skin::Pre_P1
Sade-Feldman2018_Skin,Skin,Pre_P1,Dendritic,Dendritic,Sade-Feldman2018_Skin::Pre_P1
Sade-Feldman2018_Skin,Skin,Pre_P1,B_cell,B cell,Sade-Feldman2018_Skin::Pre_P1
Sade-Feldman2018_Skin,Skin,Pre_P1,Myeloid,Myeloid,Sade-Feldman2018_Skin::Pre_P1
Sade-Feldman2018_Skin,Skin,Post_P1,T_cell,T cell,Sade-Feldman2018_Skin::Post_P1
Sade-Feldman2018_Skin,Skin,Post_P1,Plasma,Plasma,Sade-Feldman2018_Skin::Post_P1
Sade-Feldman2018_Skin,Skin,Post_P1,Myeloid,Myeloid,Sade-Feldman2018_Skin::Post_P1
Sade-Feldman2018_Skin,Skin,Post_P1,B_cell,B cell,Sade-Feldman2018_Skin::Post_P1
Sade-Feldman2018_Skin,Skin,Post_P1,Dendritic,Dendritic,Sade-Feldman2018_Skin::Post_P1
Sade-Feldman2018_Skin,Skin,Post_P1_2,T_cell,T cell,Sade-Feldman2018_Skin::Post_P1_2
Sade-Feldman2018_Skin,Skin,Post_P1_2,B_cell,B cell,Sade-Feldman2018_Skin::Post_P1_2
Sade-Feldman2018_Skin,Skin,Post_P1_2,Myeloid,Myeloid,Sade-Feldman2018_Skin::Post_P1_2
Sade-Feldman2018_Skin,Skin,Post_P1_2,Plasma,Plasma,Sade-Feldman2018_Skin::Post_P1_2
Sade-Feldman2018_Skin,Skin,Post_P1_2,Dendritic,Dendritic,Sade-Feldman2018_Skin::Post_P1_2
Sade-Feldman2018_Skin,Skin,Pre_P2,T_cell,T cell,Sade-Feldman2018_Skin::Pre_P2
Sade-Feldman2018_Skin,Skin,Pre_P2,Myeloid,Myeloid,Sade-Feldman2018_Skin::Pre_P2
Sade-Feldman2018_Skin,Skin,Pre_P2,Dendritic,Dendritic,Sade-Feldman2018_Skin::Pre_P2
Sade-Feldman2018_Skin,Skin,Pre_P2,B_cell,B cell,Sade-Feldman2018_Skin::Pre_P2
Sade-Feldman2018_Skin,Skin,Pre_P2,Plasma,Plasma,Sade-Feldman2018_Skin::Pre_P2
Sade-Feldman2018_Skin,Skin,Post_P2,T_cell,T cell,Sade-Feldman2018_Skin::Post_P2
Sade-Feldman2018_Skin,Skin,Post_P2,Plasma,Plasma,Sade-Feldman2018_Skin::Post_P2
Sade-Feldman2018_Skin,Skin,Post_P2,B_cell,B cell,Sade-Feldman2018_Skin::Post_P2
Sade-Feldman2018_Skin,Skin,Post_P2,Myeloid,Myeloid,Sade-Feldman2018_Skin::Post_P2
Sade-Feldman2018_Skin,Skin,Post_P2,Dendritic,Dendritic,Sade-Feldman2018_Skin::Post_P2
Sade-Feldman2018_Skin,Skin,Pre_P3,T_cell,T cell,Sade-Feldman2018_Skin::Pre_P3
Sade-Feldman2018_Skin,Skin,Pre_P3,Myeloid,Myeloid,Sade-Feldman2018_Skin::Pre_P3
Sade-Feldman2018_Skin,Skin,Pre_P3,B_cell,B cell,Sade-Feldman2018_Skin::Pre_P3
Sade-Feldman2018_Skin,Skin,Pre_P3,Dendritic,Dendritic,Sade-Feldman2018_Skin::Pre_P3
Sade-Feldman2018_Skin,Skin,Post_P3,T_cell,T cell,Sade-Feldman2018_Skin::Post_P3
Sade-Feldman2018_Skin,Skin,Post_P3,Myeloid,Myeloid,Sade-Feldman2018_Skin::Post_P3
Sade-Feldman2018_Skin,Skin,Post_P3,Dendritic,Dendritic,Sade-Feldman2018_Skin::Post_P3
Sade-Feldman2018_Skin,Skin,Post_P3_2,T_cell,T cell,Sade-Feldman2018_Skin::Post_P3_2
Sade-Feldman2018_Skin,Skin,Post_P3_2,Myeloid,Myeloid,Sade-Feldman2018_Skin::Post_P3_2
Sade-Feldman2018_Skin,Skin,Post_P3_2,Dendritic,Dendritic,Sade-Feldman2018_Skin::Post_P3_2
Sade-Feldman2018_Skin,Skin,Post_P3_2,B_cell,B cell,Sade-Feldman2018_Skin::Post_P3_2
Sade-Feldman2018_Skin,Skin,Pre_P4,Myeloid,Myeloid,Sade-Feldman2018_Skin::Pre_P4
Sade-Feldman2018_Skin,Skin,Pre_P4,T_cell,T cell,Sade-Feldman2018_Skin::Pre_P4
Sade-Feldman2018_Skin,Skin,Pre_P4,B_cell,B cell,Sade-Feldman2018_Skin::Pre_P4
Sade-Feldman2018_Skin,Skin,Pre_P4,Dendritic,Dendritic,Sade-Feldman2018_Skin::Pre_P4
Sade-Feldman2018_Skin,Skin,Post_P4,B_cell,B cell,Sade-Feldman2018_Skin::Post_P4
Sade-Feldman2018_Skin,Skin,Post_P4,T_cell,T cell,Sade-Feldman2018_Skin::Post_P4
Sade-Feldman2018_Skin,Skin,Post_P4,Myeloid,Myeloid,Sade-Feldman2018_Skin::Post_P4
Sade-Feldman2018_Skin,Skin,Post_P4,Plasma,Plasma,Sade-Feldman2018_Skin::Post_P4
Sade-Feldman2018_Skin,Skin,Post_P4,Dendritic,Dendritic,Sade-Feldman2018_Skin::Post_P4
Sade-Feldman2018_Skin,Skin,Post_P5,T_cell,T cell,Sade-Feldman2018_Skin::Post_P5
Sade-Feldman2018_Skin,Skin,Post_P5,Myeloid,Myeloid,Sade-Feldman2018_Skin::Post_P5
Sade-Feldman2018_Skin,Skin,Post_P5,B_cell,B cell,Sade-Feldman2018_Skin::Post_P5
Sade-Feldman2018_Skin,Skin,Post_P5,Plasma,Plasma,Sade-Feldman2018_Skin::Post_P5
Sade-Feldman2018_Skin,Skin,Post_P5,Dendritic,Dendritic,Sade-Feldman2018_Skin::Post_P5
Sade-Feldman2018_Skin,Skin,Post_P5_2,T_cell,T cell,Sade-Feldman2018_Skin::Post_P5_2
Sade-Feldman2018_Skin,Skin,Post_P5_2,Myeloid,Myeloid,Sade-Feldman2018_Skin::Post_P5_2
Sade-Feldman2018_Skin,Skin,Post_P5_2,B_cell,B cell,Sade-Feldman2018_Skin::Post_P5_2
Sade-Feldman2018_Skin,Skin,Post_P5_2,Plasma,Plasma,Sade-Feldman2018_Skin::Post_P5_2
Sade-Feldman2018_Skin,Skin,Pre_P6,T_cell,T cell,Sade-Feldman2018_Skin::Pre_P6
Sade-Feldman2018_Skin,Skin,Pre_P6,Myeloid,Myeloid,Sade-Feldman2018_Skin::Pre_P6
Sade-Feldman2018_Skin,Skin,Pre_P6,Plasma,Plasma,Sade-Feldman2018_Skin::Pre_P6
Sade-Feldman2018_Skin,Skin,Pre_P6,Dendritic,Dendritic,Sade-Feldman2018_Skin::Pre_P6
Sade-Feldman2018_Skin,Skin,Pre_P6,B_cell,B cell,Sade-Feldman2018_Skin::Pre_P6
Sade-Feldman2018_Skin,Skin,Post_P6,T_cell,T cell,Sade-Feldman2018_Skin::Post_P6
Sade-Feldman2018_Skin,Skin,Post_P6,Myeloid,Myeloid,Sade-Feldman2018_Skin::Post_P6
Sade-Feldman2018_Skin,Skin,Post_P6,Dendritic,Dendritic,Sade-Feldman2018_Skin::Post_P6
Sade-Feldman2018_Skin,Skin,Post_P6,B_cell,B cell,Sade-Feldman2018_Skin::Post_P6
Sade-Feldman2018_Skin,Skin,Post_P6,Plasma,Plasma,Sade-Feldman2018_Skin::Post_P6
Sade-Feldman2018_Skin,Skin,Pre_P7,T_cell,T cell,Sade-Feldman2018_Skin::Pre_P7
Sade-Feldman2018_Skin,Skin,Pre_P7,B_cell,B cell,Sade-Feldman2018_Skin::Pre_P7
Sade-Feldman2018_Skin,Skin,Post_P7,T_cell,T cell,Sade-Feldman2018_Skin::Post_P7
Sade-Feldman2018_Skin,Skin,Post_P7,Myeloid,Myeloid,Sade-Feldman2018_Skin::Post_P7
Sade-Feldman2018_Skin,Skin,Post_P7,B_cell,B cell,Sade-Feldman2018_Skin::Post_P7
Sade-Feldman2018_Skin,Skin,Post_P7,Dendritic,Dendritic,Sade-Feldman2018_Skin::Post_P7
Sade-Feldman2018_Skin,Skin,Pre_P8,T_cell,T cell,Sade-Feldman2018_Skin::Pre_P8
Sade-Feldman2018_Skin,Skin,Pre_P8,Myeloid,Myeloid,Sade-Feldman2018_Skin::Pre_P8
Sade-Feldman2018_Skin,Skin,Pre_P8,B_cell,B cell,Sade-Feldman2018_Skin::Pre_P8
Sade-Feldman2018_Skin,Skin,Pre_P8,Dendritic,Dendritic,Sade-Feldman2018_Skin::Pre_P8
Sade-Feldman2018_Skin,Skin,Post_P8,T_cell,T cell,Sade-Feldman2018_Skin::Post_P8
Sade-Feldman2018_Skin,Skin,Post_P8,B_cell,B cell,Sade-Feldman2018_Skin::Post_P8
Sade-Feldman2018_Skin,Skin,Post_P8,Plasma,Plasma,Sade-Feldman2018_Skin::Post_P8
Sade-Feldman2018_Skin,Skin,Post_P8,Myeloid,Myeloid,Sade-Feldman2018_Skin::Post_P8
Sade-Feldman2018_Skin,Skin,Post_P8,Dendritic,Dendritic,Sade-Feldman2018_Skin::Post_P8
Sade-Feldman2018_Skin,Skin,Post_P10,T_cell,T cell,Sade-Feldman2018_Skin::Post_P10
Sade-Feldman2018_Skin,Skin,Post_P10,Dendritic,Dendritic,Sade-Feldman2018_Skin::Post_P10
Sade-Feldman2018_Skin,Skin,Post_P10,Plasma,Plasma,Sade-Feldman2018_Skin::Post_P10
Sade-Feldman2018_Skin,Skin,Post_P10,Myeloid,Myeloid,Sade-Feldman2018_Skin::Post_P10
Sade-Feldman2018_Skin,Skin,Post_P10,B_cell,B cell,Sade-Feldman2018_Skin::Post_P10
Sade-Feldman2018_Skin,Skin,Post_P11,T_cell,T cell,Sade-Feldman2018_Skin::Post_P11
Sade-Feldman2018_Skin,Skin,Post_P11,Myeloid,Myeloid,Sade-Feldman2018_Skin::Post_P11
Sade-Feldman2018_Skin,Skin,Post_P11,Dendritic,Dendritic,Sade-Feldman2018_Skin::Post_P11
Sade-Feldman2018_Skin,Skin,Post_P11,B_cell,B cell,Sade-Feldman2018_Skin::Post_P11
Sade-Feldman2018_Skin,Skin,Pre_P12,T_cell,T cell,Sade-Feldman2018_Skin::Pre_P12
Sade-Feldman2018_Skin,Skin,Pre_P12,Myeloid,Myeloid,Sade-Feldman2018_Skin::Pre_P12
Sade-Feldman2018_Skin,Skin,Pre_P12,Dendritic,Dendritic,Sade-Feldman2018_Skin::Pre_P12
Sade-Feldman2018_Skin,Skin,Pre_P12,Plasma,Plasma,Sade-Feldman2018_Skin::Pre_P12
Sade-Feldman2018_Skin,Skin,Pre_P12,B_cell,B cell,Sade-Feldman2018_Skin::Pre_P12
Sade-Feldman2018_Skin,Skin,Post_P12,T_cell,T cell,Sade-Feldman2018_Skin::Post_P12
Sade-Feldman2018_Skin,Skin,Post_P12,Myeloid,Myeloid,Sade-Feldman2018_Skin::Post_P12
Sade-Feldman2018_Skin,Skin,Post_P12,Dendritic,Dendritic,Sade-Feldman2018_Skin::Post_P12
Sade-Feldman2018_Skin,Skin,Post_P13,B_cell,B cell,Sade-Feldman2018_Skin::Post_P13
Sade-Feldman2018_Skin,Skin,Post_P13,T_cell,T cell,Sade-Feldman2018_Skin::Post_P13
Sade-Feldman2018_Skin,Skin,Post_P13,Myeloid,Myeloid,Sade-Feldman2018_Skin::Post_P13
Sade-Feldman2018_Skin,Skin,Post_P13,Plasma,Plasma,Sade-Feldman2018_Skin::Post_P13
Sade-Feldman2018_Skin,Skin,Post_P13,Dendritic,Dendritic,Sade-Feldman2018_Skin::Post_P13
Sade-Feldman2018_Skin,Skin,Post_P14,T_cell,T cell,Sade-Feldman2018_Skin::Post_P14
Sade-Feldman2018_Skin,Skin,Post_P14,Myeloid,Myeloid,Sade-Feldman2018_Skin::Post_P14
Sade-Feldman2018_Skin,Skin,Post_P14,B_cell,B cell,Sade-Feldman2018_Skin::Post_P14
Sade-Feldman2018_Skin,Skin,Post_P14,Dendritic,Dendritic,Sade-Feldman2018_Skin::Post_P14
Sade-Feldman2018_Skin,Skin,Pre_P15,T_cell,T cell,Sade-Feldman2018_Skin::Pre_P15
Sade-Feldman2018_Skin,Skin,Pre_P15,Myeloid,Myeloid,Sade-Feldman2018_Skin::Pre_P15
Sade-Feldman2018_Skin,Skin,Pre_P15,Dendritic,Dendritic,Sade-Feldman2018_Skin::Pre_P15
Sade-Feldman2018_Skin,Skin,Pre_P15,B_cell,B cell,Sade-Feldman2018_Skin::Pre_P15
Sade-Feldman2018_Skin,Skin,Post_P15,T_cell,T cell,Sade-Feldman2018_Skin::Post_P15
Sade-Feldman2018_Skin,Skin,Post_P15,Myeloid,Myeloid,Sade-Feldman2018_Skin::Post_P15
Sade-Feldman2018_Skin,Skin,Post_P15,Dendritic,Dendritic,Sade-Feldman2018_Skin::Post_P15
Sade-Feldman2018_Skin,Skin,Post_P15,Plasma,Plasma,Sade-Feldman2018_Skin::Post_P15
Sade-Feldman2018_Skin,Skin,Post_P15,B_cell,B cell,Sade-Feldman2018_Skin::Post_P15
Sade-Feldman2018_Skin,Skin,Post_P16,T_cell,T cell,Sade-Feldman2018_Skin::Post_P16
Sade-Feldman2018_Skin,Skin,Post_P16,Dendritic,Dendritic,Sade-Feldman2018_Skin::Post_P16
Sade-Feldman2018_Skin,Skin,Post_P16,B_cell,B cell,Sade-Feldman2018_Skin::Post_P16
Sade-Feldman2018_Skin,Skin,Post_P16,Myeloid,Myeloid,Sade-Feldman2018_Skin::Post_P16
Sade-Feldman2018_Skin,Skin,Post_P16,Plasma,Plasma,Sade-Feldman2018_Skin::Post_P16
Sade-Feldman2018_Skin,Skin,Post_P17,T_cell,T cell,Sade-Feldman2018_Skin::Post_P17
Sade-Feldman2018_Skin,Skin,Post_P17,Plasma,Plasma,Sade-Feldman2018_Skin::Post_P17
Sade-Feldman2018_Skin,Skin,Post_P17,B_cell,B cell,Sade-Feldman2018_Skin::Post_P17
Sade-Feldman2018_Skin,Skin,Post_P17,Myeloid,Myeloid,Sade-Feldman2018_Skin::Post_P17
Sade-Feldman2018_Skin,Skin,Post_P18,B_cell,B cell,Sade-Feldman2018_Skin::Post_P18
Sade-Feldman2018_Skin,Skin,Post_P18,T_cell,T cell,Sade-Feldman2018_Skin::Post_P18
Sade-Feldman2018_Skin,Skin,Post_P18,Plasma,Plasma,Sade-Feldman2018_Skin::Post_P18
Sade-Feldman2018_Skin,Skin,Post_P18,Myeloid,Myeloid,Sade-Feldman2018_Skin::Post_P18
Sade-Feldman2018_Skin,Skin,Post_P18,Dendritic,Dendritic,Sade-Feldman2018_Skin::Post_P18
Sade-Feldman2018_Skin,Skin,Post_P19,T_cell,T cell,Sade-Feldman2018_Skin::Post_P19
Sade-Feldman2018_Skin,Skin,Post_P19,B_cell,B cell,Sade-Feldman2018_Skin::Post_P19
Sade-Feldman2018_Skin,Skin,Post_P19,Myeloid,Myeloid,Sade-Feldman2018_Skin::Post_P19
Sade-Feldman2018_Skin,Skin,Post_P19,Dendritic,Dendritic,Sade-Feldman2018_Skin::Post_P19
Sade-Feldman2018_Skin,Skin,Post_P19,Plasma,Plasma,Sade-Feldman2018_Skin::Post_P19
Sade-Feldman2018_Skin,Skin,Pre_P20,T_cell,T cell,Sade-Feldman2018_Skin::Pre_P20
Sade-Feldman2018_Skin,Skin,Pre_P20,Myeloid,Myeloid,Sade-Feldman2018_Skin::Pre_P20
Sade-Feldman2018_Skin,Skin,Pre_P20,Plasma,Plasma,Sade-Feldman2018_Skin::Pre_P20
Sade-Feldman2018_Skin,Skin,Pre_P20,B_cell,B cell,Sade-Feldman2018_Skin::Pre_P20
Sade-Feldman2018_Skin,Skin,Pre_P20,Dendritic,Dendritic,Sade-Feldman2018_Skin::Pre_P20
Sade-Feldman2018_Skin,Skin,Post_P20,T_cell,T cell,Sade-Feldman2018_Skin::Post_P20
Sade-Feldman2018_Skin,Skin,Post_P20,Dendritic,Dendritic,Sade-Feldman2018_Skin::Post_P20
Sade-Feldman2018_Skin,Skin,Post_P20,B_cell,B cell,Sade-Feldman2018_Skin::Post_P20
Sade-Feldman2018_Skin,Skin,Post_P20,Plasma,Plasma,Sade-Feldman2018_Skin::Post_P20
Sade-Feldman2018_Skin,Skin,Post_P20,Myeloid,Myeloid,Sade-Feldman2018_Skin::Post_P20
Sade-Feldman2018_Skin,Skin,Post_P21,T_cell,T cell,Sade-Feldman2018_Skin::Post_P21
Sade-Feldman2018_Skin,Skin,Post_P21,Plasma,Plasma,Sade-Feldman2018_Skin::Post_P21
Sade-Feldman2018_Skin,Skin,Post_P21,B_cell,B cell,Sade-Feldman2018_Skin::Post_P21
Sade-Feldman2018_Skin,Skin,Post_P21,Myeloid,Myeloid,Sade-Feldman2018_Skin::Post_P21
Sade-Feldman2018_Skin,Skin,Post_P22,T_cell,T cell,Sade-Feldman2018_Skin::Post_P22
Sade-Feldman2018_Skin,Skin,Post_P22,Myeloid,Myeloid,Sade-Feldman2018_Skin::Post_P22
Sade-Feldman2018_Skin,Skin,Post_P22,Plasma,Plasma,Sade-Feldman2018_Skin::Post_P22
Sade-Feldman2018_Skin,Skin,Post_P22,B_cell,B cell,Sade-Feldman2018_Skin::Post_P22
Sade-Feldman2018_Skin,Skin,Post_P22,Dendritic,Dendritic,Sade-Feldman2018_Skin::Post_P22
Sade-Feldman2018_Skin,Skin,Post_P23,Myeloid,Myeloid,Sade-Feldman2018_Skin::Post_P23
Sade-Feldman2018_Skin,Skin,Post_P23,T_cell,T cell,Sade-Feldman2018_Skin::Post_P23
Sade-Feldman2018_Skin,Skin,Post_P23,Plasma,Plasma,Sade-Feldman2018_Skin::Post_P23
Sade-Feldman2018_Skin,Skin,Post_P23,Dendritic,Dendritic,Sade-Feldman2018_Skin::Post_P23
Sade-Feldman2018_Skin,Skin,Post_P23,B_cell,B cell,Sade-Feldman2018_Skin::Post_P23
Sade-Feldman2018_Skin,Skin,Post_P23_2,T_cell,T cell,Sade-Feldman2018_Skin::Post_P23_2
Sade-Feldman2018_Skin,Skin,Post_P23_2,Plasma,Plasma,Sade-Feldman2018_Skin::Post_P23_2
Sade-Feldman2018_Skin,Skin,Post_P23_2,B_cell,B cell,Sade-Feldman2018_Skin::Post_P23_2
Sade-Feldman2018_Skin,Skin,Post_P23_2,Myeloid,Myeloid,Sade-Feldman2018_Skin::Post_P23_2
Sade-Feldman2018_Skin,Skin,Post_P23_2,Dendritic,Dendritic,Sade-Feldman2018_Skin::Post_P23_2
Sade-Feldman2018_Skin,Skin,Pre_P24,T_cell,T cell,Sade-Feldman2018_Skin::Pre_P24
Sade-Feldman2018_Skin,Skin,Pre_P24,B_cell,B cell,Sade-Feldman2018_Skin::Pre_P24
Sade-Feldman2018_Skin,Skin,Pre_P24,Myeloid,Myeloid,Sade-Feldman2018_Skin::Pre_P24
Sade-Feldman2018_Skin,Skin,Pre_P24,Dendritic,Dendritic,Sade-Feldman2018_Skin::Pre_P24
Sade-Feldman2018_Skin,Skin,Pre_P25,T_cell,T cell,Sade-Feldman2018_Skin::Pre_P25
Sade-Feldman2018_Skin,Skin,Pre_P26,T_cell,T cell,Sade-Feldman2018_Skin::Pre_P26
Sade-Feldman2018_Skin,Skin,Pre_P26,B_cell,B cell,Sade-Feldman2018_Skin::Pre_P26
Sade-Feldman2018_Skin,Skin,Pre_P26,Myeloid,Myeloid,Sade-Feldman2018_Skin::Pre_P26
Sade-Feldman2018_Skin,Skin,Pre_P26,Dendritic,Dendritic,Sade-Feldman2018_Skin::Pre_P26
Sade-Feldman2018_Skin,Skin,Pre_P26,Plasma,Plasma,Sade-Feldman2018_Skin::Pre_P26
Sade-Feldman2018_Skin,Skin,Pre_P27,T_cell,T cell,Sade-Feldman2018_Skin::Pre_P27
Sade-Feldman2018_Skin,Skin,Pre_P27,Myeloid,Myeloid,Sade-Feldman2018_Skin::Pre_P27
Sade-Feldman2018_Skin,Skin,Pre_P27,Dendritic,Dendritic,Sade-Feldman2018_Skin::Pre_P27
Sade-Feldman2018_Skin,Skin,Pre_P28,T_cell,T cell,Sade-Feldman2018_Skin::Pre_P28
Sade-Feldman2018_Skin,Skin,Pre_P28,Myeloid,Myeloid,Sade-Feldman2018_Skin::Pre_P28
Sade-Feldman2018_Skin,Skin,Pre_P28,Dendritic,Dendritic,Sade-Feldman2018_Skin::Pre_P28
Sade-Feldman2018_Skin,Skin,Pre_P28,B_cell,B cell,Sade-Feldman2018_Skin::Pre_P28
Sade-Feldman2018_Skin,Skin,Post_P28,Myeloid,Myeloid,Sade-Feldman2018_Skin::Post_P28
Sade-Feldman2018_Skin,Skin,Post_P28,T_cell,T cell,Sade-Feldman2018_Skin::Post_P28
Sade-Feldman2018_Skin,Skin,Post_P28_2,T_cell,T cell,Sade-Feldman2018_Skin::Post_P28_2
Sade-Feldman2018_Skin,Skin,Post_P28_2,Myeloid,Myeloid,Sade-Feldman2018_Skin::Post_P28_2
Sade-Feldman2018_Skin,Skin,Post_P28_2,Dendritic,Dendritic,Sade-Feldman2018_Skin::Post_P28_2
Sade-Feldman2018_Skin,Skin,Pre_P29,T_cell,T cell,Sade-Feldman2018_Skin::Pre_P29
Sade-Feldman2018_Skin,Skin,Pre_P29,Myeloid,Myeloid,Sade-Feldman2018_Skin::Pre_P29
Sade-Feldman2018_Skin,Skin,Pre_P29,B_cell,B cell,Sade-Feldman2018_Skin::Pre_P29
Sade-Feldman2018_Skin,Skin,Pre_P29,Plasma,Plasma,Sade-Feldman2018_Skin::Pre_P29
Sade-Feldman2018_Skin,Skin,Post_P30,T_cell,T cell,Sade-Feldman2018_Skin::Post_P30
Sade-Feldman2018_Skin,Skin,Post_P30,Myeloid,Myeloid,Sade-Feldman2018_Skin::Post_P30
Sade-Feldman2018_Skin,Skin,Post_P30,Dendritic,Dendritic,Sade-Feldman2018_Skin::Post_P30
Sade-Feldman2018_Skin,Skin,Post_P30,B_cell,B cell,Sade-Feldman2018_Skin::Post_P30
Sade-Feldman2018_Skin,Skin,Post_P30,Plasma,Plasma,Sade-Feldman2018_Skin::Post_P30
Sade-Feldman2018_Skin,Skin,Pre_P31,T_cell,T cell,Sade-Feldman2018_Skin::Pre_P31
Sade-Feldman2018_Skin,Skin,Pre_P31,Dendritic,Dendritic,Sade-Feldman2018_Skin::Pre_P31
Sade-Feldman2018_Skin,Skin,Pre_P31,Plasma,Plasma,Sade-Feldman2018_Skin::Pre_P31
Sade-Feldman2018_Skin,Skin,Pre_P31,Myeloid,Myeloid,Sade-Feldman2018_Skin::Pre_P31
Sade-Feldman2018_Skin,Skin,Pre_P31,B_cell,B cell,Sade-Feldman2018_Skin::Pre_P31
Sade-Feldman2018_Skin,Skin,Pre_P33,T_cell,T cell,Sade-Feldman2018_Skin::Pre_P33
Sade-Feldman2018_Skin,Skin,Pre_P33,B_cell,B cell,Sade-Feldman2018_Skin::Pre_P33
Sade-Feldman2018_Skin,Skin,Pre_P33,Plasma,Plasma,Sade-Feldman2018_Skin::Pre_P33
Sade-Feldman2018_Skin,Skin,Pre_P35,T_cell,T cell,Sade-Feldman2018_Skin::Pre_P35
Sade-Feldman2018_Skin,Skin,Pre_P35,B_cell,B cell,Sade-Feldman2018_Skin::Pre_P35
Sade-Feldman2018_Skin,Skin,Pre_P35,Plasma,Plasma,Sade-Feldman2018_Skin::Pre_P35
Tirosh2016_Skin,Skin,72,B_cell,B cell,Tirosh2016_Skin::72
Tirosh2016_Skin,Skin,58,T_cell,T cell,Tirosh2016_Skin::58
Tirosh2016_Skin,Skin,71,Malignant,Malignant,Tirosh2016_Skin::71
Tirosh2016_Skin,Skin,81,Malignant,Malignant,Tirosh2016_Skin::81
Tirosh2016_Skin,Skin,80,Malignant,Malignant,Tirosh2016_Skin::80
Tirosh2016_Skin,Skin,72,T_cell,T cell,Tirosh2016_Skin::72
Tirosh2016_Skin,Skin,74,T_cell,T cell,Tirosh2016_Skin::74
Tirosh2016_Skin,Skin,71,T_cell,T cell,Tirosh2016_Skin::71
Tirosh2016_Skin,Skin,81,T_cell,T cell,Tirosh2016_Skin::81
Tirosh2016_Skin,Skin,80,Fibroblast,Fibroblast,Tirosh2016_Skin::80
Tirosh2016_Skin,Skin,74,B_cell,B cell,Tirosh2016_Skin::74
Tirosh2016_Skin,Skin,74,Macrophage,Macrophage,Tirosh2016_Skin::74
Tirosh2016_Skin,Skin,81,B_cell,B cell,Tirosh2016_Skin::81
Tirosh2016_Skin,Skin,80,Endothelial,Endothelial,Tirosh2016_Skin::80
Tirosh2016_Skin,Skin,58,NK_cell,NK cell,Tirosh2016_Skin::58
Tirosh2016_Skin,Skin,71,Macrophage,Macrophage,Tirosh2016_Skin::71
Tirosh2016_Skin,Skin,81,Endothelial,Endothelial,Tirosh2016_Skin::81
Tirosh2016_Skin,Skin,80,T_cell,T cell,Tirosh2016_Skin::80
Tirosh2016_Skin,Skin,80,B_cell,B cell,Tirosh2016_Skin::80
Tirosh2016_Skin,Skin,80,NK_cell,NK cell,Tirosh2016_Skin::80
Tirosh2016_Skin,Skin,79,B_cell,B cell,Tirosh2016_Skin::79
Tirosh2016_Skin,Skin,79,T_cell,T cell,Tirosh2016_Skin::79
Tirosh2016_Skin,Skin,79,Malignant,Malignant,Tirosh2016_Skin::79
Tirosh2016_Skin,Skin,79,Endothelial,Endothelial,Tirosh2016_Skin::79
Tirosh2016_Skin,Skin,82,Malignant,Malignant,Tirosh2016_Skin::82
Tirosh2016_Skin,Skin,82,Macrophage,Macrophage,Tirosh2016_Skin::82
Tirosh2016_Skin,Skin,82,T_cell,T cell,Tirosh2016_Skin::82
Tirosh2016_Skin,Skin,82,Fibroblast,Fibroblast,Tirosh2016_Skin::82
Tirosh2016_Skin,Skin,82,B_cell,B cell,Tirosh2016_Skin::82
Tirosh2016_Skin,Skin,82,NK_cell,NK cell,Tirosh2016_Skin::82
Tirosh2016_Skin,Skin,53,Malignant,Malignant,Tirosh2016_Skin::53
Tirosh2016_Skin,Skin,53,T_cell,T cell,Tirosh2016_Skin::53
Tirosh2016_Skin,Skin,53,NK_cell,NK cell,Tirosh2016_Skin::53
Tirosh2016_Skin,Skin,53,Endothelial,Endothelial,Tirosh2016_Skin::53
Tirosh2016_Skin,Skin,53,Macrophage,Macrophage,Tirosh2016_Skin::53
Tirosh2016_Skin,Skin,53,Fibroblast,Fibroblast,Tirosh2016_Skin::53
Tirosh2016_Skin,Skin,58,Macrophage,Macrophage,Tirosh2016_Skin::58
Tirosh2016_Skin,Skin,72,NK_cell,NK cell,Tirosh2016_Skin::72
Tirosh2016_Skin,Skin,58,B_cell,B cell,Tirosh2016_Skin::58
Tirosh2016_Skin,Skin,74,NK_cell,NK cell,Tirosh2016_Skin::74
Tirosh2016_Skin,Skin,79,Fibroblast,Fibroblast,Tirosh2016_Skin::79
Tirosh2016_Skin,Skin,79,NK_cell,NK cell,Tirosh2016_Skin::79
Tirosh2016_Skin,Skin,59,Malignant,Malignant,Tirosh2016_Skin::59
Tirosh2016_Skin,Skin,59,Fibroblast,Fibroblast,Tirosh2016_Skin::59
Tirosh2016_Skin,Skin,59,Macrophage,Macrophage,Tirosh2016_Skin::59
Tirosh2016_Skin,Skin,67,B_cell,B cell,Tirosh2016_Skin::67
Tirosh2016_Skin,Skin,67,T_cell,T cell,Tirosh2016_Skin::67
Tirosh2016_Skin,Skin,67,NK_cell,NK cell,Tirosh2016_Skin::67
Tirosh2016_Skin,Skin,65,Malignant,Malignant,Tirosh2016_Skin::65
Tirosh2016_Skin,Skin,65,Macrophage,Macrophage,Tirosh2016_Skin::65
Tirosh2016_Skin,Skin,65,B_cell,B cell,Tirosh2016_Skin::65
Tirosh2016_Skin,Skin,65,T_cell,T cell,Tirosh2016_Skin::65
Tirosh2016_Skin,Skin,78,Malignant,Malignant,Tirosh2016_Skin::78
Tirosh2016_Skin,Skin,84,B_cell,B cell,Tirosh2016_Skin::84
Tirosh2016_Skin,Skin,84,T_cell,T cell,Tirosh2016_Skin::84
Tirosh2016_Skin,Skin,84,Fibroblast,Fibroblast,Tirosh2016_Skin::84
Tirosh2016_Skin,Skin,84,Malignant,Malignant,Tirosh2016_Skin::84
Tirosh2016_Skin,Skin,78,T_cell,T cell,Tirosh2016_Skin::78
Tirosh2016_Skin,Skin,84,Macrophage,Macrophage,Tirosh2016_Skin::84
Tirosh2016_Skin,Skin,78,Fibroblast,Fibroblast,Tirosh2016_Skin::78
Tirosh2016_Skin,Skin,84,Endothelial,Endothelial,Tirosh2016_Skin::84
Tirosh2016_Skin,Skin,78,B_cell,B cell,Tirosh2016_Skin::78
Tirosh2016_Skin,Skin,84,NK_cell,NK cell,Tirosh2016_Skin::84
Tirosh2016_Skin,Skin,60,NK_cell,NK cell,Tirosh2016_Skin::60
Tirosh2016_Skin,Skin,60,T_cell,T cell,Tirosh2016_Skin::60
Tirosh2016_Skin,Skin,88,T_cell,T cell,Tirosh2016_Skin::88
Tirosh2016_Skin,Skin,60,B_cell,B cell,Tirosh2016_Skin::60
Tirosh2016_Skin,Skin,88,Macrophage,Macrophage,Tirosh2016_Skin::88
Tirosh2016_Skin,Skin,60,Malignant,Malignant,Tirosh2016_Skin::60
Tirosh2016_Skin,Skin,60,Macrophage,Macrophage,Tirosh2016_Skin::60
Tirosh2016_Skin,Skin,88,NK_cell,NK cell,Tirosh2016_Skin::88
Tirosh2016_Skin,Skin,88,Malignant,Malignant,Tirosh2016_Skin::88
Tirosh2016_Skin,Skin,89,B_cell,B cell,Tirosh2016_Skin::89
Tirosh2016_Skin,Skin,89,Macrophage,Macrophage,Tirosh2016_Skin::89
Tirosh2016_Skin,Skin,89,T_cell,T cell,Tirosh2016_Skin::89
Tirosh2016_Skin,Skin,89,Malignant,Malignant,Tirosh2016_Skin::89
Tirosh2016_Skin,Skin,89,Endothelial,Endothelial,Tirosh2016_Skin::89
Tirosh2016_Skin,Skin,75,T_cell,T cell,Tirosh2016_Skin::75
Tirosh2016_Skin,Skin,75,Macrophage,Macrophage,Tirosh2016_Skin::75
Tirosh2016_Skin,Skin,89,NK_cell,NK cell,Tirosh2016_Skin::89
Tirosh2016_Skin,Skin,75,Malignant,Malignant,Tirosh2016_Skin::75
Tirosh2016_Skin,Skin,94,T_cell,T cell,Tirosh2016_Skin::94
Tirosh2016_Skin,Skin,94,B_cell,B cell,Tirosh2016_Skin::94
Tirosh2016_Skin,Skin,94,Fibroblast,Fibroblast,Tirosh2016_Skin::94
Tirosh2016_Skin,Skin,94,Malignant,Malignant,Tirosh2016_Skin::94
Tirosh2016_Skin,Skin,94,Endothelial,Endothelial,Tirosh2016_Skin::94
Tirosh2016_Skin,Skin,94,Macrophage,Macrophage,Tirosh2016_Skin::94
Tirosh2016_Skin,Skin,88,B_cell,B cell,Tirosh2016_Skin::88
Tirosh2016_Skin,Skin,88,Fibroblast,Fibroblast,Tirosh2016_Skin::88
Tirosh2016_Skin,Skin,94,NK_cell,NK cell,Tirosh2016_Skin::94
Yost2019_Skin,Skin,su001_post,T_cell,T cell,Yost2019_Skin::su001_post
Yost2019_Skin,Skin,su001_post,NK_cell,NK cell,Yost2019_Skin::su001_post
Yost2019_Skin,Skin,su001_post,B_cell,B cell,Yost2019_Skin::su001_post
Yost2019_Skin,Skin,su001_post,Macrophage,Macrophage,Yost2019_Skin::su001_post
Yost2019_Skin,Skin,su001_post,Dendritic,Dendritic,Yost2019_Skin::su001_post
Yost2019_Skin,Skin,su001_post,Plasma,Plasma,Yost2019_Skin::su001_post
Yost2019_Skin,Skin,su001_post,Fibroblast,Fibroblast,Yost2019_Skin::su001_post
Yost2019_Skin,Skin,su001_post,Endothelial,Endothelial,Yost2019_Skin::su001_post
Yost2019_Skin,Skin,su001_post,Melanocyte,Melanocyte,Yost2019_Skin::su001_post
Yost2019_Skin,Skin,su001_pre,Malignant,Malignant,Yost2019_Skin::su001_pre
Yost2019_Skin,Skin,su001_pre,T_cell,T cell,Yost2019_Skin::su001_pre
Yost2019_Skin,Skin,su001_pre,Macrophage,Macrophage,Yost2019_Skin::su001_pre
Yost2019_Skin,Skin,su001_pre,NK_cell,NK cell,Yost2019_Skin::su001_pre
Yost2019_Skin,Skin,su001_pre,Endothelial,Endothelial,Yost2019_Skin::su001_pre
Yost2019_Skin,Skin,su001_pre,Fibroblast,Fibroblast,Yost2019_Skin::su001_pre
Yost2019_Skin,Skin,su001_pre,Dendritic,Dendritic,Yost2019_Skin::su001_pre
Yost2019_Skin,Skin,su001_pre,Plasma,Plasma,Yost2019_Skin::su001_pre
Yost2019_Skin,Skin,su001_pre,Melanocyte,Melanocyte,Yost2019_Skin::su001_pre
Yost2019_Skin,Skin,su001_pre,B_cell,B cell,Yost2019_Skin::su001_pre
Yost2019_Skin,Skin,su002_post,T_cell,T cell,Yost2019_Skin::su002_post
Yost2019_Skin,Skin,su002_post,Plasma,Plasma,Yost2019_Skin::su002_post
Yost2019_Skin,Skin,su002_post,Fibroblast,Fibroblast,Yost2019_Skin::su002_post
Yost2019_Skin,Skin,su002_post,NK_cell,NK cell,Yost2019_Skin::su002_post
Yost2019_Skin,Skin,su002_post,Macrophage,Macrophage,Yost2019_Skin::su002_post
Yost2019_Skin,Skin,su002_post,B_cell,B cell,Yost2019_Skin::su002_post
Yost2019_Skin,Skin,su002_post,Endothelial,Endothelial,Yost2019_Skin::su002_post
Yost2019_Skin,Skin,su002_pre,Macrophage,Macrophage,Yost2019_Skin::su002_pre
Yost2019_Skin,Skin,su002_pre,T_cell,T cell,Yost2019_Skin::su002_pre
Yost2019_Skin,Skin,su002_pre,NK_cell,NK cell,Yost2019_Skin::su002_pre
Yost2019_Skin,Skin,su002_pre,Malignant,Malignant,Yost2019_Skin::su002_pre
Yost2019_Skin,Skin,su002_pre,Fibroblast,Fibroblast,Yost2019_Skin::su002_pre
Yost2019_Skin,Skin,su002_pre,Plasma,Plasma,Yost2019_Skin::su002_pre
Yost2019_Skin,Skin,su002_pre,Melanocyte,Melanocyte,Yost2019_Skin::su002_pre
Yost2019_Skin,Skin,su002_pre,Dendritic,Dendritic,Yost2019_Skin::su002_pre
Yost2019_Skin,Skin,su002_pre,Endothelial,Endothelial,Yost2019_Skin::su002_pre
Yost2019_Skin,Skin,su003_post,Malignant,Malignant,Yost2019_Skin::su003_post
Yost2019_Skin,Skin,su003_post,Macrophage,Macrophage,Yost2019_Skin::su003_post
Yost2019_Skin,Skin,su003_post,Dendritic,Dendritic,Yost2019_Skin::su003_post
Yost2019_Skin,Skin,su003_post,Fibroblast,Fibroblast,Yost2019_Skin::su003_post
Yost2019_Skin,Skin,su003_post,NK_cell,NK cell,Yost2019_Skin::su003_post
Yost2019_Skin,Skin,su003_post,Endothelial,Endothelial,Yost2019_Skin::su003_post
Yost2019_Skin,Skin,su003_post,T_cell,T cell,Yost2019_Skin::su003_post
Yost2019_Skin,Skin,su003_post,B_cell,B cell,Yost2019_Skin::su003_post
Yost2019_Skin,Skin,su003_post,Melanocyte,Melanocyte,Yost2019_Skin::su003_post
Yost2019_Skin,Skin,su003_post,Plasma,Plasma,Yost2019_Skin::su003_post
Yost2019_Skin,Skin,su003_pre,T_cell,T cell,Yost2019_Skin::su003_pre
Yost2019_Skin,Skin,su003_pre,Fibroblast,Fibroblast,Yost2019_Skin::su003_pre
Yost2019_Skin,Skin,su003_pre,Melanocyte,Melanocyte,Yost2019_Skin::su003_pre
Yost2019_Skin,Skin,su003_pre,Macrophage,Macrophage,Yost2019_Skin::su003_pre
Yost2019_Skin,Skin,su003_pre,NK_cell,NK cell,Yost2019_Skin::su003_pre
Yost2019_Skin,Skin,su003_pre,Endothelial,Endothelial,Yost2019_Skin::su003_pre
Yost2019_Skin,Skin,su003_pre,Malignant,Malignant,Yost2019_Skin::su003_pre
Yost2019_Skin,Skin,su003_pre,Dendritic,Dendritic,Yost2019_Skin::su003_pre
Yost2019_Skin,Skin,su004_post,T_cell,T cell,Yost2019_Skin::su004_post
Yost2019_Skin,Skin,su004_post,Macrophage,Macrophage,Yost2019_Skin::su004_post
Yost2019_Skin,Skin,su004_post,Fibroblast,Fibroblast,Yost2019_Skin::su004_post
Yost2019_Skin,Skin,su004_post,Dendritic,Dendritic,Yost2019_Skin::su004_post
Yost2019_Skin,Skin,su004_post,NK_cell,NK cell,Yost2019_Skin::su004_post
Yost2019_Skin,Skin,su004_post,Malignant,Malignant,Yost2019_Skin::su004_post
Yost2019_Skin,Skin,su004_post,B_cell,B cell,Yost2019_Skin::su004_post
Yost2019_Skin,Skin,su004_post,Melanocyte,Melanocyte,Yost2019_Skin::su004_post
Yost2019_Skin,Skin,su004_post,Endothelial,Endothelial,Yost2019_Skin::su004_post
Yost2019_Skin,Skin,su004_pre,T_cell,T cell,Yost2019_Skin::su004_pre
Yost2019_Skin,Skin,su004_pre,NK_cell,NK cell,Yost2019_Skin::su004_pre
Yost2019_Skin,Skin,su004_pre,Macrophage,Macrophage,Yost2019_Skin::su004_pre
Yost2019_Skin,Skin,su004_pre,Fibroblast,Fibroblast,Yost2019_Skin::su004_pre
Yost2019_Skin,Skin,su004_pre,Endothelial,Endothelial,Yost2019_Skin::su004_pre
Yost2019_Skin,Skin,su004_pre,Malignant,Malignant,Yost2019_Skin::su004_pre
Yost2019_Skin,Skin,su004_pre,B_cell,B cell,Yost2019_Skin::su004_pre
Yost2019_Skin,Skin,su004_pre,Melanocyte,Melanocyte,Yost2019_Skin::su004_pre
Yost2019_Skin,Skin,su004_pre,Dendritic,Dendritic,Yost2019_Skin::su004_pre
Yost2019_Skin,Skin,su004_pre,Plasma,Plasma,Yost2019_Skin::su004_pre
Yost2019_Skin,Skin,su005_post,T_cell,T cell,Yost2019_Skin::su005_post
Yost2019_Skin,Skin,su005_post,Dendritic,Dendritic,Yost2019_Skin::su005_post
Yost2019_Skin,Skin,su005_post,B_cell,B cell,Yost2019_Skin::su005_post
Yost2019_Skin,Skin,su005_post,Macrophage,Macrophage,Yost2019_Skin::su005_post
Yost2019_Skin,Skin,su005_post,Plasma,Plasma,Yost2019_Skin::su005_post
Yost2019_Skin,Skin,su005_post,NK_cell,NK cell,Yost2019_Skin::su005_post
Yost2019_Skin,Skin,su005_post,Melanocyte,Melanocyte,Yost2019_Skin::su005_post
Yost2019_Skin,Skin,su005_post,Fibroblast,Fibroblast,Yost2019_Skin::su005_post
Yost2019_Skin,Skin,su005_post,Endothelial,Endothelial,Yost2019_Skin::su005_post
Yost2019_Skin,Skin,su005_post,Malignant,Malignant,Yost2019_Skin::su005_post
Yost2019_Skin,Skin,su005_pre,Macrophage,Macrophage,Yost2019_Skin::su005_pre
Yost2019_Skin,Skin,su005_pre,Dendritic,Dendritic,Yost2019_Skin::su005_pre
Yost2019_Skin,Skin,su005_pre,T_cell,T cell,Yost2019_Skin::su005_pre
Yost2019_Skin,Skin,su005_pre,NK_cell,NK cell,Yost2019_Skin::su005_pre
Yost2019_Skin,Skin,su005_pre,Plasma,Plasma,Yost2019_Skin::su005_pre
Yost2019_Skin,Skin,su005_pre,B_cell,B cell,Yost2019_Skin::su005_pre
Yost2019_Skin,Skin,su005_pre,Melanocyte,Melanocyte,Yost2019_Skin::su005_pre
Yost2019_Skin,Skin,su005_pre,Fibroblast,Fibroblast,Yost2019_Skin::su005_pre
Yost2019_Skin,Skin,su005_pre,Endothelial,Endothelial,Yost2019_Skin::su005_pre
Yost2019_Skin,Skin,su005_pre,Malignant,Malignant,Yost2019_Skin::su005_pre
Yost2019_Skin,Skin,su006_post,Macrophage,Macrophage,Yost2019_Skin::su006_post
Yost2019_Skin,Skin,su006_post,Plasma,Plasma,Yost2019_Skin::su006_post
Yost2019_Skin,Skin,su006_post,Melanocyte,Melanocyte,Yost2019_Skin::su006_post
Yost2019_Skin,Skin,su006_post,Dendritic,Dendritic,Yost2019_Skin::su006_post
Yost2019_Skin,Skin,su006_post,T_cell,T cell,Yost2019_Skin::su006_post
Yost2019_Skin,Skin,su006_post,NK_cell,NK cell,Yost2019_Skin::su006_post
Yost2019_Skin,Skin,su006_post,B_cell,B cell,Yost2019_Skin::su006_post
Yost2019_Skin,Skin,su006_post,Fibroblast,Fibroblast,Yost2019_Skin::su006_post
Yost2019_Skin,Skin,su006_post,Malignant,Malignant,Yost2019_Skin::su006_post
Yost2019_Skin,Skin,su006_post,Endothelial,Endothelial,Yost2019_Skin::su006_post
Yost2019_Skin,Skin,su006_pre,Plasma,Plasma,Yost2019_Skin::su006_pre
Yost2019_Skin,Skin,su006_pre,Macrophage,Macrophage,Yost2019_Skin::su006_pre
Yost2019_Skin,Skin,su006_pre,B_cell,B cell,Yost2019_Skin::su006_pre
Yost2019_Skin,Skin,su006_pre,Dendritic,Dendritic,Yost2019_Skin::su006_pre
Yost2019_Skin,Skin,su006_pre,Fibroblast,Fibroblast,Yost2019_Skin::su006_pre
Yost2019_Skin,Skin,su006_pre,T_cell,T cell,Yost2019_Skin::su006_pre
Yost2019_Skin,Skin,su006_pre,Melanocyte,Melanocyte,Yost2019_Skin::su006_pre
Yost2019_Skin,Skin,su006_pre,Malignant,Malignant,Yost2019_Skin::su006_pre
Yost2019_Skin,Skin,su006_pre,NK_cell,NK cell,Yost2019_Skin::su006_pre
Yost2019_Skin,Skin,su006_pre,Endothelial,Endothelial,Yost2019_Skin::su006_pre
Yost2019_Skin,Skin,su007_post,Dendritic,Dendritic,Yost2019_Skin::su007_post
Yost2019_Skin,Skin,su007_post,T_cell,T cell,Yost2019_Skin::su007_post
Yost2019_Skin,Skin,su007_post,B_cell,B cell,Yost2019_Skin::su007_post
Yost2019_Skin,Skin,su007_post,Fibroblast,Fibroblast,Yost2019_Skin::su007_post
Yost2019_Skin,Skin,su007_post,Malignant,Malignant,Yost2019_Skin::su007_post
Yost2019_Skin,Skin,su007_post,Plasma,Plasma,Yost2019_Skin::su007_post
Yost2019_Skin,Skin,su007_post,NK_cell,NK cell,Yost2019_Skin::su007_post
Yost2019_Skin,Skin,su007_post,Macrophage,Macrophage,Yost2019_Skin::su007_post
Yost2019_Skin,Skin,su007_post,Melanocyte,Melanocyte,Yost2019_Skin::su007_post
Yost2019_Skin,Skin,su007_pre,T_cell,T cell,Yost2019_Skin::su007_pre
Yost2019_Skin,Skin,su007_pre,Macrophage,Macrophage,Yost2019_Skin::su007_pre
Yost2019_Skin,Skin,su007_pre,Malignant,Malignant,Yost2019_Skin::su007_pre
Yost2019_Skin,Skin,su007_pre,Plasma,Plasma,Yost2019_Skin::su007_pre
Yost2019_Skin,Skin,su007_pre,Fibroblast,Fibroblast,Yost2019_Skin::su007_pre
Yost2019_Skin,Skin,su007_pre,Melanocyte,Melanocyte,Yost2019_Skin::su007_pre
Yost2019_Skin,Skin,su007_pre,Endothelial,Endothelial,Yost2019_Skin::su007_pre
Yost2019_Skin,Skin,su007_pre,NK_cell,NK cell,Yost2019_Skin::su007_pre
Yost2019_Skin,Skin,su007_pre,B_cell,B cell,Yost2019_Skin::su007_pre
Yost2019_Skin,Skin,su007_pre,Dendritic,Dendritic,Yost2019_Skin::su007_pre
Yost2019_Skin,Skin,su008_post,T_cell,T cell,Yost2019_Skin::su008_post
Yost2019_Skin,Skin,su008_post,Macrophage,Macrophage,Yost2019_Skin::su008_post
Yost2019_Skin,Skin,su008_post,NK_cell,NK cell,Yost2019_Skin::su008_post
Yost2019_Skin,Skin,su008_post,Plasma,Plasma,Yost2019_Skin::su008_post
Yost2019_Skin,Skin,su008_post,Dendritic,Dendritic,Yost2019_Skin::su008_post
Yost2019_Skin,Skin,su008_post,B_cell,B cell,Yost2019_Skin::su008_post
Yost2019_Skin,Skin,su008_post,Fibroblast,Fibroblast,Yost2019_Skin::su008_post
Yost2019_Skin,Skin,su008_post,Endothelial,Endothelial,Yost2019_Skin::su008_post
Yost2019_Skin,Skin,su008_post,Malignant,Malignant,Yost2019_Skin::su008_post
Yost2019_Skin,Skin,su008_pre,Dendritic,Dendritic,Yost2019_Skin::su008_pre
Yost2019_Skin,Skin,su008_pre,B_cell,B cell,Yost2019_Skin::su008_pre
Yost2019_Skin,Skin,su008_pre,Macrophage,Macrophage,Yost2019_Skin::su008_pre
Yost2019_Skin,Skin,su008_pre,Malignant,Malignant,Yost2019_Skin::su008_pre
Yost2019_Skin,Skin,su008_pre,Plasma,Plasma,Yost2019_Skin::su008_pre
Yost2019_Skin,Skin,su008_pre,NK_cell,NK cell,Yost2019_Skin::su008_pre
Yost2019_Skin,Skin,su008_pre,T_cell,T cell,Yost2019_Skin::su008_pre
Yost2019_Skin,Skin,su008_pre,Fibroblast,Fibroblast,Yost2019_Skin::su008_pre
Yost2019_Skin,Skin,su008_pre,Melanocyte,Melanocyte,Yost2019_Skin::su008_pre
Yost2019_Skin,Skin,su008_pre,Endothelial,Endothelial,Yost2019_Skin::su008_pre
Yost2019_Skin,Skin,su009_post,T_cell,T cell,Yost2019_Skin::su009_post
Yost2019_Skin,Skin,su009_post,Macrophage,Macrophage,Yost2019_Skin::su009_post
Yost2019_Skin,Skin,su009_post,NK_cell,NK cell,Yost2019_Skin::su009_post
Yost2019_Skin,Skin,su009_post,Endothelial,Endothelial,Yost2019_Skin::su009_post
Yost2019_Skin,Skin,su009_pre,T_cell,T cell,Yost2019_Skin::su009_pre
Yost2019_Skin,Skin,su009_pre,NK_cell,NK cell,Yost2019_Skin::su009_pre
Yost2019_Skin,Skin,su010_post,T_cell,T cell,Yost2019_Skin::su010_post
Yost2019_Skin,Skin,su010_post,Malignant,Malignant,Yost2019_Skin::su010_post
Yost2019_Skin,Skin,su010_post,Fibroblast,Fibroblast,Yost2019_Skin::su010_post
Yost2019_Skin,Skin,su010_post,Plasma,Plasma,Yost2019_Skin::su010_post
Yost2019_Skin,Skin,su010_pre,T_cell,T cell,Yost2019_Skin::su010_pre
Yost2019_Skin,Skin,su010_pre,Plasma,Plasma,Yost2019_Skin::su010_pre
Yost2019_Skin,Skin,su010_pre,Malignant,Malignant,Yost2019_Skin::su010_pre
Yost2019_Skin,Skin,su012_post,T_cell,T cell,Yost2019_Skin::su012_post
Yost2019_Skin,Skin,su012_post,Macrophage,Macrophage,Yost2019_Skin::su012_post
Yost2019_Skin,Skin,su012_post,Plasma,Plasma,Yost2019_Skin::su012_post
Yost2019_Skin,Skin,su012_pre,T_cell,T cell,Yost2019_Skin::su012_pre
Yost2019_Skin,Skin,su012_pre,Plasma,Plasma,Yost2019_Skin::su012_pre
Yost2019_Skin,Skin,su012_pre,Fibroblast,Fibroblast,Yost2019_Skin::su012_pre
Yost2019_Skin,Skin,su012_pre,Macrophage,Macrophage,Yost2019_Skin::su012_pre
